[main] INFO org.apache.kafka.clients.producer.ProducerConfig - ProducerConfig values: 
	acks = -1
	batch.size = 16384
	bootstrap.servers = [broker1:9092, broker2:9092]
	buffer.memory = 33554432
	client.dns.lookup = use_all_dns_ips
	client.id = producer-1
	compression.type = none
	connections.max.idle.ms = 540000
	delivery.timeout.ms = 120000
	enable.idempotence = false
	interceptor.classes = []
	internal.auto.downgrade.txn.commit = false
	key.serializer = class org.apache.kafka.common.serialization.StringSerializer
	linger.ms = 0
	max.block.ms = 60000
	max.in.flight.requests.per.connection = 5
	max.request.size = 1048576
	metadata.max.age.ms = 300000
	metadata.max.idle.ms = 300000
	metric.reporters = []
	metrics.num.samples = 2
	metrics.recording.level = INFO
	metrics.sample.window.ms = 30000
	partitioner.class = class org.apache.kafka.clients.producer.internals.DefaultPartitioner
	receive.buffer.bytes = 32768
	reconnect.backoff.max.ms = 1000
	reconnect.backoff.ms = 50
	request.timeout.ms = 30000
	retries = 2147483647
	retry.backoff.ms = 100
	sasl.client.callback.handler.class = null
	sasl.jaas.config = null
	sasl.kerberos.kinit.cmd = /usr/bin/kinit
	sasl.kerberos.min.time.before.relogin = 60000
	sasl.kerberos.service.name = null
	sasl.kerberos.ticket.renew.jitter = 0.05
	sasl.kerberos.ticket.renew.window.factor = 0.8
	sasl.login.callback.handler.class = null
	sasl.login.class = null
	sasl.login.refresh.buffer.seconds = 300
	sasl.login.refresh.min.period.seconds = 60
	sasl.login.refresh.window.factor = 0.8
	sasl.login.refresh.window.jitter = 0.05
	sasl.mechanism = GSSAPI
	security.protocol = PLAINTEXT
	security.providers = null
	send.buffer.bytes = 131072
	socket.connection.setup.timeout.max.ms = 30000
	socket.connection.setup.timeout.ms = 10000
	ssl.cipher.suites = null
	ssl.enabled.protocols = [TLSv1.2, TLSv1.3]
	ssl.endpoint.identification.algorithm = https
	ssl.engine.factory.class = null
	ssl.key.password = null
	ssl.keymanager.algorithm = SunX509
	ssl.keystore.certificate.chain = null
	ssl.keystore.key = null
	ssl.keystore.location = null
	ssl.keystore.password = null
	ssl.keystore.type = JKS
	ssl.protocol = TLSv1.3
	ssl.provider = null
	ssl.secure.random.implementation = null
	ssl.trustmanager.algorithm = PKIX
	ssl.truststore.certificates = null
	ssl.truststore.location = null
	ssl.truststore.password = null
	ssl.truststore.type = JKS
	transaction.timeout.ms = 60000
	transactional.id = null
	value.serializer = class org.apache.kafka.common.serialization.StringSerializer

[main] WARN org.apache.kafka.clients.ClientUtils - Couldn't resolve server broker2:9092 from bootstrap.servers as DNS resolution failed for broker2
[main] INFO org.apache.kafka.common.utils.AppInfoParser - Kafka version: 2.8.1
[main] INFO org.apache.kafka.common.utils.AppInfoParser - Kafka commitId: 839b886f9b732b15
[main] INFO org.apache.kafka.common.utils.AppInfoParser - Kafka startTimeMs: 1779044868664
[main] INFO is.project3.PurchaseEventProducer - Starting Purchase Event Producer
[kafka-producer-network-thread | producer-1] INFO org.apache.kafka.clients.Metadata - [Producer clientId=producer-1] Cluster ID: MkU3OEVBNTcwNTJENDM2Qk
[kafka-producer-network-thread | producer-1] INFO is.project3.PurchaseEventProducer - Sent purchase event: PurchaseEvent{book_id=1, supplier_id=3, cost=406.9995701918514, quantity=11, timestamp=1779044868671}
[kafka-producer-network-thread | producer-1] INFO is.project3.PurchaseEventProducer - Sent purchase event: PurchaseEvent{book_id=5, supplier_id=2, cost=1.7757586135385832, quantity=13, timestamp=1779044869275}
[kafka-producer-network-thread | producer-1] INFO is.project3.PurchaseEventProducer - Sent purchase event: PurchaseEvent{book_id=3, supplier_id=1, cost=43.19381987092058, quantity=5, timestamp=1779044869376}
[kafka-producer-network-thread | producer-1] INFO is.project3.PurchaseEventProducer - Sent purchase event: PurchaseEvent{book_id=4, supplier_id=4, cost=136.48702166131594, quantity=12, timestamp=1779044869476}
[kafka-producer-network-thread | producer-1] INFO is.project3.PurchaseEventProducer - Sent purchase event: PurchaseEvent{book_id=4, supplier_id=5, cost=126.55567941333318, quantity=6, timestamp=1779044869576}
[kafka-producer-network-thread | producer-1] INFO is.project3.PurchaseEventProducer - Sent purchase event: PurchaseEvent{book_id=2, supplier_id=3, cost=16.3055896256644, quantity=12, timestamp=1779044869677}
[kafka-producer-network-thread | producer-1] INFO is.project3.PurchaseEventProducer - Sent purchase event: PurchaseEvent{book_id=1, supplier_id=1, cost=587.1262506465479, quantity=2, timestamp=1779044869777}
[kafka-producer-network-thread | producer-1] INFO is.project3.PurchaseEventProducer - Sent purchase event: PurchaseEvent{book_id=1, supplier_id=2, cost=598.1021164940605, quantity=6, timestamp=1779044869878}
[kafka-producer-network-thread | producer-1] INFO is.project3.PurchaseEventProducer - Sent purchase event: PurchaseEvent{book_id=5, supplier_id=3, cost=2.1607952752920556, quantity=16, timestamp=1779044869979}
[kafka-producer-network-thread | producer-1] INFO is.project3.PurchaseEventProducer - Sent purchase event: PurchaseEvent{book_id=4, supplier_id=3, cost=151.34244862312656, quantity=20, timestamp=1779044870079}
[kafka-producer-network-thread | producer-1] INFO is.project3.PurchaseEventProducer - Sent purchase event: PurchaseEvent{book_id=3, supplier_id=1, cost=32.59925488987639, quantity=6, timestamp=1779044870180}
[kafka-producer-network-thread | producer-1] INFO is.project3.PurchaseEventProducer - Sent purchase event: PurchaseEvent{book_id=5, supplier_id=1, cost=1.7549740230044708, quantity=13, timestamp=1779044870280}
[kafka-producer-network-thread | producer-1] INFO is.project3.PurchaseEventProducer - Sent purchase event: PurchaseEvent{book_id=1, supplier_id=4, cost=503.4507237065374, quantity=13, timestamp=1779044870381}
[kafka-producer-network-thread | producer-1] INFO is.project3.PurchaseEventProducer - Sent purchase event: PurchaseEvent{book_id=2, supplier_id=2, cost=17.33314953599507, quantity=7, timestamp=1779044870482}
[kafka-producer-network-thread | producer-1] INFO is.project3.PurchaseEventProducer - Sent purchase event: PurchaseEvent{book_id=5, supplier_id=2, cost=1.8047611814178512, quantity=12, timestamp=1779044870582}
[kafka-producer-network-thread | producer-1] INFO is.project3.PurchaseEventProducer - Sent purchase event: PurchaseEvent{book_id=4, supplier_id=4, cost=162.34704069400024, quantity=18, timestamp=1779044870683}
[kafka-producer-network-thread | producer-1] INFO is.project3.PurchaseEventProducer - Sent purchase event: PurchaseEvent{book_id=2, supplier_id=1, cost=14.990457061516711, quantity=20, timestamp=1779044870784}
[kafka-producer-network-thread | producer-1] INFO is.project3.PurchaseEventProducer - Sent purchase event: PurchaseEvent{book_id=5, supplier_id=3, cost=2.2646920172547564, quantity=14, timestamp=1779044870884}
[kafka-producer-network-thread | producer-1] INFO is.project3.PurchaseEventProducer - Sent purchase event: PurchaseEvent{book_id=3, supplier_id=4, cost=36.780353240126665, quantity=7, timestamp=1779044870985}
[kafka-producer-network-thread | producer-1] INFO is.project3.PurchaseEventProducer - Sent purchase event: PurchaseEvent{book_id=5, supplier_id=3, cost=2.2844639371302966, quantity=14, timestamp=1779044871086}
[kafka-producer-network-thread | producer-1] INFO is.project3.PurchaseEventProducer - Sent purchase event: PurchaseEvent{book_id=2, supplier_id=4, cost=17.863890731493306, quantity=6, timestamp=1779044871186}
[kafka-producer-network-thread | producer-1] INFO is.project3.PurchaseEventProducer - Sent purchase event: PurchaseEvent{book_id=5, supplier_id=2, cost=1.9610427449307537, quantity=3, timestamp=1779044871287}
[kafka-producer-network-thread | producer-1] INFO is.project3.PurchaseEventProducer - Sent purchase event: PurchaseEvent{book_id=3, supplier_id=2, cost=41.230848826882266, quantity=11, timestamp=1779044871388}
[kafka-producer-network-thread | producer-1] INFO is.project3.PurchaseEventProducer - Sent purchase event: PurchaseEvent{book_id=2, supplier_id=2, cost=14.788595991936251, quantity=3, timestamp=1779044871489}
[kafka-producer-network-thread | producer-1] INFO is.project3.PurchaseEventProducer - Sent purchase event: PurchaseEvent{book_id=4, supplier_id=3, cost=154.37393297906507, quantity=15, timestamp=1779044871590}
[kafka-producer-network-thread | producer-1] INFO is.project3.PurchaseEventProducer - Sent purchase event: PurchaseEvent{book_id=4, supplier_id=1, cost=174.45602188450263, quantity=14, timestamp=1779044871690}
[kafka-producer-network-thread | producer-1] INFO is.project3.PurchaseEventProducer - Sent purchase event: PurchaseEvent{book_id=3, supplier_id=4, cost=34.922204413045385, quantity=9, timestamp=1779044871791}
[kafka-producer-network-thread | producer-1] INFO is.project3.PurchaseEventProducer - Sent purchase event: PurchaseEvent{book_id=5, supplier_id=4, cost=1.6434241375400067, quantity=7, timestamp=1779044871891}
[kafka-producer-network-thread | producer-1] INFO is.project3.PurchaseEventProducer - Sent purchase event: PurchaseEvent{book_id=5, supplier_id=2, cost=1.6723989748171044, quantity=18, timestamp=1779044871992}
[kafka-producer-network-thread | producer-1] INFO is.project3.PurchaseEventProducer - Sent purchase event: PurchaseEvent{book_id=4, supplier_id=1, cost=130.02598654418054, quantity=10, timestamp=1779044872093}
[kafka-producer-network-thread | producer-1] INFO is.project3.PurchaseEventProducer - Sent purchase event: PurchaseEvent{book_id=4, supplier_id=4, cost=129.2452055723182, quantity=16, timestamp=1779044872194}
[kafka-producer-network-thread | producer-1] INFO is.project3.PurchaseEventProducer - Sent purchase event: PurchaseEvent{book_id=5, supplier_id=5, cost=2.0438193581442605, quantity=14, timestamp=1779044872294}
[kafka-producer-network-thread | producer-1] INFO is.project3.PurchaseEventProducer - Sent purchase event: PurchaseEvent{book_id=2, supplier_id=1, cost=13.604567744117656, quantity=4, timestamp=1779044872396}
[kafka-producer-network-thread | producer-1] INFO is.project3.PurchaseEventProducer - Sent purchase event: PurchaseEvent{book_id=4, supplier_id=5, cost=160.84346414002096, quantity=10, timestamp=1779044872496}
[kafka-producer-network-thread | producer-1] INFO is.project3.PurchaseEventProducer - Sent purchase event: PurchaseEvent{book_id=1, supplier_id=2, cost=532.2375188205989, quantity=15, timestamp=1779044872597}
[kafka-producer-network-thread | producer-1] INFO is.project3.PurchaseEventProducer - Sent purchase event: PurchaseEvent{book_id=4, supplier_id=5, cost=151.43266604146407, quantity=10, timestamp=1779044872698}
[kafka-producer-network-thread | producer-1] INFO is.project3.PurchaseEventProducer - Sent purchase event: PurchaseEvent{book_id=1, supplier_id=1, cost=463.31688753752167, quantity=13, timestamp=1779044872798}
[kafka-producer-network-thread | producer-1] INFO is.project3.PurchaseEventProducer - Sent purchase event: PurchaseEvent{book_id=3, supplier_id=1, cost=40.22990723267431, quantity=4, timestamp=1779044872899}
[kafka-producer-network-thread | producer-1] INFO is.project3.PurchaseEventProducer - Sent purchase event: PurchaseEvent{book_id=3, supplier_id=5, cost=40.25665770181882, quantity=11, timestamp=1779044872999}
[kafka-producer-network-thread | producer-1] INFO is.project3.PurchaseEventProducer - Sent purchase event: PurchaseEvent{book_id=1, supplier_id=3, cost=551.5778842397674, quantity=10, timestamp=1779044873100}
[kafka-producer-network-thread | producer-1] INFO is.project3.PurchaseEventProducer - Sent purchase event: PurchaseEvent{book_id=4, supplier_id=4, cost=142.59346390917875, quantity=14, timestamp=1779044873201}
[kafka-producer-network-thread | producer-1] INFO is.project3.PurchaseEventProducer - Sent purchase event: PurchaseEvent{book_id=2, supplier_id=1, cost=14.455478351448082, quantity=1, timestamp=1779044873301}
[kafka-producer-network-thread | producer-1] INFO is.project3.PurchaseEventProducer - Sent purchase event: PurchaseEvent{book_id=5, supplier_id=5, cost=2.3489026038163403, quantity=3, timestamp=1779044873402}
[kafka-producer-network-thread | producer-1] INFO is.project3.PurchaseEventProducer - Sent purchase event: PurchaseEvent{book_id=3, supplier_id=4, cost=33.71041801218975, quantity=4, timestamp=1779044873503}
[kafka-producer-network-thread | producer-1] INFO is.project3.PurchaseEventProducer - Sent purchase event: PurchaseEvent{book_id=5, supplier_id=4, cost=1.8959541977724885, quantity=12, timestamp=1779044873604}
[kafka-producer-network-thread | producer-1] INFO is.project3.PurchaseEventProducer - Sent purchase event: PurchaseEvent{book_id=1, supplier_id=3, cost=533.6711312123232, quantity=11, timestamp=1779044873704}
[kafka-producer-network-thread | producer-1] INFO is.project3.PurchaseEventProducer - Sent purchase event: PurchaseEvent{book_id=2, supplier_id=2, cost=12.953336674262319, quantity=8, timestamp=1779044873805}
[kafka-producer-network-thread | producer-1] INFO is.project3.PurchaseEventProducer - Sent purchase event: PurchaseEvent{book_id=3, supplier_id=4, cost=34.37031896695387, quantity=16, timestamp=1779044873906}
[kafka-producer-network-thread | producer-1] INFO is.project3.PurchaseEventProducer - Sent purchase event: PurchaseEvent{book_id=4, supplier_id=2, cost=153.11070724290695, quantity=15, timestamp=1779044874006}
[kafka-producer-network-thread | producer-1] INFO is.project3.PurchaseEventProducer - Sent purchase event: PurchaseEvent{book_id=3, supplier_id=4, cost=44.81063624387858, quantity=14, timestamp=1779044874107}
[kafka-producer-network-thread | producer-1] INFO is.project3.PurchaseEventProducer - Sent purchase event: PurchaseEvent{book_id=5, supplier_id=1, cost=1.8344030574778707, quantity=11, timestamp=1779044874208}
[kafka-producer-network-thread | producer-1] INFO is.project3.PurchaseEventProducer - Sent purchase event: PurchaseEvent{book_id=2, supplier_id=4, cost=13.774994941217972, quantity=14, timestamp=1779044874308}
[kafka-producer-network-thread | producer-1] INFO is.project3.PurchaseEventProducer - Sent purchase event: PurchaseEvent{book_id=1, supplier_id=5, cost=510.08086880626934, quantity=1, timestamp=1779044874409}
[kafka-producer-network-thread | producer-1] INFO is.project3.PurchaseEventProducer - Sent purchase event: PurchaseEvent{book_id=1, supplier_id=1, cost=400.4681935376886, quantity=2, timestamp=1779044874509}
[kafka-producer-network-thread | producer-1] INFO is.project3.PurchaseEventProducer - Sent purchase event: PurchaseEvent{book_id=1, supplier_id=2, cost=498.4430592711782, quantity=6, timestamp=1779044874610}
[kafka-producer-network-thread | producer-1] INFO is.project3.PurchaseEventProducer - Sent purchase event: PurchaseEvent{book_id=1, supplier_id=2, cost=519.1762820095466, quantity=11, timestamp=1779044874710}
[kafka-producer-network-thread | producer-1] INFO is.project3.PurchaseEventProducer - Sent purchase event: PurchaseEvent{book_id=4, supplier_id=1, cost=165.97364887554303, quantity=6, timestamp=1779044874811}
[kafka-producer-network-thread | producer-1] INFO is.project3.PurchaseEventProducer - Sent purchase event: PurchaseEvent{book_id=2, supplier_id=1, cost=17.765869058528466, quantity=13, timestamp=1779044874911}
[kafka-producer-network-thread | producer-1] INFO is.project3.PurchaseEventProducer - Sent purchase event: PurchaseEvent{book_id=5, supplier_id=3, cost=1.622355006930271, quantity=6, timestamp=1779044875012}
[kafka-producer-network-thread | producer-1] INFO is.project3.PurchaseEventProducer - Sent purchase event: PurchaseEvent{book_id=5, supplier_id=1, cost=1.8442080579248774, quantity=13, timestamp=1779044875112}
[kafka-producer-network-thread | producer-1] INFO is.project3.PurchaseEventProducer - Sent purchase event: PurchaseEvent{book_id=1, supplier_id=3, cost=423.342036975263, quantity=15, timestamp=1779044875213}
[kafka-producer-network-thread | producer-1] INFO is.project3.PurchaseEventProducer - Sent purchase event: PurchaseEvent{book_id=5, supplier_id=4, cost=1.736281980386571, quantity=9, timestamp=1779044875314}
[kafka-producer-network-thread | producer-1] INFO is.project3.PurchaseEventProducer - Sent purchase event: PurchaseEvent{book_id=5, supplier_id=4, cost=1.8570136481147872, quantity=12, timestamp=1779044875414}
[kafka-producer-network-thread | producer-1] INFO is.project3.PurchaseEventProducer - Sent purchase event: PurchaseEvent{book_id=5, supplier_id=1, cost=2.270743215878388, quantity=13, timestamp=1779044875515}
[kafka-producer-network-thread | producer-1] INFO is.project3.PurchaseEventProducer - Sent purchase event: PurchaseEvent{book_id=3, supplier_id=1, cost=43.93975612586254, quantity=2, timestamp=1779044875616}
[kafka-producer-network-thread | producer-1] INFO is.project3.PurchaseEventProducer - Sent purchase event: PurchaseEvent{book_id=3, supplier_id=3, cost=33.865074996009184, quantity=9, timestamp=1779044875716}
[kafka-producer-network-thread | producer-1] INFO is.project3.PurchaseEventProducer - Sent purchase event: PurchaseEvent{book_id=5, supplier_id=1, cost=1.8043145051925484, quantity=2, timestamp=1779044875817}
[kafka-producer-network-thread | producer-1] INFO is.project3.PurchaseEventProducer - Sent purchase event: PurchaseEvent{book_id=1, supplier_id=2, cost=498.6663030050371, quantity=18, timestamp=1779044875917}
[kafka-producer-network-thread | producer-1] INFO is.project3.PurchaseEventProducer - Sent purchase event: PurchaseEvent{book_id=4, supplier_id=5, cost=128.35310099318386, quantity=4, timestamp=1779044876017}
[kafka-producer-network-thread | producer-1] INFO is.project3.PurchaseEventProducer - Sent purchase event: PurchaseEvent{book_id=1, supplier_id=4, cost=581.7800411614113, quantity=10, timestamp=1779044876118}
[kafka-producer-network-thread | producer-1] INFO is.project3.PurchaseEventProducer - Sent purchase event: PurchaseEvent{book_id=2, supplier_id=1, cost=16.420847172991348, quantity=17, timestamp=1779044876219}
[kafka-producer-network-thread | producer-1] INFO is.project3.PurchaseEventProducer - Sent purchase event: PurchaseEvent{book_id=3, supplier_id=4, cost=44.44857324368384, quantity=8, timestamp=1779044876319}
[kafka-producer-network-thread | producer-1] INFO is.project3.PurchaseEventProducer - Sent purchase event: PurchaseEvent{book_id=2, supplier_id=3, cost=13.128601054092961, quantity=19, timestamp=1779044876420}
[kafka-producer-network-thread | producer-1] INFO is.project3.PurchaseEventProducer - Sent purchase event: PurchaseEvent{book_id=5, supplier_id=2, cost=1.910600326979742, quantity=8, timestamp=1779044876520}
[kafka-producer-network-thread | producer-1] INFO is.project3.PurchaseEventProducer - Sent purchase event: PurchaseEvent{book_id=2, supplier_id=2, cost=13.172200384779854, quantity=18, timestamp=1779044876621}
[kafka-producer-network-thread | producer-1] INFO is.project3.PurchaseEventProducer - Sent purchase event: PurchaseEvent{book_id=4, supplier_id=3, cost=128.61154081544558, quantity=5, timestamp=1779044876721}
[kafka-producer-network-thread | producer-1] INFO is.project3.PurchaseEventProducer - Sent purchase event: PurchaseEvent{book_id=3, supplier_id=4, cost=32.06232254549316, quantity=5, timestamp=1779044876822}
[kafka-producer-network-thread | producer-1] INFO is.project3.PurchaseEventProducer - Sent purchase event: PurchaseEvent{book_id=1, supplier_id=3, cost=510.28522605510483, quantity=11, timestamp=1779044876922}
[kafka-producer-network-thread | producer-1] INFO is.project3.PurchaseEventProducer - Sent purchase event: PurchaseEvent{book_id=2, supplier_id=1, cost=15.163739553021975, quantity=5, timestamp=1779044877023}
[kafka-producer-network-thread | producer-1] INFO is.project3.PurchaseEventProducer - Sent purchase event: PurchaseEvent{book_id=1, supplier_id=3, cost=500.193870070097, quantity=12, timestamp=1779044877124}
[kafka-producer-network-thread | producer-1] INFO is.project3.PurchaseEventProducer - Sent purchase event: PurchaseEvent{book_id=2, supplier_id=3, cost=14.323898484361418, quantity=10, timestamp=1779044877224}
[kafka-producer-network-thread | producer-1] INFO is.project3.PurchaseEventProducer - Sent purchase event: PurchaseEvent{book_id=4, supplier_id=1, cost=151.1933790941863, quantity=9, timestamp=1779044877324}
[kafka-producer-network-thread | producer-1] INFO is.project3.PurchaseEventProducer - Sent purchase event: PurchaseEvent{book_id=5, supplier_id=2, cost=1.9880456120477148, quantity=3, timestamp=1779044877425}
[kafka-producer-network-thread | producer-1] INFO is.project3.PurchaseEventProducer - Sent purchase event: PurchaseEvent{book_id=2, supplier_id=3, cost=14.048352503902144, quantity=10, timestamp=1779044877526}
[kafka-producer-network-thread | producer-1] INFO is.project3.PurchaseEventProducer - Sent purchase event: PurchaseEvent{book_id=1, supplier_id=1, cost=576.2438897805406, quantity=10, timestamp=1779044877626}
[kafka-producer-network-thread | producer-1] INFO is.project3.PurchaseEventProducer - Sent purchase event: PurchaseEvent{book_id=5, supplier_id=3, cost=2.309475338055464, quantity=1, timestamp=1779044877727}
[kafka-producer-network-thread | producer-1] INFO is.project3.PurchaseEventProducer - Sent purchase event: PurchaseEvent{book_id=1, supplier_id=5, cost=425.4844164903393, quantity=3, timestamp=1779044877827}
[kafka-producer-network-thread | producer-1] INFO is.project3.PurchaseEventProducer - Sent purchase event: PurchaseEvent{book_id=1, supplier_id=1, cost=475.1952836965586, quantity=7, timestamp=1779044877928}
[kafka-producer-network-thread | producer-1] INFO is.project3.PurchaseEventProducer - Sent purchase event: PurchaseEvent{book_id=3, supplier_id=5, cost=42.09457037043214, quantity=1, timestamp=1779044878028}
[kafka-producer-network-thread | producer-1] INFO is.project3.PurchaseEventProducer - Sent purchase event: PurchaseEvent{book_id=1, supplier_id=5, cost=473.44766499253, quantity=18, timestamp=1779044878129}
[kafka-producer-network-thread | producer-1] INFO is.project3.PurchaseEventProducer - Sent purchase event: PurchaseEvent{book_id=3, supplier_id=4, cost=34.594647689147905, quantity=20, timestamp=1779044878229}
[kafka-producer-network-thread | producer-1] INFO is.project3.PurchaseEventProducer - Sent purchase event: PurchaseEvent{book_id=4, supplier_id=2, cost=176.1474487006711, quantity=14, timestamp=1779044878330}
[kafka-producer-network-thread | producer-1] INFO is.project3.PurchaseEventProducer - Sent purchase event: PurchaseEvent{book_id=3, supplier_id=3, cost=32.34369890677053, quantity=8, timestamp=1779044878430}
[kafka-producer-network-thread | producer-1] INFO is.project3.PurchaseEventProducer - Sent purchase event: PurchaseEvent{book_id=3, supplier_id=2, cost=38.599901089752954, quantity=5, timestamp=1779044878530}
[kafka-producer-network-thread | producer-1] INFO is.project3.PurchaseEventProducer - Sent purchase event: PurchaseEvent{book_id=4, supplier_id=1, cost=160.3717933046475, quantity=11, timestamp=1779044878631}
[kafka-producer-network-thread | producer-1] INFO is.project3.PurchaseEventProducer - Sent purchase event: PurchaseEvent{book_id=5, supplier_id=5, cost=1.9886348700716179, quantity=12, timestamp=1779044878731}
[kafka-producer-network-thread | producer-1] INFO is.project3.PurchaseEventProducer - Sent purchase event: PurchaseEvent{book_id=5, supplier_id=5, cost=1.8621514752328057, quantity=6, timestamp=1779044878832}
[kafka-producer-network-thread | producer-1] INFO is.project3.PurchaseEventProducer - Sent purchase event: PurchaseEvent{book_id=2, supplier_id=1, cost=12.82378997817644, quantity=9, timestamp=1779044878932}
[kafka-producer-network-thread | producer-1] INFO is.project3.PurchaseEventProducer - Sent purchase event: PurchaseEvent{book_id=1, supplier_id=1, cost=445.22315818904957, quantity=8, timestamp=1779044879032}
[kafka-producer-network-thread | producer-1] INFO is.project3.PurchaseEventProducer - Sent purchase event: PurchaseEvent{book_id=5, supplier_id=1, cost=1.8882383415085036, quantity=2, timestamp=1779044879132}
[kafka-producer-network-thread | producer-1] INFO is.project3.PurchaseEventProducer - Sent purchase event: PurchaseEvent{book_id=5, supplier_id=3, cost=2.15364494220289, quantity=4, timestamp=1779044879233}
[kafka-producer-network-thread | producer-1] INFO is.project3.PurchaseEventProducer - Sent purchase event: PurchaseEvent{book_id=3, supplier_id=2, cost=35.712429892790276, quantity=7, timestamp=1779044879334}
[kafka-producer-network-thread | producer-1] INFO is.project3.PurchaseEventProducer - Sent purchase event: PurchaseEvent{book_id=5, supplier_id=1, cost=2.354150488496842, quantity=19, timestamp=1779044879434}
[kafka-producer-network-thread | producer-1] INFO is.project3.PurchaseEventProducer - Sent purchase event: PurchaseEvent{book_id=1, supplier_id=2, cost=514.4317510960606, quantity=14, timestamp=1779044879535}
[kafka-producer-network-thread | producer-1] INFO is.project3.PurchaseEventProducer - Sent purchase event: PurchaseEvent{book_id=2, supplier_id=3, cost=14.303574514851666, quantity=11, timestamp=1779044879636}
[kafka-producer-network-thread | producer-1] INFO is.project3.PurchaseEventProducer - Sent purchase event: PurchaseEvent{book_id=5, supplier_id=5, cost=2.2674161751085053, quantity=14, timestamp=1779044879736}
[kafka-producer-network-thread | producer-1] INFO is.project3.PurchaseEventProducer - Sent purchase event: PurchaseEvent{book_id=2, supplier_id=3, cost=12.590077514310954, quantity=8, timestamp=1779044879837}
[kafka-producer-network-thread | producer-1] INFO is.project3.PurchaseEventProducer - Sent purchase event: PurchaseEvent{book_id=5, supplier_id=2, cost=1.926259679453356, quantity=16, timestamp=1779044879937}
[kafka-producer-network-thread | producer-1] INFO is.project3.PurchaseEventProducer - Sent purchase event: PurchaseEvent{book_id=5, supplier_id=2, cost=2.3460729700818375, quantity=10, timestamp=1779044880038}
[kafka-producer-network-thread | producer-1] INFO is.project3.PurchaseEventProducer - Sent purchase event: PurchaseEvent{book_id=5, supplier_id=3, cost=2.2641525565063736, quantity=13, timestamp=1779044880138}
[kafka-producer-network-thread | producer-1] INFO is.project3.PurchaseEventProducer - Sent purchase event: PurchaseEvent{book_id=5, supplier_id=1, cost=2.2715494362666746, quantity=19, timestamp=1779044880239}
[kafka-producer-network-thread | producer-1] INFO is.project3.PurchaseEventProducer - Sent purchase event: PurchaseEvent{book_id=5, supplier_id=4, cost=2.106225880782124, quantity=11, timestamp=1779044880339}
[kafka-producer-network-thread | producer-1] INFO is.project3.PurchaseEventProducer - Sent purchase event: PurchaseEvent{book_id=2, supplier_id=4, cost=16.62280161267987, quantity=4, timestamp=1779044880440}
[kafka-producer-network-thread | producer-1] INFO is.project3.PurchaseEventProducer - Sent purchase event: PurchaseEvent{book_id=3, supplier_id=1, cost=33.8440421544468, quantity=19, timestamp=1779044880540}
[kafka-producer-network-thread | producer-1] INFO is.project3.PurchaseEventProducer - Sent purchase event: PurchaseEvent{book_id=2, supplier_id=5, cost=17.245009858006174, quantity=15, timestamp=1779044880641}
[kafka-producer-network-thread | producer-1] INFO is.project3.PurchaseEventProducer - Sent purchase event: PurchaseEvent{book_id=1, supplier_id=1, cost=580.0261656391042, quantity=19, timestamp=1779044880742}
[kafka-producer-network-thread | producer-1] INFO is.project3.PurchaseEventProducer - Sent purchase event: PurchaseEvent{book_id=4, supplier_id=4, cost=124.23808044305872, quantity=1, timestamp=1779044880842}
[kafka-producer-network-thread | producer-1] INFO is.project3.PurchaseEventProducer - Sent purchase event: PurchaseEvent{book_id=4, supplier_id=1, cost=163.1500784590352, quantity=8, timestamp=1779044880943}
[kafka-producer-network-thread | producer-1] INFO is.project3.PurchaseEventProducer - Sent purchase event: PurchaseEvent{book_id=2, supplier_id=2, cost=15.485831682486552, quantity=15, timestamp=1779044881044}
[kafka-producer-network-thread | producer-1] INFO is.project3.PurchaseEventProducer - Sent purchase event: PurchaseEvent{book_id=4, supplier_id=4, cost=137.87962341408635, quantity=13, timestamp=1779044881144}
[kafka-producer-network-thread | producer-1] INFO is.project3.PurchaseEventProducer - Sent purchase event: PurchaseEvent{book_id=5, supplier_id=2, cost=2.0574963478854618, quantity=10, timestamp=1779044881245}
[kafka-producer-network-thread | producer-1] INFO is.project3.PurchaseEventProducer - Sent purchase event: PurchaseEvent{book_id=5, supplier_id=5, cost=2.2297332008794206, quantity=18, timestamp=1779044881345}
[kafka-producer-network-thread | producer-1] INFO is.project3.PurchaseEventProducer - Sent purchase event: PurchaseEvent{book_id=5, supplier_id=2, cost=2.3889730683004795, quantity=19, timestamp=1779044881446}
[kafka-producer-network-thread | producer-1] INFO is.project3.PurchaseEventProducer - Sent purchase event: PurchaseEvent{book_id=2, supplier_id=2, cost=15.442785401059966, quantity=20, timestamp=1779044881546}
[kafka-producer-network-thread | producer-1] INFO is.project3.PurchaseEventProducer - Sent purchase event: PurchaseEvent{book_id=3, supplier_id=3, cost=33.809595061891706, quantity=3, timestamp=1779044881647}
[kafka-producer-network-thread | producer-1] INFO is.project3.PurchaseEventProducer - Sent purchase event: PurchaseEvent{book_id=1, supplier_id=2, cost=499.01547315228265, quantity=15, timestamp=1779044881747}
[kafka-producer-network-thread | producer-1] INFO is.project3.PurchaseEventProducer - Sent purchase event: PurchaseEvent{book_id=5, supplier_id=5, cost=2.367226926901154, quantity=17, timestamp=1779044881847}
[kafka-producer-network-thread | producer-1] INFO is.project3.PurchaseEventProducer - Sent purchase event: PurchaseEvent{book_id=5, supplier_id=4, cost=1.7082297486824407, quantity=3, timestamp=1779044881948}
[kafka-producer-network-thread | producer-1] INFO is.project3.PurchaseEventProducer - Sent purchase event: PurchaseEvent{book_id=3, supplier_id=5, cost=32.949495798467, quantity=8, timestamp=1779044882050}
[kafka-producer-network-thread | producer-1] INFO is.project3.PurchaseEventProducer - Sent purchase event: PurchaseEvent{book_id=1, supplier_id=5, cost=497.1900195666281, quantity=7, timestamp=1779044882151}
[kafka-producer-network-thread | producer-1] INFO is.project3.PurchaseEventProducer - Sent purchase event: PurchaseEvent{book_id=2, supplier_id=3, cost=16.6998228294708, quantity=3, timestamp=1779044882251}
[kafka-producer-network-thread | producer-1] INFO is.project3.PurchaseEventProducer - Sent purchase event: PurchaseEvent{book_id=4, supplier_id=2, cost=144.92121128744088, quantity=15, timestamp=1779044882352}
[kafka-producer-network-thread | producer-1] INFO is.project3.PurchaseEventProducer - Sent purchase event: PurchaseEvent{book_id=2, supplier_id=5, cost=16.248290837188932, quantity=15, timestamp=1779044882452}
[kafka-producer-network-thread | producer-1] INFO is.project3.PurchaseEventProducer - Sent purchase event: PurchaseEvent{book_id=1, supplier_id=5, cost=433.6870645033648, quantity=17, timestamp=1779044882553}
[kafka-producer-network-thread | producer-1] INFO is.project3.PurchaseEventProducer - Sent purchase event: PurchaseEvent{book_id=3, supplier_id=3, cost=45.700703102426814, quantity=2, timestamp=1779044882653}
[kafka-producer-network-thread | producer-1] INFO is.project3.PurchaseEventProducer - Sent purchase event: PurchaseEvent{book_id=5, supplier_id=2, cost=1.6653991099511123, quantity=2, timestamp=1779044882753}
[kafka-producer-network-thread | producer-1] INFO is.project3.PurchaseEventProducer - Sent purchase event: PurchaseEvent{book_id=5, supplier_id=4, cost=1.9890010885021134, quantity=17, timestamp=1779044882854}
[kafka-producer-network-thread | producer-1] INFO is.project3.PurchaseEventProducer - Sent purchase event: PurchaseEvent{book_id=2, supplier_id=1, cost=16.01935137810233, quantity=3, timestamp=1779044882954}
[kafka-producer-network-thread | producer-1] INFO is.project3.PurchaseEventProducer - Sent purchase event: PurchaseEvent{book_id=1, supplier_id=4, cost=513.7078917894628, quantity=1, timestamp=1779044883055}
[kafka-producer-network-thread | producer-1] INFO is.project3.PurchaseEventProducer - Sent purchase event: PurchaseEvent{book_id=1, supplier_id=4, cost=424.1272632649673, quantity=5, timestamp=1779044883156}
[kafka-producer-network-thread | producer-1] INFO is.project3.PurchaseEventProducer - Sent purchase event: PurchaseEvent{book_id=3, supplier_id=5, cost=37.70620252968588, quantity=13, timestamp=1779044883256}
[kafka-producer-network-thread | producer-1] INFO is.project3.PurchaseEventProducer - Sent purchase event: PurchaseEvent{book_id=5, supplier_id=3, cost=2.1910594356510193, quantity=18, timestamp=1779044883357}
[kafka-producer-network-thread | producer-1] INFO is.project3.PurchaseEventProducer - Sent purchase event: PurchaseEvent{book_id=2, supplier_id=1, cost=16.24127240667922, quantity=7, timestamp=1779044883457}
[kafka-producer-network-thread | producer-1] INFO is.project3.PurchaseEventProducer - Sent purchase event: PurchaseEvent{book_id=1, supplier_id=5, cost=457.4708678266887, quantity=19, timestamp=1779044883558}
[kafka-producer-network-thread | producer-1] INFO is.project3.PurchaseEventProducer - Sent purchase event: PurchaseEvent{book_id=2, supplier_id=3, cost=14.21174593458293, quantity=6, timestamp=1779044883658}
[kafka-producer-network-thread | producer-1] INFO is.project3.PurchaseEventProducer - Sent purchase event: PurchaseEvent{book_id=3, supplier_id=2, cost=46.89659663140865, quantity=17, timestamp=1779044883759}
[kafka-producer-network-thread | producer-1] INFO is.project3.PurchaseEventProducer - Sent purchase event: PurchaseEvent{book_id=1, supplier_id=1, cost=567.3692440420668, quantity=19, timestamp=1779044883859}
[kafka-producer-network-thread | producer-1] INFO is.project3.PurchaseEventProducer - Sent purchase event: PurchaseEvent{book_id=3, supplier_id=3, cost=37.23359981110518, quantity=16, timestamp=1779044883960}
[kafka-producer-network-thread | producer-1] INFO is.project3.PurchaseEventProducer - Sent purchase event: PurchaseEvent{book_id=4, supplier_id=3, cost=176.80000359557732, quantity=6, timestamp=1779044884060}
[kafka-producer-network-thread | producer-1] INFO is.project3.PurchaseEventProducer - Sent purchase event: PurchaseEvent{book_id=5, supplier_id=2, cost=2.2973663863204785, quantity=6, timestamp=1779044884161}
[kafka-producer-network-thread | producer-1] INFO is.project3.PurchaseEventProducer - Sent purchase event: PurchaseEvent{book_id=5, supplier_id=1, cost=2.187790319694811, quantity=5, timestamp=1779044884261}
[kafka-producer-network-thread | producer-1] INFO is.project3.PurchaseEventProducer - Sent purchase event: PurchaseEvent{book_id=2, supplier_id=5, cost=16.598303163023054, quantity=15, timestamp=1779044884362}
[kafka-producer-network-thread | producer-1] INFO is.project3.PurchaseEventProducer - Sent purchase event: PurchaseEvent{book_id=1, supplier_id=4, cost=596.5452394345912, quantity=14, timestamp=1779044884462}
[kafka-producer-network-thread | producer-1] INFO is.project3.PurchaseEventProducer - Sent purchase event: PurchaseEvent{book_id=5, supplier_id=2, cost=2.225541469457261, quantity=12, timestamp=1779044884563}
[kafka-producer-network-thread | producer-1] INFO is.project3.PurchaseEventProducer - Sent purchase event: PurchaseEvent{book_id=2, supplier_id=3, cost=16.827388783441265, quantity=11, timestamp=1779044884663}
[kafka-producer-network-thread | producer-1] INFO is.project3.PurchaseEventProducer - Sent purchase event: PurchaseEvent{book_id=5, supplier_id=1, cost=2.2181309578108297, quantity=17, timestamp=1779044884764}
[kafka-producer-network-thread | producer-1] INFO is.project3.PurchaseEventProducer - Sent purchase event: PurchaseEvent{book_id=5, supplier_id=4, cost=1.9816177083692315, quantity=10, timestamp=1779044884864}
[kafka-producer-network-thread | producer-1] INFO is.project3.PurchaseEventProducer - Sent purchase event: PurchaseEvent{book_id=4, supplier_id=5, cost=132.25678250302227, quantity=9, timestamp=1779044884965}
[kafka-producer-network-thread | producer-1] INFO is.project3.PurchaseEventProducer - Sent purchase event: PurchaseEvent{book_id=2, supplier_id=2, cost=15.659452672913192, quantity=15, timestamp=1779044885065}
[kafka-producer-network-thread | producer-1] INFO is.project3.PurchaseEventProducer - Sent purchase event: PurchaseEvent{book_id=2, supplier_id=1, cost=14.398265177440955, quantity=14, timestamp=1779044885166}
[kafka-producer-network-thread | producer-1] INFO is.project3.PurchaseEventProducer - Sent purchase event: PurchaseEvent{book_id=1, supplier_id=1, cost=537.5500933590102, quantity=11, timestamp=1779044885266}
[kafka-producer-network-thread | producer-1] INFO is.project3.PurchaseEventProducer - Sent purchase event: PurchaseEvent{book_id=1, supplier_id=4, cost=501.8986310897362, quantity=17, timestamp=1779044885366}
[kafka-producer-network-thread | producer-1] INFO is.project3.PurchaseEventProducer - Sent purchase event: PurchaseEvent{book_id=5, supplier_id=5, cost=2.2660903995252752, quantity=16, timestamp=1779044885467}
[kafka-producer-network-thread | producer-1] INFO is.project3.PurchaseEventProducer - Sent purchase event: PurchaseEvent{book_id=1, supplier_id=4, cost=514.1659437824146, quantity=12, timestamp=1779044885567}
[kafka-producer-network-thread | producer-1] INFO is.project3.PurchaseEventProducer - Sent purchase event: PurchaseEvent{book_id=1, supplier_id=2, cost=409.282507005815, quantity=6, timestamp=1779044885668}
[kafka-producer-network-thread | producer-1] INFO is.project3.PurchaseEventProducer - Sent purchase event: PurchaseEvent{book_id=5, supplier_id=2, cost=1.8059402397447828, quantity=9, timestamp=1779044885768}
[kafka-producer-network-thread | producer-1] INFO is.project3.PurchaseEventProducer - Sent purchase event: PurchaseEvent{book_id=5, supplier_id=5, cost=2.0997058498284837, quantity=20, timestamp=1779044885868}
[kafka-producer-network-thread | producer-1] INFO is.project3.PurchaseEventProducer - Sent purchase event: PurchaseEvent{book_id=2, supplier_id=4, cost=12.04485699576966, quantity=10, timestamp=1779044885969}
[kafka-producer-network-thread | producer-1] INFO is.project3.PurchaseEventProducer - Sent purchase event: PurchaseEvent{book_id=4, supplier_id=4, cost=147.83599679254604, quantity=17, timestamp=1779044886070}
[kafka-producer-network-thread | producer-1] INFO is.project3.PurchaseEventProducer - Sent purchase event: PurchaseEvent{book_id=3, supplier_id=5, cost=38.460227717475995, quantity=2, timestamp=1779044886170}
[kafka-producer-network-thread | producer-1] INFO is.project3.PurchaseEventProducer - Sent purchase event: PurchaseEvent{book_id=2, supplier_id=4, cost=12.058263579085237, quantity=16, timestamp=1779044886270}
[kafka-producer-network-thread | producer-1] INFO is.project3.PurchaseEventProducer - Sent purchase event: PurchaseEvent{book_id=4, supplier_id=1, cost=141.55085653671986, quantity=15, timestamp=1779044886371}
[kafka-producer-network-thread | producer-1] INFO is.project3.PurchaseEventProducer - Sent purchase event: PurchaseEvent{book_id=2, supplier_id=1, cost=16.740846032465182, quantity=16, timestamp=1779044886471}
[kafka-producer-network-thread | producer-1] INFO is.project3.PurchaseEventProducer - Sent purchase event: PurchaseEvent{book_id=2, supplier_id=1, cost=12.973960593637347, quantity=7, timestamp=1779044886572}
[kafka-producer-network-thread | producer-1] INFO is.project3.PurchaseEventProducer - Sent purchase event: PurchaseEvent{book_id=4, supplier_id=1, cost=156.56670534469015, quantity=20, timestamp=1779044886672}
[kafka-producer-network-thread | producer-1] INFO is.project3.PurchaseEventProducer - Sent purchase event: PurchaseEvent{book_id=2, supplier_id=3, cost=14.518014464334774, quantity=2, timestamp=1779044886772}
[kafka-producer-network-thread | producer-1] INFO is.project3.PurchaseEventProducer - Sent purchase event: PurchaseEvent{book_id=4, supplier_id=3, cost=164.69095812840732, quantity=15, timestamp=1779044886873}
[kafka-producer-network-thread | producer-1] INFO is.project3.PurchaseEventProducer - Sent purchase event: PurchaseEvent{book_id=3, supplier_id=2, cost=42.657456684500886, quantity=6, timestamp=1779044886973}
[kafka-producer-network-thread | producer-1] INFO is.project3.PurchaseEventProducer - Sent purchase event: PurchaseEvent{book_id=4, supplier_id=2, cost=179.00814486331876, quantity=10, timestamp=1779044887074}
[kafka-producer-network-thread | producer-1] INFO is.project3.PurchaseEventProducer - Sent purchase event: PurchaseEvent{book_id=3, supplier_id=5, cost=34.83202827850218, quantity=7, timestamp=1779044887175}
[kafka-producer-network-thread | producer-1] INFO is.project3.PurchaseEventProducer - Sent purchase event: PurchaseEvent{book_id=1, supplier_id=3, cost=493.0524692092402, quantity=8, timestamp=1779044887275}
[kafka-producer-network-thread | producer-1] INFO is.project3.PurchaseEventProducer - Sent purchase event: PurchaseEvent{book_id=1, supplier_id=5, cost=484.5858086252751, quantity=9, timestamp=1779044887376}
[kafka-producer-network-thread | producer-1] INFO is.project3.PurchaseEventProducer - Sent purchase event: PurchaseEvent{book_id=4, supplier_id=5, cost=155.0270833113929, quantity=1, timestamp=1779044887476}
[kafka-producer-network-thread | producer-1] INFO is.project3.PurchaseEventProducer - Sent purchase event: PurchaseEvent{book_id=4, supplier_id=5, cost=162.68361114299006, quantity=16, timestamp=1779044887576}
[kafka-producer-network-thread | producer-1] INFO is.project3.PurchaseEventProducer - Sent purchase event: PurchaseEvent{book_id=5, supplier_id=3, cost=1.7739061366821787, quantity=4, timestamp=1779044887677}
[kafka-producer-network-thread | producer-1] INFO is.project3.PurchaseEventProducer - Sent purchase event: PurchaseEvent{book_id=4, supplier_id=4, cost=154.7962886925286, quantity=5, timestamp=1779044887777}
[kafka-producer-network-thread | producer-1] INFO is.project3.PurchaseEventProducer - Sent purchase event: PurchaseEvent{book_id=4, supplier_id=5, cost=126.28104145717755, quantity=7, timestamp=1779044887878}
[kafka-producer-network-thread | producer-1] INFO is.project3.PurchaseEventProducer - Sent purchase event: PurchaseEvent{book_id=5, supplier_id=1, cost=2.0461183919367616, quantity=1, timestamp=1779044887978}
[kafka-producer-network-thread | producer-1] INFO is.project3.PurchaseEventProducer - Sent purchase event: PurchaseEvent{book_id=2, supplier_id=3, cost=16.843949233702176, quantity=15, timestamp=1779044888079}
[kafka-producer-network-thread | producer-1] INFO is.project3.PurchaseEventProducer - Sent purchase event: PurchaseEvent{book_id=2, supplier_id=4, cost=16.376621065707194, quantity=16, timestamp=1779044888179}
[kafka-producer-network-thread | producer-1] INFO is.project3.PurchaseEventProducer - Sent purchase event: PurchaseEvent{book_id=5, supplier_id=2, cost=2.053047926352334, quantity=4, timestamp=1779044888280}
[kafka-producer-network-thread | producer-1] INFO is.project3.PurchaseEventProducer - Sent purchase event: PurchaseEvent{book_id=2, supplier_id=5, cost=12.240635431449377, quantity=13, timestamp=1779044888381}
[kafka-producer-network-thread | producer-1] INFO is.project3.PurchaseEventProducer - Sent purchase event: PurchaseEvent{book_id=2, supplier_id=3, cost=16.583053781131238, quantity=19, timestamp=1779044888481}
[kafka-producer-network-thread | producer-1] INFO is.project3.PurchaseEventProducer - Sent purchase event: PurchaseEvent{book_id=5, supplier_id=1, cost=1.669476372709604, quantity=2, timestamp=1779044888582}
[kafka-producer-network-thread | producer-1] INFO is.project3.PurchaseEventProducer - Sent purchase event: PurchaseEvent{book_id=5, supplier_id=5, cost=1.6671661758518277, quantity=15, timestamp=1779044888682}
[kafka-producer-network-thread | producer-1] INFO is.project3.PurchaseEventProducer - Sent purchase event: PurchaseEvent{book_id=4, supplier_id=1, cost=148.94552142959628, quantity=6, timestamp=1779044888782}
[kafka-producer-network-thread | producer-1] INFO is.project3.PurchaseEventProducer - Sent purchase event: PurchaseEvent{book_id=3, supplier_id=1, cost=41.77596588599678, quantity=10, timestamp=1779044888883}
[kafka-producer-network-thread | producer-1] INFO is.project3.PurchaseEventProducer - Sent purchase event: PurchaseEvent{book_id=3, supplier_id=5, cost=38.61126686600662, quantity=19, timestamp=1779044888984}
[kafka-producer-network-thread | producer-1] INFO is.project3.PurchaseEventProducer - Sent purchase event: PurchaseEvent{book_id=5, supplier_id=3, cost=1.6456404666717819, quantity=11, timestamp=1779044889084}
[kafka-producer-network-thread | producer-1] INFO is.project3.PurchaseEventProducer - Sent purchase event: PurchaseEvent{book_id=2, supplier_id=5, cost=16.94321364015863, quantity=16, timestamp=1779044889185}
[kafka-producer-network-thread | producer-1] INFO is.project3.PurchaseEventProducer - Sent purchase event: PurchaseEvent{book_id=4, supplier_id=2, cost=127.67500336709959, quantity=20, timestamp=1779044889285}
[kafka-producer-network-thread | producer-1] INFO is.project3.PurchaseEventProducer - Sent purchase event: PurchaseEvent{book_id=3, supplier_id=1, cost=44.015846982871956, quantity=3, timestamp=1779044889386}
[kafka-producer-network-thread | producer-1] INFO is.project3.PurchaseEventProducer - Sent purchase event: PurchaseEvent{book_id=4, supplier_id=1, cost=158.9890858635653, quantity=7, timestamp=1779044889486}
[kafka-producer-network-thread | producer-1] INFO is.project3.PurchaseEventProducer - Sent purchase event: PurchaseEvent{book_id=5, supplier_id=3, cost=2.028094491620788, quantity=15, timestamp=1779044889586}
[kafka-producer-network-thread | producer-1] INFO is.project3.PurchaseEventProducer - Sent purchase event: PurchaseEvent{book_id=4, supplier_id=4, cost=163.33421491628394, quantity=5, timestamp=1779044889687}
[kafka-producer-network-thread | producer-1] INFO is.project3.PurchaseEventProducer - Sent purchase event: PurchaseEvent{book_id=1, supplier_id=3, cost=497.96492565539495, quantity=14, timestamp=1779044889788}
[kafka-producer-network-thread | producer-1] INFO is.project3.PurchaseEventProducer - Sent purchase event: PurchaseEvent{book_id=5, supplier_id=5, cost=1.9573343794376905, quantity=2, timestamp=1779044889888}
[kafka-producer-network-thread | producer-1] INFO is.project3.PurchaseEventProducer - Sent purchase event: PurchaseEvent{book_id=1, supplier_id=1, cost=466.5345904431311, quantity=19, timestamp=1779044889988}
[kafka-producer-network-thread | producer-1] INFO is.project3.PurchaseEventProducer - Sent purchase event: PurchaseEvent{book_id=4, supplier_id=5, cost=131.9784647064055, quantity=12, timestamp=1779044890089}
[kafka-producer-network-thread | producer-1] INFO is.project3.PurchaseEventProducer - Sent purchase event: PurchaseEvent{book_id=1, supplier_id=1, cost=443.57000255151365, quantity=6, timestamp=1779044890189}
[kafka-producer-network-thread | producer-1] INFO is.project3.PurchaseEventProducer - Sent purchase event: PurchaseEvent{book_id=2, supplier_id=2, cost=12.862734814557895, quantity=1, timestamp=1779044890290}
[kafka-producer-network-thread | producer-1] INFO is.project3.PurchaseEventProducer - Sent purchase event: PurchaseEvent{book_id=1, supplier_id=2, cost=563.9885220524585, quantity=1, timestamp=1779044890390}
[kafka-producer-network-thread | producer-1] INFO is.project3.PurchaseEventProducer - Sent purchase event: PurchaseEvent{book_id=4, supplier_id=2, cost=166.2745028497679, quantity=17, timestamp=1779044890491}
[kafka-producer-network-thread | producer-1] INFO is.project3.PurchaseEventProducer - Sent purchase event: PurchaseEvent{book_id=3, supplier_id=4, cost=37.99880046026554, quantity=11, timestamp=1779044890591}
[kafka-producer-network-thread | producer-1] INFO is.project3.PurchaseEventProducer - Sent purchase event: PurchaseEvent{book_id=5, supplier_id=3, cost=1.6060142304576845, quantity=16, timestamp=1779044890692}
[kafka-producer-network-thread | producer-1] INFO is.project3.PurchaseEventProducer - Sent purchase event: PurchaseEvent{book_id=5, supplier_id=1, cost=1.7033081008434667, quantity=16, timestamp=1779044890792}
[kafka-producer-network-thread | producer-1] INFO is.project3.PurchaseEventProducer - Sent purchase event: PurchaseEvent{book_id=5, supplier_id=4, cost=1.6274195748821647, quantity=13, timestamp=1779044890893}
[kafka-producer-network-thread | producer-1] INFO is.project3.PurchaseEventProducer - Sent purchase event: PurchaseEvent{book_id=2, supplier_id=4, cost=16.05468877960785, quantity=19, timestamp=1779044890993}
[kafka-producer-network-thread | producer-1] INFO is.project3.PurchaseEventProducer - Sent purchase event: PurchaseEvent{book_id=3, supplier_id=5, cost=41.446518907350416, quantity=4, timestamp=1779044891094}
[kafka-producer-network-thread | producer-1] INFO is.project3.PurchaseEventProducer - Sent purchase event: PurchaseEvent{book_id=1, supplier_id=3, cost=592.1166360905163, quantity=13, timestamp=1779044891194}
[kafka-producer-network-thread | producer-1] INFO is.project3.PurchaseEventProducer - Sent purchase event: PurchaseEvent{book_id=3, supplier_id=2, cost=40.372990182409126, quantity=4, timestamp=1779044891294}
[kafka-producer-network-thread | producer-1] INFO is.project3.PurchaseEventProducer - Sent purchase event: PurchaseEvent{book_id=1, supplier_id=2, cost=455.22234427013586, quantity=20, timestamp=1779044891395}
[kafka-producer-network-thread | producer-1] INFO is.project3.PurchaseEventProducer - Sent purchase event: PurchaseEvent{book_id=4, supplier_id=5, cost=130.61246978410583, quantity=12, timestamp=1779044891495}
[kafka-producer-network-thread | producer-1] INFO is.project3.PurchaseEventProducer - Sent purchase event: PurchaseEvent{book_id=5, supplier_id=5, cost=1.7523151066972709, quantity=17, timestamp=1779044891596}
[kafka-producer-network-thread | producer-1] INFO is.project3.PurchaseEventProducer - Sent purchase event: PurchaseEvent{book_id=2, supplier_id=3, cost=17.07577920733631, quantity=5, timestamp=1779044891696}
[kafka-producer-network-thread | producer-1] INFO is.project3.PurchaseEventProducer - Sent purchase event: PurchaseEvent{book_id=5, supplier_id=3, cost=2.011130139372422, quantity=7, timestamp=1779044891797}
[kafka-producer-network-thread | producer-1] INFO is.project3.PurchaseEventProducer - Sent purchase event: PurchaseEvent{book_id=4, supplier_id=1, cost=152.33809497532633, quantity=4, timestamp=1779044891897}
[kafka-producer-network-thread | producer-1] INFO is.project3.PurchaseEventProducer - Sent purchase event: PurchaseEvent{book_id=5, supplier_id=1, cost=2.227280430096573, quantity=13, timestamp=1779044891998}
[kafka-producer-network-thread | producer-1] INFO is.project3.PurchaseEventProducer - Sent purchase event: PurchaseEvent{book_id=2, supplier_id=5, cost=13.072847235717278, quantity=13, timestamp=1779044892098}
[kafka-producer-network-thread | producer-1] INFO is.project3.PurchaseEventProducer - Sent purchase event: PurchaseEvent{book_id=2, supplier_id=5, cost=17.788275662876515, quantity=3, timestamp=1779044892198}
[kafka-producer-network-thread | producer-1] INFO is.project3.PurchaseEventProducer - Sent purchase event: PurchaseEvent{book_id=3, supplier_id=5, cost=40.8734129889525, quantity=2, timestamp=1779044892299}
[kafka-producer-network-thread | producer-1] INFO is.project3.PurchaseEventProducer - Sent purchase event: PurchaseEvent{book_id=2, supplier_id=2, cost=17.818643864680045, quantity=3, timestamp=1779044892400}
[kafka-producer-network-thread | producer-1] INFO is.project3.PurchaseEventProducer - Sent purchase event: PurchaseEvent{book_id=3, supplier_id=1, cost=35.98866541012321, quantity=2, timestamp=1779044892500}
[kafka-producer-network-thread | producer-1] INFO is.project3.PurchaseEventProducer - Sent purchase event: PurchaseEvent{book_id=1, supplier_id=4, cost=467.1102888722669, quantity=14, timestamp=1779044892600}
[kafka-producer-network-thread | producer-1] INFO is.project3.PurchaseEventProducer - Sent purchase event: PurchaseEvent{book_id=3, supplier_id=4, cost=46.22117492908078, quantity=16, timestamp=1779044892701}
[kafka-producer-network-thread | producer-1] INFO is.project3.PurchaseEventProducer - Sent purchase event: PurchaseEvent{book_id=5, supplier_id=3, cost=1.6887088283942857, quantity=12, timestamp=1779044892801}
[kafka-producer-network-thread | producer-1] INFO is.project3.PurchaseEventProducer - Sent purchase event: PurchaseEvent{book_id=5, supplier_id=5, cost=2.2510208673991094, quantity=14, timestamp=1779044892901}
[kafka-producer-network-thread | producer-1] INFO is.project3.PurchaseEventProducer - Sent purchase event: PurchaseEvent{book_id=5, supplier_id=3, cost=1.6899236311655979, quantity=16, timestamp=1779044893002}
[kafka-producer-network-thread | producer-1] INFO is.project3.PurchaseEventProducer - Sent purchase event: PurchaseEvent{book_id=3, supplier_id=4, cost=38.489769891633806, quantity=13, timestamp=1779044893102}
[kafka-producer-network-thread | producer-1] INFO is.project3.PurchaseEventProducer - Sent purchase event: PurchaseEvent{book_id=2, supplier_id=5, cost=12.688832635346575, quantity=2, timestamp=1779044893203}
[kafka-producer-network-thread | producer-1] INFO is.project3.PurchaseEventProducer - Sent purchase event: PurchaseEvent{book_id=2, supplier_id=1, cost=17.761792821664425, quantity=20, timestamp=1779044893303}
[kafka-producer-network-thread | producer-1] INFO is.project3.PurchaseEventProducer - Sent purchase event: PurchaseEvent{book_id=3, supplier_id=1, cost=43.734316226918054, quantity=14, timestamp=1779044893404}
[kafka-producer-network-thread | producer-1] INFO is.project3.PurchaseEventProducer - Sent purchase event: PurchaseEvent{book_id=1, supplier_id=3, cost=596.2685977890753, quantity=20, timestamp=1779044893505}
[kafka-producer-network-thread | producer-1] INFO is.project3.PurchaseEventProducer - Sent purchase event: PurchaseEvent{book_id=2, supplier_id=3, cost=14.522805243084802, quantity=10, timestamp=1779044893605}
[kafka-producer-network-thread | producer-1] INFO is.project3.PurchaseEventProducer - Sent purchase event: PurchaseEvent{book_id=4, supplier_id=1, cost=145.16390875207404, quantity=4, timestamp=1779044893706}
[kafka-producer-network-thread | producer-1] INFO is.project3.PurchaseEventProducer - Sent purchase event: PurchaseEvent{book_id=5, supplier_id=1, cost=2.112407955587881, quantity=17, timestamp=1779044893806}
[kafka-producer-network-thread | producer-1] INFO is.project3.PurchaseEventProducer - Sent purchase event: PurchaseEvent{book_id=4, supplier_id=2, cost=148.93427256061784, quantity=5, timestamp=1779044893907}
[kafka-producer-network-thread | producer-1] INFO is.project3.PurchaseEventProducer - Sent purchase event: PurchaseEvent{book_id=1, supplier_id=3, cost=409.4875487398435, quantity=11, timestamp=1779044894007}
[kafka-producer-network-thread | producer-1] INFO is.project3.PurchaseEventProducer - Sent purchase event: PurchaseEvent{book_id=3, supplier_id=5, cost=32.2122651849022, quantity=16, timestamp=1779044894108}
[kafka-producer-network-thread | producer-1] INFO is.project3.PurchaseEventProducer - Sent purchase event: PurchaseEvent{book_id=4, supplier_id=3, cost=165.66831685237054, quantity=5, timestamp=1779044894208}
[kafka-producer-network-thread | producer-1] INFO is.project3.PurchaseEventProducer - Sent purchase event: PurchaseEvent{book_id=1, supplier_id=4, cost=493.83815863813953, quantity=11, timestamp=1779044894309}
[kafka-producer-network-thread | producer-1] INFO is.project3.PurchaseEventProducer - Sent purchase event: PurchaseEvent{book_id=3, supplier_id=3, cost=32.685689971084145, quantity=9, timestamp=1779044894409}
[kafka-producer-network-thread | producer-1] INFO is.project3.PurchaseEventProducer - Sent purchase event: PurchaseEvent{book_id=3, supplier_id=1, cost=42.74045835654255, quantity=19, timestamp=1779044894510}
[kafka-producer-network-thread | producer-1] INFO is.project3.PurchaseEventProducer - Sent purchase event: PurchaseEvent{book_id=1, supplier_id=5, cost=514.7386458974021, quantity=1, timestamp=1779044894610}
[kafka-producer-network-thread | producer-1] INFO is.project3.PurchaseEventProducer - Sent purchase event: PurchaseEvent{book_id=3, supplier_id=1, cost=42.585403785905825, quantity=12, timestamp=1779044894711}
[kafka-producer-network-thread | producer-1] INFO is.project3.PurchaseEventProducer - Sent purchase event: PurchaseEvent{book_id=1, supplier_id=1, cost=426.55954492848934, quantity=20, timestamp=1779044894811}
[kafka-producer-network-thread | producer-1] INFO is.project3.PurchaseEventProducer - Sent purchase event: PurchaseEvent{book_id=2, supplier_id=1, cost=13.803355848464582, quantity=1, timestamp=1779044894912}
[kafka-producer-network-thread | producer-1] INFO is.project3.PurchaseEventProducer - Sent purchase event: PurchaseEvent{book_id=3, supplier_id=4, cost=45.53055411754522, quantity=18, timestamp=1779044895013}
[kafka-producer-network-thread | producer-1] INFO is.project3.PurchaseEventProducer - Sent purchase event: PurchaseEvent{book_id=4, supplier_id=1, cost=171.4412506772837, quantity=6, timestamp=1779044895113}
[kafka-producer-network-thread | producer-1] INFO is.project3.PurchaseEventProducer - Sent purchase event: PurchaseEvent{book_id=3, supplier_id=1, cost=46.98002583066934, quantity=16, timestamp=1779044895213}
[kafka-producer-network-thread | producer-1] INFO is.project3.PurchaseEventProducer - Sent purchase event: PurchaseEvent{book_id=4, supplier_id=3, cost=158.320674401007, quantity=13, timestamp=1779044895314}
[kafka-producer-network-thread | producer-1] INFO is.project3.PurchaseEventProducer - Sent purchase event: PurchaseEvent{book_id=4, supplier_id=4, cost=162.89886270275747, quantity=12, timestamp=1779044895414}
[kafka-producer-network-thread | producer-1] INFO is.project3.PurchaseEventProducer - Sent purchase event: PurchaseEvent{book_id=2, supplier_id=1, cost=13.384411902460172, quantity=14, timestamp=1779044895515}
[kafka-producer-network-thread | producer-1] INFO is.project3.PurchaseEventProducer - Sent purchase event: PurchaseEvent{book_id=5, supplier_id=5, cost=2.171678463718155, quantity=12, timestamp=1779044895615}
[kafka-producer-network-thread | producer-1] INFO is.project3.PurchaseEventProducer - Sent purchase event: PurchaseEvent{book_id=2, supplier_id=2, cost=17.400148419172556, quantity=2, timestamp=1779044895716}
[kafka-producer-network-thread | producer-1] INFO is.project3.PurchaseEventProducer - Sent purchase event: PurchaseEvent{book_id=4, supplier_id=2, cost=178.48560570306626, quantity=20, timestamp=1779044895816}
[kafka-producer-network-thread | producer-1] INFO is.project3.PurchaseEventProducer - Sent purchase event: PurchaseEvent{book_id=4, supplier_id=1, cost=129.02437087166598, quantity=16, timestamp=1779044895917}
[kafka-producer-network-thread | producer-1] INFO is.project3.PurchaseEventProducer - Sent purchase event: PurchaseEvent{book_id=3, supplier_id=1, cost=32.86915115628648, quantity=16, timestamp=1779044896017}
[kafka-producer-network-thread | producer-1] INFO is.project3.PurchaseEventProducer - Sent purchase event: PurchaseEvent{book_id=2, supplier_id=5, cost=12.774997994238921, quantity=17, timestamp=1779044896117}
[kafka-producer-network-thread | producer-1] INFO is.project3.PurchaseEventProducer - Sent purchase event: PurchaseEvent{book_id=1, supplier_id=3, cost=413.09552113604894, quantity=4, timestamp=1779044896218}
[kafka-producer-network-thread | producer-1] INFO is.project3.PurchaseEventProducer - Sent purchase event: PurchaseEvent{book_id=2, supplier_id=5, cost=15.870612094186388, quantity=18, timestamp=1779044896318}
[kafka-producer-network-thread | producer-1] INFO is.project3.PurchaseEventProducer - Sent purchase event: PurchaseEvent{book_id=2, supplier_id=3, cost=17.269865830013334, quantity=11, timestamp=1779044896419}
[kafka-producer-network-thread | producer-1] INFO is.project3.PurchaseEventProducer - Sent purchase event: PurchaseEvent{book_id=3, supplier_id=4, cost=35.48703270920561, quantity=4, timestamp=1779044896519}
[kafka-producer-network-thread | producer-1] INFO is.project3.PurchaseEventProducer - Sent purchase event: PurchaseEvent{book_id=1, supplier_id=5, cost=473.50752255435856, quantity=13, timestamp=1779044896620}
[kafka-producer-network-thread | producer-1] INFO is.project3.PurchaseEventProducer - Sent purchase event: PurchaseEvent{book_id=5, supplier_id=4, cost=2.189414599461885, quantity=11, timestamp=1779044896720}
[kafka-producer-network-thread | producer-1] INFO is.project3.PurchaseEventProducer - Sent purchase event: PurchaseEvent{book_id=5, supplier_id=1, cost=2.2239006604139684, quantity=9, timestamp=1779044896820}
[kafka-producer-network-thread | producer-1] INFO is.project3.PurchaseEventProducer - Sent purchase event: PurchaseEvent{book_id=5, supplier_id=4, cost=1.8046045613859665, quantity=1, timestamp=1779044896921}
[kafka-producer-network-thread | producer-1] INFO is.project3.PurchaseEventProducer - Sent purchase event: PurchaseEvent{book_id=3, supplier_id=3, cost=36.79744334245163, quantity=20, timestamp=1779044897022}
[kafka-producer-network-thread | producer-1] INFO is.project3.PurchaseEventProducer - Sent purchase event: PurchaseEvent{book_id=5, supplier_id=1, cost=1.7880819624589985, quantity=8, timestamp=1779044897122}
[kafka-producer-network-thread | producer-1] INFO is.project3.PurchaseEventProducer - Sent purchase event: PurchaseEvent{book_id=2, supplier_id=2, cost=14.504874493775834, quantity=2, timestamp=1779044897222}
[kafka-producer-network-thread | producer-1] INFO is.project3.PurchaseEventProducer - Sent purchase event: PurchaseEvent{book_id=2, supplier_id=1, cost=14.67126808084909, quantity=19, timestamp=1779044897323}
[kafka-producer-network-thread | producer-1] INFO is.project3.PurchaseEventProducer - Sent purchase event: PurchaseEvent{book_id=5, supplier_id=4, cost=1.9902098451689128, quantity=16, timestamp=1779044897423}
[kafka-producer-network-thread | producer-1] INFO is.project3.PurchaseEventProducer - Sent purchase event: PurchaseEvent{book_id=5, supplier_id=3, cost=1.9946242852067793, quantity=1, timestamp=1779044897524}
[kafka-producer-network-thread | producer-1] INFO is.project3.PurchaseEventProducer - Sent purchase event: PurchaseEvent{book_id=1, supplier_id=1, cost=581.333262278263, quantity=13, timestamp=1779044897625}
[kafka-producer-network-thread | producer-1] INFO is.project3.PurchaseEventProducer - Sent purchase event: PurchaseEvent{book_id=3, supplier_id=3, cost=33.7829169377805, quantity=14, timestamp=1779044897725}
[kafka-producer-network-thread | producer-1] INFO is.project3.PurchaseEventProducer - Sent purchase event: PurchaseEvent{book_id=2, supplier_id=5, cost=16.66515740698692, quantity=3, timestamp=1779044897826}
[kafka-producer-network-thread | producer-1] INFO is.project3.PurchaseEventProducer - Sent purchase event: PurchaseEvent{book_id=4, supplier_id=1, cost=158.50320993347336, quantity=2, timestamp=1779044897926}
[kafka-producer-network-thread | producer-1] INFO is.project3.PurchaseEventProducer - Sent purchase event: PurchaseEvent{book_id=5, supplier_id=1, cost=1.6992352709731449, quantity=16, timestamp=1779044898027}
[kafka-producer-network-thread | producer-1] INFO is.project3.PurchaseEventProducer - Sent purchase event: PurchaseEvent{book_id=1, supplier_id=4, cost=440.1049121174112, quantity=10, timestamp=1779044898127}
[kafka-producer-network-thread | producer-1] INFO is.project3.PurchaseEventProducer - Sent purchase event: PurchaseEvent{book_id=2, supplier_id=4, cost=13.171279073244136, quantity=19, timestamp=1779044898228}
[kafka-producer-network-thread | producer-1] INFO is.project3.PurchaseEventProducer - Sent purchase event: PurchaseEvent{book_id=1, supplier_id=1, cost=420.43486104463517, quantity=6, timestamp=1779044898328}
[kafka-producer-network-thread | producer-1] INFO is.project3.PurchaseEventProducer - Sent purchase event: PurchaseEvent{book_id=2, supplier_id=5, cost=13.123005347736921, quantity=20, timestamp=1779044898428}
[kafka-producer-network-thread | producer-1] INFO is.project3.PurchaseEventProducer - Sent purchase event: PurchaseEvent{book_id=1, supplier_id=1, cost=428.0218743740548, quantity=8, timestamp=1779044898529}
[kafka-producer-network-thread | producer-1] INFO is.project3.PurchaseEventProducer - Sent purchase event: PurchaseEvent{book_id=1, supplier_id=5, cost=504.0035440532281, quantity=8, timestamp=1779044898629}
[kafka-producer-network-thread | producer-1] INFO is.project3.PurchaseEventProducer - Sent purchase event: PurchaseEvent{book_id=3, supplier_id=1, cost=43.57753673331715, quantity=18, timestamp=1779044898730}
[kafka-producer-network-thread | producer-1] INFO is.project3.PurchaseEventProducer - Sent purchase event: PurchaseEvent{book_id=5, supplier_id=2, cost=1.7602645683293114, quantity=17, timestamp=1779044898830}
[kafka-producer-network-thread | producer-1] INFO is.project3.PurchaseEventProducer - Sent purchase event: PurchaseEvent{book_id=1, supplier_id=3, cost=503.2689613478728, quantity=9, timestamp=1779044898931}
[kafka-producer-network-thread | producer-1] INFO is.project3.PurchaseEventProducer - Sent purchase event: PurchaseEvent{book_id=3, supplier_id=4, cost=32.73194776800522, quantity=1, timestamp=1779044899031}
[kafka-producer-network-thread | producer-1] INFO is.project3.PurchaseEventProducer - Sent purchase event: PurchaseEvent{book_id=1, supplier_id=4, cost=547.5170711210789, quantity=2, timestamp=1779044899132}
[kafka-producer-network-thread | producer-1] INFO is.project3.PurchaseEventProducer - Sent purchase event: PurchaseEvent{book_id=3, supplier_id=3, cost=40.505019069862556, quantity=5, timestamp=1779044899232}
[kafka-producer-network-thread | producer-1] INFO is.project3.PurchaseEventProducer - Sent purchase event: PurchaseEvent{book_id=1, supplier_id=1, cost=580.6741504066188, quantity=4, timestamp=1779044899333}
[kafka-producer-network-thread | producer-1] INFO is.project3.PurchaseEventProducer - Sent purchase event: PurchaseEvent{book_id=4, supplier_id=4, cost=138.94051707188166, quantity=12, timestamp=1779044899433}
[kafka-producer-network-thread | producer-1] INFO is.project3.PurchaseEventProducer - Sent purchase event: PurchaseEvent{book_id=4, supplier_id=3, cost=137.78266766806618, quantity=12, timestamp=1779044899534}
[kafka-producer-network-thread | producer-1] INFO is.project3.PurchaseEventProducer - Sent purchase event: PurchaseEvent{book_id=3, supplier_id=5, cost=36.773310269310045, quantity=3, timestamp=1779044899635}
[kafka-producer-network-thread | producer-1] INFO is.project3.PurchaseEventProducer - Sent purchase event: PurchaseEvent{book_id=5, supplier_id=4, cost=2.0097377822678575, quantity=4, timestamp=1779044899735}
[kafka-producer-network-thread | producer-1] INFO is.project3.PurchaseEventProducer - Sent purchase event: PurchaseEvent{book_id=2, supplier_id=1, cost=13.48764542862132, quantity=12, timestamp=1779044899836}
[kafka-producer-network-thread | producer-1] INFO is.project3.PurchaseEventProducer - Sent purchase event: PurchaseEvent{book_id=4, supplier_id=1, cost=156.00158317469322, quantity=5, timestamp=1779044899936}
[kafka-producer-network-thread | producer-1] INFO is.project3.PurchaseEventProducer - Sent purchase event: PurchaseEvent{book_id=1, supplier_id=1, cost=508.36359180443094, quantity=11, timestamp=1779044900037}
[kafka-producer-network-thread | producer-1] INFO is.project3.PurchaseEventProducer - Sent purchase event: PurchaseEvent{book_id=3, supplier_id=2, cost=39.343653207634304, quantity=4, timestamp=1779044900137}
[kafka-producer-network-thread | producer-1] INFO is.project3.PurchaseEventProducer - Sent purchase event: PurchaseEvent{book_id=2, supplier_id=4, cost=15.759409294002669, quantity=10, timestamp=1779044900237}
[kafka-producer-network-thread | producer-1] INFO is.project3.PurchaseEventProducer - Sent purchase event: PurchaseEvent{book_id=1, supplier_id=2, cost=467.89859962661905, quantity=17, timestamp=1779044900338}
[kafka-producer-network-thread | producer-1] INFO is.project3.PurchaseEventProducer - Sent purchase event: PurchaseEvent{book_id=2, supplier_id=5, cost=14.587192883381762, quantity=3, timestamp=1779044900438}
[kafka-producer-network-thread | producer-1] INFO is.project3.PurchaseEventProducer - Sent purchase event: PurchaseEvent{book_id=4, supplier_id=4, cost=131.64969504140373, quantity=14, timestamp=1779044900539}
[kafka-producer-network-thread | producer-1] INFO is.project3.PurchaseEventProducer - Sent purchase event: PurchaseEvent{book_id=1, supplier_id=3, cost=512.4954712946939, quantity=15, timestamp=1779044900639}
[kafka-producer-network-thread | producer-1] INFO is.project3.PurchaseEventProducer - Sent purchase event: PurchaseEvent{book_id=3, supplier_id=3, cost=36.07659789169945, quantity=17, timestamp=1779044900740}
[kafka-producer-network-thread | producer-1] INFO is.project3.PurchaseEventProducer - Sent purchase event: PurchaseEvent{book_id=5, supplier_id=3, cost=1.7556584967578077, quantity=12, timestamp=1779044900840}
[kafka-producer-network-thread | producer-1] INFO is.project3.PurchaseEventProducer - Sent purchase event: PurchaseEvent{book_id=1, supplier_id=4, cost=497.9936153664003, quantity=19, timestamp=1779044900940}
[kafka-producer-network-thread | producer-1] INFO is.project3.PurchaseEventProducer - Sent purchase event: PurchaseEvent{book_id=2, supplier_id=4, cost=13.593438021524534, quantity=13, timestamp=1779044901041}
[kafka-producer-network-thread | producer-1] INFO is.project3.PurchaseEventProducer - Sent purchase event: PurchaseEvent{book_id=5, supplier_id=2, cost=1.7889374133569742, quantity=4, timestamp=1779044901141}
[kafka-producer-network-thread | producer-1] INFO is.project3.PurchaseEventProducer - Sent purchase event: PurchaseEvent{book_id=5, supplier_id=2, cost=2.217877618707452, quantity=4, timestamp=1779044901242}
[kafka-producer-network-thread | producer-1] INFO is.project3.PurchaseEventProducer - Sent purchase event: PurchaseEvent{book_id=1, supplier_id=4, cost=564.2405937827855, quantity=20, timestamp=1779044901342}
[kafka-producer-network-thread | producer-1] INFO is.project3.PurchaseEventProducer - Sent purchase event: PurchaseEvent{book_id=3, supplier_id=3, cost=39.83993746669354, quantity=13, timestamp=1779044901443}
[kafka-producer-network-thread | producer-1] INFO is.project3.PurchaseEventProducer - Sent purchase event: PurchaseEvent{book_id=3, supplier_id=3, cost=37.82420162265409, quantity=8, timestamp=1779044901544}
[kafka-producer-network-thread | producer-1] INFO is.project3.PurchaseEventProducer - Sent purchase event: PurchaseEvent{book_id=5, supplier_id=4, cost=1.7182139337864384, quantity=5, timestamp=1779044901644}
[kafka-producer-network-thread | producer-1] INFO is.project3.PurchaseEventProducer - Sent purchase event: PurchaseEvent{book_id=3, supplier_id=3, cost=42.43616577771631, quantity=4, timestamp=1779044901744}
[kafka-producer-network-thread | producer-1] INFO is.project3.PurchaseEventProducer - Sent purchase event: PurchaseEvent{book_id=2, supplier_id=3, cost=17.323367466034266, quantity=14, timestamp=1779044901845}
[kafka-producer-network-thread | producer-1] INFO is.project3.PurchaseEventProducer - Sent purchase event: PurchaseEvent{book_id=1, supplier_id=5, cost=439.8919948193277, quantity=14, timestamp=1779044901945}
[kafka-producer-network-thread | producer-1] INFO is.project3.PurchaseEventProducer - Sent purchase event: PurchaseEvent{book_id=3, supplier_id=4, cost=34.54956710502158, quantity=16, timestamp=1779044902046}
[kafka-producer-network-thread | producer-1] INFO is.project3.PurchaseEventProducer - Sent purchase event: PurchaseEvent{book_id=5, supplier_id=1, cost=1.7478268910821888, quantity=14, timestamp=1779044902146}
[kafka-producer-network-thread | producer-1] INFO is.project3.PurchaseEventProducer - Sent purchase event: PurchaseEvent{book_id=3, supplier_id=4, cost=38.94361898573325, quantity=20, timestamp=1779044902247}
[kafka-producer-network-thread | producer-1] INFO is.project3.PurchaseEventProducer - Sent purchase event: PurchaseEvent{book_id=2, supplier_id=2, cost=13.153482596500744, quantity=4, timestamp=1779044902347}
[kafka-producer-network-thread | producer-1] INFO is.project3.PurchaseEventProducer - Sent purchase event: PurchaseEvent{book_id=2, supplier_id=2, cost=14.029395439446079, quantity=11, timestamp=1779044902447}
[kafka-producer-network-thread | producer-1] INFO is.project3.PurchaseEventProducer - Sent purchase event: PurchaseEvent{book_id=2, supplier_id=3, cost=14.064374235514846, quantity=5, timestamp=1779044902548}
[kafka-producer-network-thread | producer-1] INFO is.project3.PurchaseEventProducer - Sent purchase event: PurchaseEvent{book_id=4, supplier_id=2, cost=131.53658061374227, quantity=19, timestamp=1779044902648}
[kafka-producer-network-thread | producer-1] INFO is.project3.PurchaseEventProducer - Sent purchase event: PurchaseEvent{book_id=5, supplier_id=2, cost=1.8241018769401833, quantity=15, timestamp=1779044902749}
[kafka-producer-network-thread | producer-1] INFO is.project3.PurchaseEventProducer - Sent purchase event: PurchaseEvent{book_id=3, supplier_id=5, cost=47.24452346026919, quantity=4, timestamp=1779044902849}
[kafka-producer-network-thread | producer-1] INFO is.project3.PurchaseEventProducer - Sent purchase event: PurchaseEvent{book_id=1, supplier_id=3, cost=592.6856015888076, quantity=7, timestamp=1779044902950}
[kafka-producer-network-thread | producer-1] INFO is.project3.PurchaseEventProducer - Sent purchase event: PurchaseEvent{book_id=2, supplier_id=5, cost=12.883600447547368, quantity=18, timestamp=1779044903050}
[kafka-producer-network-thread | producer-1] INFO is.project3.PurchaseEventProducer - Sent purchase event: PurchaseEvent{book_id=5, supplier_id=2, cost=1.7692255649274367, quantity=16, timestamp=1779044903151}
[kafka-producer-network-thread | producer-1] INFO is.project3.PurchaseEventProducer - Sent purchase event: PurchaseEvent{book_id=2, supplier_id=2, cost=13.567042836070659, quantity=12, timestamp=1779044903251}
[kafka-producer-network-thread | producer-1] INFO is.project3.PurchaseEventProducer - Sent purchase event: PurchaseEvent{book_id=4, supplier_id=4, cost=134.5165040153934, quantity=13, timestamp=1779044903351}
[kafka-producer-network-thread | producer-1] INFO is.project3.PurchaseEventProducer - Sent purchase event: PurchaseEvent{book_id=3, supplier_id=2, cost=38.13643487933537, quantity=4, timestamp=1779044903452}
[kafka-producer-network-thread | producer-1] INFO is.project3.PurchaseEventProducer - Sent purchase event: PurchaseEvent{book_id=1, supplier_id=2, cost=450.3577537481215, quantity=5, timestamp=1779044903552}
[kafka-producer-network-thread | producer-1] INFO is.project3.PurchaseEventProducer - Sent purchase event: PurchaseEvent{book_id=3, supplier_id=5, cost=44.23189182201664, quantity=12, timestamp=1779044903653}
[kafka-producer-network-thread | producer-1] INFO is.project3.PurchaseEventProducer - Sent purchase event: PurchaseEvent{book_id=5, supplier_id=4, cost=1.6257919671992807, quantity=18, timestamp=1779044903754}
[kafka-producer-network-thread | producer-1] INFO is.project3.PurchaseEventProducer - Sent purchase event: PurchaseEvent{book_id=3, supplier_id=3, cost=42.78740880883735, quantity=15, timestamp=1779044903854}
[kafka-producer-network-thread | producer-1] INFO is.project3.PurchaseEventProducer - Sent purchase event: PurchaseEvent{book_id=4, supplier_id=5, cost=134.08012122703425, quantity=13, timestamp=1779044903954}
[kafka-producer-network-thread | producer-1] INFO is.project3.PurchaseEventProducer - Sent purchase event: PurchaseEvent{book_id=3, supplier_id=2, cost=41.23702903857421, quantity=7, timestamp=1779044904055}
[kafka-producer-network-thread | producer-1] INFO is.project3.PurchaseEventProducer - Sent purchase event: PurchaseEvent{book_id=3, supplier_id=5, cost=39.940831679472424, quantity=16, timestamp=1779044904155}
[kafka-producer-network-thread | producer-1] INFO is.project3.PurchaseEventProducer - Sent purchase event: PurchaseEvent{book_id=4, supplier_id=1, cost=169.7763492788581, quantity=1, timestamp=1779044904255}
[kafka-producer-network-thread | producer-1] INFO is.project3.PurchaseEventProducer - Sent purchase event: PurchaseEvent{book_id=2, supplier_id=5, cost=13.345332701537046, quantity=2, timestamp=1779044904356}
[kafka-producer-network-thread | producer-1] INFO is.project3.PurchaseEventProducer - Sent purchase event: PurchaseEvent{book_id=5, supplier_id=3, cost=1.972138326523081, quantity=4, timestamp=1779044904456}
[kafka-producer-network-thread | producer-1] INFO is.project3.PurchaseEventProducer - Sent purchase event: PurchaseEvent{book_id=2, supplier_id=5, cost=13.404282105107265, quantity=5, timestamp=1779044904556}
[kafka-producer-network-thread | producer-1] INFO is.project3.PurchaseEventProducer - Sent purchase event: PurchaseEvent{book_id=1, supplier_id=1, cost=436.9785097012519, quantity=8, timestamp=1779044904657}
[kafka-producer-network-thread | producer-1] INFO is.project3.PurchaseEventProducer - Sent purchase event: PurchaseEvent{book_id=4, supplier_id=5, cost=165.84363142097172, quantity=20, timestamp=1779044904757}
[kafka-producer-network-thread | producer-1] INFO is.project3.PurchaseEventProducer - Sent purchase event: PurchaseEvent{book_id=5, supplier_id=3, cost=1.983695372899109, quantity=11, timestamp=1779044904858}
[kafka-producer-network-thread | producer-1] INFO is.project3.PurchaseEventProducer - Sent purchase event: PurchaseEvent{book_id=3, supplier_id=1, cost=38.92947616394901, quantity=19, timestamp=1779044904958}
[kafka-producer-network-thread | producer-1] INFO is.project3.PurchaseEventProducer - Sent purchase event: PurchaseEvent{book_id=5, supplier_id=2, cost=1.674691444882012, quantity=1, timestamp=1779044905058}
[kafka-producer-network-thread | producer-1] INFO is.project3.PurchaseEventProducer - Sent purchase event: PurchaseEvent{book_id=3, supplier_id=1, cost=32.764457718059575, quantity=18, timestamp=1779044905159}
[kafka-producer-network-thread | producer-1] INFO is.project3.PurchaseEventProducer - Sent purchase event: PurchaseEvent{book_id=5, supplier_id=4, cost=2.2463981685994243, quantity=7, timestamp=1779044905259}
[kafka-producer-network-thread | producer-1] INFO is.project3.PurchaseEventProducer - Sent purchase event: PurchaseEvent{book_id=3, supplier_id=5, cost=42.41397760472783, quantity=1, timestamp=1779044905360}
[kafka-producer-network-thread | producer-1] INFO is.project3.PurchaseEventProducer - Sent purchase event: PurchaseEvent{book_id=2, supplier_id=5, cost=15.38277431814109, quantity=5, timestamp=1779044905460}
[kafka-producer-network-thread | producer-1] INFO is.project3.PurchaseEventProducer - Sent purchase event: PurchaseEvent{book_id=4, supplier_id=2, cost=159.5146994134702, quantity=4, timestamp=1779044905560}
[kafka-producer-network-thread | producer-1] INFO is.project3.PurchaseEventProducer - Sent purchase event: PurchaseEvent{book_id=3, supplier_id=2, cost=41.102358786903615, quantity=3, timestamp=1779044905661}
[kafka-producer-network-thread | producer-1] INFO is.project3.PurchaseEventProducer - Sent purchase event: PurchaseEvent{book_id=2, supplier_id=5, cost=17.813609406596697, quantity=7, timestamp=1779044905761}
[kafka-producer-network-thread | producer-1] INFO is.project3.PurchaseEventProducer - Sent purchase event: PurchaseEvent{book_id=5, supplier_id=1, cost=1.9705320286315129, quantity=8, timestamp=1779044905862}
[kafka-producer-network-thread | producer-1] INFO is.project3.PurchaseEventProducer - Sent purchase event: PurchaseEvent{book_id=2, supplier_id=3, cost=14.639682750937537, quantity=3, timestamp=1779044905962}
[kafka-producer-network-thread | producer-1] INFO is.project3.PurchaseEventProducer - Sent purchase event: PurchaseEvent{book_id=1, supplier_id=1, cost=592.6011355279643, quantity=4, timestamp=1779044906063}
[kafka-producer-network-thread | producer-1] INFO is.project3.PurchaseEventProducer - Sent purchase event: PurchaseEvent{book_id=5, supplier_id=1, cost=2.282357479691475, quantity=5, timestamp=1779044906163}
[kafka-producer-network-thread | producer-1] INFO is.project3.PurchaseEventProducer - Sent purchase event: PurchaseEvent{book_id=5, supplier_id=2, cost=1.889886297193196, quantity=3, timestamp=1779044906264}
[kafka-producer-network-thread | producer-1] INFO is.project3.PurchaseEventProducer - Sent purchase event: PurchaseEvent{book_id=5, supplier_id=5, cost=2.23375032683591, quantity=2, timestamp=1779044906364}
[kafka-producer-network-thread | producer-1] INFO is.project3.PurchaseEventProducer - Sent purchase event: PurchaseEvent{book_id=1, supplier_id=5, cost=567.2424042699685, quantity=11, timestamp=1779044906465}
[kafka-producer-network-thread | producer-1] INFO is.project3.PurchaseEventProducer - Sent purchase event: PurchaseEvent{book_id=1, supplier_id=3, cost=542.6913153309749, quantity=20, timestamp=1779044906565}
[kafka-producer-network-thread | producer-1] INFO is.project3.PurchaseEventProducer - Sent purchase event: PurchaseEvent{book_id=2, supplier_id=1, cost=17.327683041599897, quantity=14, timestamp=1779044906666}
[kafka-producer-network-thread | producer-1] INFO is.project3.PurchaseEventProducer - Sent purchase event: PurchaseEvent{book_id=1, supplier_id=3, cost=457.90934761508754, quantity=15, timestamp=1779044906766}
[kafka-producer-network-thread | producer-1] INFO is.project3.PurchaseEventProducer - Sent purchase event: PurchaseEvent{book_id=4, supplier_id=4, cost=134.77146089435382, quantity=20, timestamp=1779044906867}
[kafka-producer-network-thread | producer-1] INFO is.project3.PurchaseEventProducer - Sent purchase event: PurchaseEvent{book_id=5, supplier_id=5, cost=2.357731708408193, quantity=2, timestamp=1779044906967}
[kafka-producer-network-thread | producer-1] INFO is.project3.PurchaseEventProducer - Sent purchase event: PurchaseEvent{book_id=4, supplier_id=1, cost=165.18401900664753, quantity=7, timestamp=1779044907067}
[kafka-producer-network-thread | producer-1] INFO is.project3.PurchaseEventProducer - Sent purchase event: PurchaseEvent{book_id=4, supplier_id=4, cost=126.33683465423907, quantity=10, timestamp=1779044907168}
[kafka-producer-network-thread | producer-1] INFO is.project3.PurchaseEventProducer - Sent purchase event: PurchaseEvent{book_id=5, supplier_id=3, cost=2.1839305456755436, quantity=1, timestamp=1779044907268}
[kafka-producer-network-thread | producer-1] INFO is.project3.PurchaseEventProducer - Sent purchase event: PurchaseEvent{book_id=1, supplier_id=2, cost=581.0919432535708, quantity=16, timestamp=1779044907368}
[kafka-producer-network-thread | producer-1] INFO is.project3.PurchaseEventProducer - Sent purchase event: PurchaseEvent{book_id=4, supplier_id=4, cost=165.65585088917322, quantity=6, timestamp=1779044907469}
[kafka-producer-network-thread | producer-1] INFO is.project3.PurchaseEventProducer - Sent purchase event: PurchaseEvent{book_id=4, supplier_id=3, cost=166.48122107722128, quantity=2, timestamp=1779044907569}
[kafka-producer-network-thread | producer-1] INFO is.project3.PurchaseEventProducer - Sent purchase event: PurchaseEvent{book_id=4, supplier_id=4, cost=140.86719174917098, quantity=20, timestamp=1779044907670}
[kafka-producer-network-thread | producer-1] INFO is.project3.PurchaseEventProducer - Sent purchase event: PurchaseEvent{book_id=5, supplier_id=3, cost=1.9983458716111753, quantity=18, timestamp=1779044907771}
[kafka-producer-network-thread | producer-1] INFO is.project3.PurchaseEventProducer - Sent purchase event: PurchaseEvent{book_id=5, supplier_id=3, cost=1.945955534185648, quantity=9, timestamp=1779044907871}
[kafka-producer-network-thread | producer-1] INFO is.project3.PurchaseEventProducer - Sent purchase event: PurchaseEvent{book_id=2, supplier_id=2, cost=14.016632858656106, quantity=13, timestamp=1779044907972}
[kafka-producer-network-thread | producer-1] INFO is.project3.PurchaseEventProducer - Sent purchase event: PurchaseEvent{book_id=3, supplier_id=4, cost=35.139838697575875, quantity=5, timestamp=1779044908072}
[kafka-producer-network-thread | producer-1] INFO is.project3.PurchaseEventProducer - Sent purchase event: PurchaseEvent{book_id=2, supplier_id=5, cost=17.45203691411938, quantity=3, timestamp=1779044908172}
[kafka-producer-network-thread | producer-1] INFO is.project3.PurchaseEventProducer - Sent purchase event: PurchaseEvent{book_id=2, supplier_id=2, cost=13.932052178636816, quantity=18, timestamp=1779044908273}
[kafka-producer-network-thread | producer-1] INFO is.project3.PurchaseEventProducer - Sent purchase event: PurchaseEvent{book_id=2, supplier_id=2, cost=16.605290495247466, quantity=14, timestamp=1779044908373}
[kafka-producer-network-thread | producer-1] INFO is.project3.PurchaseEventProducer - Sent purchase event: PurchaseEvent{book_id=4, supplier_id=5, cost=144.9579727283442, quantity=16, timestamp=1779044908473}
[kafka-producer-network-thread | producer-1] INFO is.project3.PurchaseEventProducer - Sent purchase event: PurchaseEvent{book_id=5, supplier_id=3, cost=2.0404012326922527, quantity=12, timestamp=1779044908574}
[kafka-producer-network-thread | producer-1] INFO is.project3.PurchaseEventProducer - Sent purchase event: PurchaseEvent{book_id=5, supplier_id=2, cost=1.6088115747088325, quantity=17, timestamp=1779044908674}
[kafka-producer-network-thread | producer-1] INFO is.project3.PurchaseEventProducer - Sent purchase event: PurchaseEvent{book_id=3, supplier_id=2, cost=44.006512177476964, quantity=11, timestamp=1779044908775}
[kafka-producer-network-thread | producer-1] INFO is.project3.PurchaseEventProducer - Sent purchase event: PurchaseEvent{book_id=5, supplier_id=3, cost=1.61985603957349, quantity=13, timestamp=1779044908875}
[kafka-producer-network-thread | producer-1] INFO is.project3.PurchaseEventProducer - Sent purchase event: PurchaseEvent{book_id=5, supplier_id=5, cost=2.382535828079165, quantity=17, timestamp=1779044908974}
[kafka-producer-network-thread | producer-1] INFO is.project3.PurchaseEventProducer - Sent purchase event: PurchaseEvent{book_id=5, supplier_id=5, cost=2.0442565578689464, quantity=9, timestamp=1779044909074}
[kafka-producer-network-thread | producer-1] INFO is.project3.PurchaseEventProducer - Sent purchase event: PurchaseEvent{book_id=3, supplier_id=3, cost=39.87520529919877, quantity=1, timestamp=1779044909175}
[kafka-producer-network-thread | producer-1] INFO is.project3.PurchaseEventProducer - Sent purchase event: PurchaseEvent{book_id=5, supplier_id=4, cost=1.948165980893904, quantity=17, timestamp=1779044909275}
[kafka-producer-network-thread | producer-1] INFO is.project3.PurchaseEventProducer - Sent purchase event: PurchaseEvent{book_id=5, supplier_id=5, cost=1.6403362836350608, quantity=19, timestamp=1779044909376}
[kafka-producer-network-thread | producer-1] INFO is.project3.PurchaseEventProducer - Sent purchase event: PurchaseEvent{book_id=1, supplier_id=5, cost=460.0899763875547, quantity=16, timestamp=1779044909476}
[kafka-producer-network-thread | producer-1] INFO is.project3.PurchaseEventProducer - Sent purchase event: PurchaseEvent{book_id=4, supplier_id=5, cost=144.13963928103084, quantity=4, timestamp=1779044909577}
[kafka-producer-network-thread | producer-1] INFO is.project3.PurchaseEventProducer - Sent purchase event: PurchaseEvent{book_id=3, supplier_id=2, cost=44.8644915181007, quantity=17, timestamp=1779044909677}
[kafka-producer-network-thread | producer-1] INFO is.project3.PurchaseEventProducer - Sent purchase event: PurchaseEvent{book_id=1, supplier_id=1, cost=480.02999385010463, quantity=17, timestamp=1779044909777}
[kafka-producer-network-thread | producer-1] INFO is.project3.PurchaseEventProducer - Sent purchase event: PurchaseEvent{book_id=5, supplier_id=3, cost=1.8769619922490204, quantity=12, timestamp=1779044909878}
[kafka-producer-network-thread | producer-1] INFO is.project3.PurchaseEventProducer - Sent purchase event: PurchaseEvent{book_id=3, supplier_id=1, cost=40.81740286830029, quantity=19, timestamp=1779044909978}
[kafka-producer-network-thread | producer-1] INFO is.project3.PurchaseEventProducer - Sent purchase event: PurchaseEvent{book_id=2, supplier_id=5, cost=14.716861969870164, quantity=18, timestamp=1779044910078}
[kafka-producer-network-thread | producer-1] INFO is.project3.PurchaseEventProducer - Sent purchase event: PurchaseEvent{book_id=2, supplier_id=2, cost=17.534586660570174, quantity=7, timestamp=1779044910178}
[kafka-producer-network-thread | producer-1] INFO is.project3.PurchaseEventProducer - Sent purchase event: PurchaseEvent{book_id=4, supplier_id=5, cost=123.68399870339414, quantity=11, timestamp=1779044910279}
[kafka-producer-network-thread | producer-1] INFO is.project3.PurchaseEventProducer - Sent purchase event: PurchaseEvent{book_id=1, supplier_id=2, cost=557.7676855782263, quantity=16, timestamp=1779044910379}
[kafka-producer-network-thread | producer-1] INFO is.project3.PurchaseEventProducer - Sent purchase event: PurchaseEvent{book_id=3, supplier_id=1, cost=36.73702679791511, quantity=19, timestamp=1779044910479}
[kafka-producer-network-thread | producer-1] INFO is.project3.PurchaseEventProducer - Sent purchase event: PurchaseEvent{book_id=2, supplier_id=2, cost=17.433730524586736, quantity=18, timestamp=1779044910580}
[kafka-producer-network-thread | producer-1] INFO is.project3.PurchaseEventProducer - Sent purchase event: PurchaseEvent{book_id=3, supplier_id=1, cost=37.29029238107242, quantity=7, timestamp=1779044910680}
[kafka-producer-network-thread | producer-1] INFO is.project3.PurchaseEventProducer - Sent purchase event: PurchaseEvent{book_id=2, supplier_id=4, cost=13.448886499655325, quantity=14, timestamp=1779044910780}
[kafka-producer-network-thread | producer-1] INFO is.project3.PurchaseEventProducer - Sent purchase event: PurchaseEvent{book_id=2, supplier_id=5, cost=14.115471008482045, quantity=16, timestamp=1779044910881}
[kafka-producer-network-thread | producer-1] INFO is.project3.PurchaseEventProducer - Sent purchase event: PurchaseEvent{book_id=4, supplier_id=1, cost=176.88772350841734, quantity=2, timestamp=1779044910981}
[kafka-producer-network-thread | producer-1] INFO is.project3.PurchaseEventProducer - Sent purchase event: PurchaseEvent{book_id=5, supplier_id=2, cost=1.7680634243767686, quantity=15, timestamp=1779044911081}
[kafka-producer-network-thread | producer-1] INFO is.project3.PurchaseEventProducer - Sent purchase event: PurchaseEvent{book_id=5, supplier_id=4, cost=1.8299405042502959, quantity=20, timestamp=1779044911182}
[kafka-producer-network-thread | producer-1] INFO is.project3.PurchaseEventProducer - Sent purchase event: PurchaseEvent{book_id=1, supplier_id=2, cost=415.53535664450646, quantity=15, timestamp=1779044911282}
[kafka-producer-network-thread | producer-1] INFO is.project3.PurchaseEventProducer - Sent purchase event: PurchaseEvent{book_id=3, supplier_id=2, cost=39.402164024915024, quantity=6, timestamp=1779044911383}
[kafka-producer-network-thread | producer-1] INFO is.project3.PurchaseEventProducer - Sent purchase event: PurchaseEvent{book_id=3, supplier_id=4, cost=37.12935923506049, quantity=18, timestamp=1779044911483}
[kafka-producer-network-thread | producer-1] INFO is.project3.PurchaseEventProducer - Sent purchase event: PurchaseEvent{book_id=4, supplier_id=3, cost=152.70600776319813, quantity=15, timestamp=1779044911584}
[kafka-producer-network-thread | producer-1] INFO is.project3.PurchaseEventProducer - Sent purchase event: PurchaseEvent{book_id=5, supplier_id=4, cost=1.6411405193025934, quantity=18, timestamp=1779044911684}
[kafka-producer-network-thread | producer-1] INFO is.project3.PurchaseEventProducer - Sent purchase event: PurchaseEvent{book_id=5, supplier_id=3, cost=1.8911349861984004, quantity=4, timestamp=1779044911784}
[kafka-producer-network-thread | producer-1] INFO is.project3.PurchaseEventProducer - Sent purchase event: PurchaseEvent{book_id=4, supplier_id=4, cost=131.8508391233541, quantity=15, timestamp=1779044911885}
[kafka-producer-network-thread | producer-1] INFO is.project3.PurchaseEventProducer - Sent purchase event: PurchaseEvent{book_id=4, supplier_id=4, cost=145.34690342728314, quantity=1, timestamp=1779044911985}
[kafka-producer-network-thread | producer-1] INFO is.project3.PurchaseEventProducer - Sent purchase event: PurchaseEvent{book_id=5, supplier_id=3, cost=2.287985463362638, quantity=4, timestamp=1779044912085}
[kafka-producer-network-thread | producer-1] INFO is.project3.PurchaseEventProducer - Sent purchase event: PurchaseEvent{book_id=1, supplier_id=2, cost=432.41189711118835, quantity=9, timestamp=1779044912186}
[kafka-producer-network-thread | producer-1] INFO is.project3.PurchaseEventProducer - Sent purchase event: PurchaseEvent{book_id=3, supplier_id=3, cost=38.71741592084937, quantity=20, timestamp=1779044912286}
[kafka-producer-network-thread | producer-1] INFO is.project3.PurchaseEventProducer - Sent purchase event: PurchaseEvent{book_id=3, supplier_id=5, cost=36.67652535484479, quantity=12, timestamp=1779044912386}
[kafka-producer-network-thread | producer-1] INFO is.project3.PurchaseEventProducer - Sent purchase event: PurchaseEvent{book_id=2, supplier_id=1, cost=13.216063844130511, quantity=5, timestamp=1779044912487}
[kafka-producer-network-thread | producer-1] INFO is.project3.PurchaseEventProducer - Sent purchase event: PurchaseEvent{book_id=3, supplier_id=4, cost=44.62865288597851, quantity=5, timestamp=1779044912587}
[kafka-producer-network-thread | producer-1] INFO is.project3.PurchaseEventProducer - Sent purchase event: PurchaseEvent{book_id=3, supplier_id=3, cost=36.35863263102675, quantity=5, timestamp=1779044912687}
[kafka-producer-network-thread | producer-1] INFO is.project3.PurchaseEventProducer - Sent purchase event: PurchaseEvent{book_id=4, supplier_id=2, cost=169.77367563347917, quantity=13, timestamp=1779044912788}
[kafka-producer-network-thread | producer-1] INFO is.project3.PurchaseEventProducer - Sent purchase event: PurchaseEvent{book_id=3, supplier_id=3, cost=47.98847144071019, quantity=13, timestamp=1779044912888}
[kafka-producer-network-thread | producer-1] INFO is.project3.PurchaseEventProducer - Sent purchase event: PurchaseEvent{book_id=2, supplier_id=5, cost=17.571016050621395, quantity=16, timestamp=1779044912989}
[kafka-producer-network-thread | producer-1] INFO is.project3.PurchaseEventProducer - Sent purchase event: PurchaseEvent{book_id=3, supplier_id=2, cost=47.32944128554539, quantity=13, timestamp=1779044913089}
[kafka-producer-network-thread | producer-1] INFO is.project3.PurchaseEventProducer - Sent purchase event: PurchaseEvent{book_id=1, supplier_id=4, cost=555.2977464769958, quantity=2, timestamp=1779044913189}
[kafka-producer-network-thread | producer-1] INFO is.project3.PurchaseEventProducer - Sent purchase event: PurchaseEvent{book_id=5, supplier_id=3, cost=2.1832777260989986, quantity=5, timestamp=1779044913290}
[kafka-producer-network-thread | producer-1] INFO is.project3.PurchaseEventProducer - Sent purchase event: PurchaseEvent{book_id=4, supplier_id=4, cost=161.4090227482318, quantity=5, timestamp=1779044913390}
[kafka-producer-network-thread | producer-1] INFO is.project3.PurchaseEventProducer - Sent purchase event: PurchaseEvent{book_id=5, supplier_id=5, cost=2.0935698199489523, quantity=8, timestamp=1779044913491}
[kafka-producer-network-thread | producer-1] INFO is.project3.PurchaseEventProducer - Sent purchase event: PurchaseEvent{book_id=3, supplier_id=3, cost=44.236527472195, quantity=19, timestamp=1779044913591}
[kafka-producer-network-thread | producer-1] INFO is.project3.PurchaseEventProducer - Sent purchase event: PurchaseEvent{book_id=5, supplier_id=4, cost=1.8726400137291939, quantity=5, timestamp=1779044913692}
[kafka-producer-network-thread | producer-1] INFO is.project3.PurchaseEventProducer - Sent purchase event: PurchaseEvent{book_id=3, supplier_id=3, cost=35.37319838563847, quantity=16, timestamp=1779044913792}
[kafka-producer-network-thread | producer-1] INFO is.project3.PurchaseEventProducer - Sent purchase event: PurchaseEvent{book_id=3, supplier_id=1, cost=34.63061869580152, quantity=5, timestamp=1779044913893}
[kafka-producer-network-thread | producer-1] INFO is.project3.PurchaseEventProducer - Sent purchase event: PurchaseEvent{book_id=4, supplier_id=3, cost=151.5352112588361, quantity=2, timestamp=1779044913993}
[kafka-producer-network-thread | producer-1] INFO is.project3.PurchaseEventProducer - Sent purchase event: PurchaseEvent{book_id=3, supplier_id=3, cost=44.46678235164996, quantity=17, timestamp=1779044914093}
[kafka-producer-network-thread | producer-1] INFO is.project3.PurchaseEventProducer - Sent purchase event: PurchaseEvent{book_id=3, supplier_id=4, cost=33.326836925977986, quantity=10, timestamp=1779044914194}
[kafka-producer-network-thread | producer-1] INFO is.project3.PurchaseEventProducer - Sent purchase event: PurchaseEvent{book_id=5, supplier_id=1, cost=2.3234954382202457, quantity=10, timestamp=1779044914294}
[kafka-producer-network-thread | producer-1] INFO is.project3.PurchaseEventProducer - Sent purchase event: PurchaseEvent{book_id=2, supplier_id=4, cost=12.831546017837258, quantity=5, timestamp=1779044914395}
[kafka-producer-network-thread | producer-1] INFO is.project3.PurchaseEventProducer - Sent purchase event: PurchaseEvent{book_id=1, supplier_id=1, cost=539.6739751965673, quantity=11, timestamp=1779044914495}
[kafka-producer-network-thread | producer-1] INFO is.project3.PurchaseEventProducer - Sent purchase event: PurchaseEvent{book_id=5, supplier_id=3, cost=2.108635116375141, quantity=18, timestamp=1779044914595}
[kafka-producer-network-thread | producer-1] INFO is.project3.PurchaseEventProducer - Sent purchase event: PurchaseEvent{book_id=1, supplier_id=1, cost=415.3806295367792, quantity=11, timestamp=1779044914695}
[kafka-producer-network-thread | producer-1] INFO is.project3.PurchaseEventProducer - Sent purchase event: PurchaseEvent{book_id=2, supplier_id=5, cost=12.139766217677861, quantity=5, timestamp=1779044914796}
[kafka-producer-network-thread | producer-1] INFO is.project3.PurchaseEventProducer - Sent purchase event: PurchaseEvent{book_id=4, supplier_id=4, cost=120.11779077409162, quantity=14, timestamp=1779044914896}
[kafka-producer-network-thread | producer-1] INFO is.project3.PurchaseEventProducer - Sent purchase event: PurchaseEvent{book_id=5, supplier_id=5, cost=2.0739256297755326, quantity=4, timestamp=1779044914997}
[kafka-producer-network-thread | producer-1] INFO is.project3.PurchaseEventProducer - Sent purchase event: PurchaseEvent{book_id=3, supplier_id=2, cost=42.68624208412217, quantity=3, timestamp=1779044915097}
[kafka-producer-network-thread | producer-1] INFO is.project3.PurchaseEventProducer - Sent purchase event: PurchaseEvent{book_id=5, supplier_id=4, cost=1.8763660887202007, quantity=18, timestamp=1779044915197}
[kafka-producer-network-thread | producer-1] INFO is.project3.PurchaseEventProducer - Sent purchase event: PurchaseEvent{book_id=4, supplier_id=5, cost=177.9234884938035, quantity=18, timestamp=1779044915298}
[kafka-producer-network-thread | producer-1] INFO is.project3.PurchaseEventProducer - Sent purchase event: PurchaseEvent{book_id=1, supplier_id=1, cost=568.7573964949, quantity=6, timestamp=1779044915398}
[kafka-producer-network-thread | producer-1] INFO is.project3.PurchaseEventProducer - Sent purchase event: PurchaseEvent{book_id=1, supplier_id=5, cost=508.2962662123782, quantity=11, timestamp=1779044915498}
[kafka-producer-network-thread | producer-1] INFO is.project3.PurchaseEventProducer - Sent purchase event: PurchaseEvent{book_id=3, supplier_id=2, cost=46.67672228612239, quantity=5, timestamp=1779044915599}
[kafka-producer-network-thread | producer-1] INFO is.project3.PurchaseEventProducer - Sent purchase event: PurchaseEvent{book_id=2, supplier_id=3, cost=14.21271660019158, quantity=16, timestamp=1779044915699}
[kafka-producer-network-thread | producer-1] INFO is.project3.PurchaseEventProducer - Sent purchase event: PurchaseEvent{book_id=4, supplier_id=1, cost=137.3823897345446, quantity=6, timestamp=1779044915799}
[kafka-producer-network-thread | producer-1] INFO is.project3.PurchaseEventProducer - Sent purchase event: PurchaseEvent{book_id=4, supplier_id=2, cost=179.58207027469518, quantity=4, timestamp=1779044915900}
[kafka-producer-network-thread | producer-1] INFO is.project3.PurchaseEventProducer - Sent purchase event: PurchaseEvent{book_id=2, supplier_id=5, cost=15.633197432390007, quantity=11, timestamp=1779044916000}
[kafka-producer-network-thread | producer-1] INFO is.project3.PurchaseEventProducer - Sent purchase event: PurchaseEvent{book_id=1, supplier_id=5, cost=415.2324570840709, quantity=20, timestamp=1779044916101}
[kafka-producer-network-thread | producer-1] INFO is.project3.PurchaseEventProducer - Sent purchase event: PurchaseEvent{book_id=2, supplier_id=5, cost=14.202257574198017, quantity=18, timestamp=1779044916201}
[kafka-producer-network-thread | producer-1] INFO is.project3.PurchaseEventProducer - Sent purchase event: PurchaseEvent{book_id=1, supplier_id=1, cost=458.1279077603896, quantity=19, timestamp=1779044916301}
[kafka-producer-network-thread | producer-1] INFO is.project3.PurchaseEventProducer - Sent purchase event: PurchaseEvent{book_id=2, supplier_id=1, cost=15.899891639812651, quantity=10, timestamp=1779044916402}
[kafka-producer-network-thread | producer-1] INFO is.project3.PurchaseEventProducer - Sent purchase event: PurchaseEvent{book_id=4, supplier_id=3, cost=128.0606916178346, quantity=2, timestamp=1779044916502}
[kafka-producer-network-thread | producer-1] INFO is.project3.PurchaseEventProducer - Sent purchase event: PurchaseEvent{book_id=2, supplier_id=1, cost=17.739260182139137, quantity=3, timestamp=1779044916603}
[kafka-producer-network-thread | producer-1] INFO is.project3.PurchaseEventProducer - Sent purchase event: PurchaseEvent{book_id=1, supplier_id=5, cost=489.61021627133186, quantity=5, timestamp=1779044916703}
[kafka-producer-network-thread | producer-1] INFO is.project3.PurchaseEventProducer - Sent purchase event: PurchaseEvent{book_id=5, supplier_id=5, cost=1.7101754369738522, quantity=7, timestamp=1779044916803}
[kafka-producer-network-thread | producer-1] INFO is.project3.PurchaseEventProducer - Sent purchase event: PurchaseEvent{book_id=2, supplier_id=5, cost=16.748641512140452, quantity=15, timestamp=1779044916904}
[kafka-producer-network-thread | producer-1] INFO is.project3.PurchaseEventProducer - Sent purchase event: PurchaseEvent{book_id=1, supplier_id=2, cost=491.76396589605923, quantity=5, timestamp=1779044917004}
[kafka-producer-network-thread | producer-1] INFO is.project3.PurchaseEventProducer - Sent purchase event: PurchaseEvent{book_id=4, supplier_id=1, cost=120.70833951624756, quantity=17, timestamp=1779044917104}
[kafka-producer-network-thread | producer-1] INFO is.project3.PurchaseEventProducer - Sent purchase event: PurchaseEvent{book_id=5, supplier_id=5, cost=2.0027439692242153, quantity=20, timestamp=1779044917205}
[kafka-producer-network-thread | producer-1] INFO is.project3.PurchaseEventProducer - Sent purchase event: PurchaseEvent{book_id=3, supplier_id=2, cost=46.805155049302456, quantity=18, timestamp=1779044917305}
[kafka-producer-network-thread | producer-1] INFO is.project3.PurchaseEventProducer - Sent purchase event: PurchaseEvent{book_id=1, supplier_id=2, cost=509.5847930891837, quantity=1, timestamp=1779044917405}
[kafka-producer-network-thread | producer-1] INFO is.project3.PurchaseEventProducer - Sent purchase event: PurchaseEvent{book_id=4, supplier_id=3, cost=171.1392960423912, quantity=11, timestamp=1779044917506}
[kafka-producer-network-thread | producer-1] INFO is.project3.PurchaseEventProducer - Sent purchase event: PurchaseEvent{book_id=3, supplier_id=2, cost=35.87472961270357, quantity=12, timestamp=1779044917606}
[kafka-producer-network-thread | producer-1] INFO is.project3.PurchaseEventProducer - Sent purchase event: PurchaseEvent{book_id=2, supplier_id=2, cost=15.409775566201043, quantity=11, timestamp=1779044917706}
[kafka-producer-network-thread | producer-1] INFO is.project3.PurchaseEventProducer - Sent purchase event: PurchaseEvent{book_id=1, supplier_id=4, cost=447.18315327638527, quantity=10, timestamp=1779044917807}
[kafka-producer-network-thread | producer-1] INFO is.project3.PurchaseEventProducer - Sent purchase event: PurchaseEvent{book_id=3, supplier_id=5, cost=32.24376175261048, quantity=18, timestamp=1779044917907}
[kafka-producer-network-thread | producer-1] INFO is.project3.PurchaseEventProducer - Sent purchase event: PurchaseEvent{book_id=2, supplier_id=4, cost=16.572740511843364, quantity=14, timestamp=1779044918008}
[kafka-producer-network-thread | producer-1] INFO is.project3.PurchaseEventProducer - Sent purchase event: PurchaseEvent{book_id=1, supplier_id=3, cost=474.2582197166749, quantity=2, timestamp=1779044918108}
[kafka-producer-network-thread | producer-1] INFO is.project3.PurchaseEventProducer - Sent purchase event: PurchaseEvent{book_id=3, supplier_id=2, cost=42.52162440865806, quantity=6, timestamp=1779044918208}
[kafka-producer-network-thread | producer-1] INFO is.project3.PurchaseEventProducer - Sent purchase event: PurchaseEvent{book_id=1, supplier_id=4, cost=489.6252144482907, quantity=6, timestamp=1779044918309}
[kafka-producer-network-thread | producer-1] INFO is.project3.PurchaseEventProducer - Sent purchase event: PurchaseEvent{book_id=4, supplier_id=1, cost=137.117311517265, quantity=5, timestamp=1779044918409}
[kafka-producer-network-thread | producer-1] INFO is.project3.PurchaseEventProducer - Sent purchase event: PurchaseEvent{book_id=5, supplier_id=4, cost=2.0733394307503614, quantity=12, timestamp=1779044918509}
[kafka-producer-network-thread | producer-1] INFO is.project3.PurchaseEventProducer - Sent purchase event: PurchaseEvent{book_id=5, supplier_id=1, cost=1.8858892998653052, quantity=16, timestamp=1779044918610}
[kafka-producer-network-thread | producer-1] INFO is.project3.PurchaseEventProducer - Sent purchase event: PurchaseEvent{book_id=3, supplier_id=3, cost=41.48421183204481, quantity=4, timestamp=1779044918710}
[kafka-producer-network-thread | producer-1] INFO is.project3.PurchaseEventProducer - Sent purchase event: PurchaseEvent{book_id=3, supplier_id=4, cost=33.041934031405084, quantity=14, timestamp=1779044918810}
[kafka-producer-network-thread | producer-1] INFO is.project3.PurchaseEventProducer - Sent purchase event: PurchaseEvent{book_id=5, supplier_id=3, cost=1.7206136955140103, quantity=20, timestamp=1779044918911}
[kafka-producer-network-thread | producer-1] INFO is.project3.PurchaseEventProducer - Sent purchase event: PurchaseEvent{book_id=1, supplier_id=4, cost=545.8266675142174, quantity=18, timestamp=1779044919011}
[kafka-producer-network-thread | producer-1] INFO is.project3.PurchaseEventProducer - Sent purchase event: PurchaseEvent{book_id=5, supplier_id=1, cost=1.8306473831811514, quantity=19, timestamp=1779044919111}
[kafka-producer-network-thread | producer-1] INFO is.project3.PurchaseEventProducer - Sent purchase event: PurchaseEvent{book_id=1, supplier_id=4, cost=530.3156101969297, quantity=12, timestamp=1779044919212}
[kafka-producer-network-thread | producer-1] INFO is.project3.PurchaseEventProducer - Sent purchase event: PurchaseEvent{book_id=2, supplier_id=4, cost=14.36233384690022, quantity=14, timestamp=1779044919312}
[kafka-producer-network-thread | producer-1] INFO is.project3.PurchaseEventProducer - Sent purchase event: PurchaseEvent{book_id=1, supplier_id=3, cost=545.7392226746024, quantity=13, timestamp=1779044919412}
[kafka-producer-network-thread | producer-1] INFO is.project3.PurchaseEventProducer - Sent purchase event: PurchaseEvent{book_id=3, supplier_id=2, cost=38.74326518235136, quantity=5, timestamp=1779044919513}
[kafka-producer-network-thread | producer-1] INFO is.project3.PurchaseEventProducer - Sent purchase event: PurchaseEvent{book_id=4, supplier_id=2, cost=122.62555770303932, quantity=2, timestamp=1779044919613}
[kafka-producer-network-thread | producer-1] INFO is.project3.PurchaseEventProducer - Sent purchase event: PurchaseEvent{book_id=5, supplier_id=4, cost=2.2515960243559254, quantity=14, timestamp=1779044919713}
[kafka-producer-network-thread | producer-1] INFO is.project3.PurchaseEventProducer - Sent purchase event: PurchaseEvent{book_id=1, supplier_id=2, cost=520.0183020169198, quantity=18, timestamp=1779044919814}
[kafka-producer-network-thread | producer-1] INFO is.project3.PurchaseEventProducer - Sent purchase event: PurchaseEvent{book_id=1, supplier_id=1, cost=436.1398461828733, quantity=19, timestamp=1779044919914}
[kafka-producer-network-thread | producer-1] INFO is.project3.PurchaseEventProducer - Sent purchase event: PurchaseEvent{book_id=5, supplier_id=3, cost=2.3634097447408613, quantity=3, timestamp=1779044920015}
[kafka-producer-network-thread | producer-1] INFO is.project3.PurchaseEventProducer - Sent purchase event: PurchaseEvent{book_id=3, supplier_id=2, cost=37.86913572682821, quantity=4, timestamp=1779044920115}
[kafka-producer-network-thread | producer-1] INFO is.project3.PurchaseEventProducer - Sent purchase event: PurchaseEvent{book_id=2, supplier_id=5, cost=14.364510501851324, quantity=5, timestamp=1779044920215}
[kafka-producer-network-thread | producer-1] INFO is.project3.PurchaseEventProducer - Sent purchase event: PurchaseEvent{book_id=3, supplier_id=3, cost=38.56199609371346, quantity=5, timestamp=1779044920316}
[kafka-producer-network-thread | producer-1] INFO is.project3.PurchaseEventProducer - Sent purchase event: PurchaseEvent{book_id=3, supplier_id=4, cost=32.34657089020067, quantity=6, timestamp=1779044920416}
[kafka-producer-network-thread | producer-1] INFO is.project3.PurchaseEventProducer - Sent purchase event: PurchaseEvent{book_id=1, supplier_id=2, cost=453.71366733013804, quantity=11, timestamp=1779044920516}
[kafka-producer-network-thread | producer-1] INFO is.project3.PurchaseEventProducer - Sent purchase event: PurchaseEvent{book_id=4, supplier_id=3, cost=163.07754285121285, quantity=1, timestamp=1779044920618}
[kafka-producer-network-thread | producer-1] INFO is.project3.PurchaseEventProducer - Sent purchase event: PurchaseEvent{book_id=2, supplier_id=4, cost=14.038198493204025, quantity=1, timestamp=1779044920718}
[kafka-producer-network-thread | producer-1] INFO is.project3.PurchaseEventProducer - Sent purchase event: PurchaseEvent{book_id=4, supplier_id=1, cost=130.8207627551463, quantity=13, timestamp=1779044920819}
[kafka-producer-network-thread | producer-1] INFO is.project3.PurchaseEventProducer - Sent purchase event: PurchaseEvent{book_id=1, supplier_id=2, cost=577.4786610122935, quantity=15, timestamp=1779044920919}
[kafka-producer-network-thread | producer-1] INFO is.project3.PurchaseEventProducer - Sent purchase event: PurchaseEvent{book_id=2, supplier_id=4, cost=17.145891847398588, quantity=17, timestamp=1779044921020}
[kafka-producer-network-thread | producer-1] INFO is.project3.PurchaseEventProducer - Sent purchase event: PurchaseEvent{book_id=3, supplier_id=5, cost=35.39073589147005, quantity=19, timestamp=1779044921120}
[kafka-producer-network-thread | producer-1] INFO is.project3.PurchaseEventProducer - Sent purchase event: PurchaseEvent{book_id=5, supplier_id=4, cost=2.312575424083739, quantity=8, timestamp=1779044921220}
[kafka-producer-network-thread | producer-1] INFO is.project3.PurchaseEventProducer - Sent purchase event: PurchaseEvent{book_id=3, supplier_id=5, cost=37.62781341327522, quantity=3, timestamp=1779044921320}
[kafka-producer-network-thread | producer-1] INFO is.project3.PurchaseEventProducer - Sent purchase event: PurchaseEvent{book_id=3, supplier_id=1, cost=32.37550743935305, quantity=6, timestamp=1779044921421}
[kafka-producer-network-thread | producer-1] INFO is.project3.PurchaseEventProducer - Sent purchase event: PurchaseEvent{book_id=2, supplier_id=3, cost=17.917780639235552, quantity=7, timestamp=1779044921521}
[kafka-producer-network-thread | producer-1] INFO is.project3.PurchaseEventProducer - Sent purchase event: PurchaseEvent{book_id=1, supplier_id=5, cost=597.17177117344, quantity=7, timestamp=1779044921621}
[kafka-producer-network-thread | producer-1] INFO is.project3.PurchaseEventProducer - Sent purchase event: PurchaseEvent{book_id=3, supplier_id=2, cost=43.35907832014014, quantity=17, timestamp=1779044921722}
[kafka-producer-network-thread | producer-1] INFO is.project3.PurchaseEventProducer - Sent purchase event: PurchaseEvent{book_id=4, supplier_id=2, cost=153.64267189274443, quantity=2, timestamp=1779044921822}
[kafka-producer-network-thread | producer-1] INFO is.project3.PurchaseEventProducer - Sent purchase event: PurchaseEvent{book_id=3, supplier_id=2, cost=35.72101970545717, quantity=8, timestamp=1779044921922}
[kafka-producer-network-thread | producer-1] INFO is.project3.PurchaseEventProducer - Sent purchase event: PurchaseEvent{book_id=3, supplier_id=1, cost=36.318582309982006, quantity=1, timestamp=1779044922022}
[kafka-producer-network-thread | producer-1] INFO is.project3.PurchaseEventProducer - Sent purchase event: PurchaseEvent{book_id=2, supplier_id=2, cost=15.14566569853286, quantity=14, timestamp=1779044922123}
[kafka-producer-network-thread | producer-1] INFO is.project3.PurchaseEventProducer - Sent purchase event: PurchaseEvent{book_id=2, supplier_id=1, cost=12.363735734513934, quantity=18, timestamp=1779044922223}
[kafka-producer-network-thread | producer-1] INFO is.project3.PurchaseEventProducer - Sent purchase event: PurchaseEvent{book_id=4, supplier_id=2, cost=150.58752442679756, quantity=10, timestamp=1779044922323}
[kafka-producer-network-thread | producer-1] INFO is.project3.PurchaseEventProducer - Sent purchase event: PurchaseEvent{book_id=4, supplier_id=4, cost=123.1974956088427, quantity=17, timestamp=1779044922424}
[kafka-producer-network-thread | producer-1] INFO is.project3.PurchaseEventProducer - Sent purchase event: PurchaseEvent{book_id=1, supplier_id=5, cost=552.881447894872, quantity=7, timestamp=1779044922524}
[kafka-producer-network-thread | producer-1] INFO is.project3.PurchaseEventProducer - Sent purchase event: PurchaseEvent{book_id=3, supplier_id=5, cost=34.132654993205065, quantity=6, timestamp=1779044922625}
[kafka-producer-network-thread | producer-1] INFO is.project3.PurchaseEventProducer - Sent purchase event: PurchaseEvent{book_id=1, supplier_id=5, cost=470.3165610817076, quantity=18, timestamp=1779044922725}
[kafka-producer-network-thread | producer-1] INFO is.project3.PurchaseEventProducer - Sent purchase event: PurchaseEvent{book_id=5, supplier_id=3, cost=2.1625471134630345, quantity=3, timestamp=1779044922825}
[kafka-producer-network-thread | producer-1] INFO is.project3.PurchaseEventProducer - Sent purchase event: PurchaseEvent{book_id=3, supplier_id=3, cost=36.80031392211305, quantity=2, timestamp=1779044922926}
[kafka-producer-network-thread | producer-1] INFO is.project3.PurchaseEventProducer - Sent purchase event: PurchaseEvent{book_id=3, supplier_id=5, cost=37.47749789567819, quantity=9, timestamp=1779044923026}
[kafka-producer-network-thread | producer-1] INFO is.project3.PurchaseEventProducer - Sent purchase event: PurchaseEvent{book_id=5, supplier_id=4, cost=1.9663161264251179, quantity=5, timestamp=1779044923126}
[kafka-producer-network-thread | producer-1] INFO is.project3.PurchaseEventProducer - Sent purchase event: PurchaseEvent{book_id=2, supplier_id=4, cost=13.654725481190175, quantity=8, timestamp=1779044923227}
[kafka-producer-network-thread | producer-1] INFO is.project3.PurchaseEventProducer - Sent purchase event: PurchaseEvent{book_id=4, supplier_id=4, cost=149.68834807873128, quantity=8, timestamp=1779044923327}
[kafka-producer-network-thread | producer-1] INFO is.project3.PurchaseEventProducer - Sent purchase event: PurchaseEvent{book_id=3, supplier_id=2, cost=37.3759551165192, quantity=11, timestamp=1779044923428}
[kafka-producer-network-thread | producer-1] INFO is.project3.PurchaseEventProducer - Sent purchase event: PurchaseEvent{book_id=3, supplier_id=4, cost=43.88477545665154, quantity=14, timestamp=1779044923528}
[kafka-producer-network-thread | producer-1] INFO is.project3.PurchaseEventProducer - Sent purchase event: PurchaseEvent{book_id=3, supplier_id=3, cost=47.333466447273544, quantity=3, timestamp=1779044923628}
[kafka-producer-network-thread | producer-1] INFO is.project3.PurchaseEventProducer - Sent purchase event: PurchaseEvent{book_id=3, supplier_id=1, cost=43.17928238370571, quantity=12, timestamp=1779044923728}
[kafka-producer-network-thread | producer-1] INFO is.project3.PurchaseEventProducer - Sent purchase event: PurchaseEvent{book_id=2, supplier_id=2, cost=14.260280177825178, quantity=18, timestamp=1779044923829}
[kafka-producer-network-thread | producer-1] INFO is.project3.PurchaseEventProducer - Sent purchase event: PurchaseEvent{book_id=2, supplier_id=5, cost=15.338259287742076, quantity=9, timestamp=1779044923929}
[kafka-producer-network-thread | producer-1] INFO is.project3.PurchaseEventProducer - Sent purchase event: PurchaseEvent{book_id=2, supplier_id=1, cost=15.248588121099694, quantity=3, timestamp=1779044924030}
[kafka-producer-network-thread | producer-1] INFO is.project3.PurchaseEventProducer - Sent purchase event: PurchaseEvent{book_id=3, supplier_id=5, cost=38.61229345825015, quantity=17, timestamp=1779044924130}
[kafka-producer-network-thread | producer-1] INFO is.project3.PurchaseEventProducer - Sent purchase event: PurchaseEvent{book_id=3, supplier_id=1, cost=37.001684645437216, quantity=1, timestamp=1779044924231}
[kafka-producer-network-thread | producer-1] INFO is.project3.PurchaseEventProducer - Sent purchase event: PurchaseEvent{book_id=3, supplier_id=4, cost=34.08811676411716, quantity=6, timestamp=1779044924331}
[kafka-producer-network-thread | producer-1] INFO is.project3.PurchaseEventProducer - Sent purchase event: PurchaseEvent{book_id=2, supplier_id=4, cost=14.704607795756228, quantity=18, timestamp=1779044924431}
[kafka-producer-network-thread | producer-1] INFO is.project3.PurchaseEventProducer - Sent purchase event: PurchaseEvent{book_id=1, supplier_id=3, cost=534.5046261465045, quantity=18, timestamp=1779044924531}
[kafka-producer-network-thread | producer-1] INFO is.project3.PurchaseEventProducer - Sent purchase event: PurchaseEvent{book_id=5, supplier_id=3, cost=1.6327552410167394, quantity=5, timestamp=1779044924632}
[kafka-producer-network-thread | producer-1] INFO is.project3.PurchaseEventProducer - Sent purchase event: PurchaseEvent{book_id=2, supplier_id=2, cost=13.051827155794703, quantity=15, timestamp=1779044924732}
[kafka-producer-network-thread | producer-1] INFO is.project3.PurchaseEventProducer - Sent purchase event: PurchaseEvent{book_id=3, supplier_id=2, cost=32.89634300156651, quantity=8, timestamp=1779044924832}
[kafka-producer-network-thread | producer-1] INFO is.project3.PurchaseEventProducer - Sent purchase event: PurchaseEvent{book_id=1, supplier_id=3, cost=522.1892868393619, quantity=3, timestamp=1779044924933}
[kafka-producer-network-thread | producer-1] INFO is.project3.PurchaseEventProducer - Sent purchase event: PurchaseEvent{book_id=3, supplier_id=5, cost=46.14288205093611, quantity=10, timestamp=1779044925033}
[kafka-producer-network-thread | producer-1] INFO is.project3.PurchaseEventProducer - Sent purchase event: PurchaseEvent{book_id=4, supplier_id=2, cost=152.9564206547541, quantity=3, timestamp=1779044925133}
[kafka-producer-network-thread | producer-1] INFO is.project3.PurchaseEventProducer - Sent purchase event: PurchaseEvent{book_id=4, supplier_id=4, cost=146.03859654009432, quantity=6, timestamp=1779044925234}
[kafka-producer-network-thread | producer-1] INFO is.project3.PurchaseEventProducer - Sent purchase event: PurchaseEvent{book_id=1, supplier_id=3, cost=433.7483835071227, quantity=11, timestamp=1779044925334}
[kafka-producer-network-thread | producer-1] INFO is.project3.PurchaseEventProducer - Sent purchase event: PurchaseEvent{book_id=2, supplier_id=3, cost=13.07241097227062, quantity=18, timestamp=1779044925435}
[kafka-producer-network-thread | producer-1] INFO is.project3.PurchaseEventProducer - Sent purchase event: PurchaseEvent{book_id=3, supplier_id=3, cost=34.49534041588597, quantity=16, timestamp=1779044925535}
[kafka-producer-network-thread | producer-1] INFO is.project3.PurchaseEventProducer - Sent purchase event: PurchaseEvent{book_id=3, supplier_id=4, cost=39.42401009767651, quantity=14, timestamp=1779044925635}
[kafka-producer-network-thread | producer-1] INFO is.project3.PurchaseEventProducer - Sent purchase event: PurchaseEvent{book_id=2, supplier_id=4, cost=15.39549853262979, quantity=10, timestamp=1779044925736}
[kafka-producer-network-thread | producer-1] INFO is.project3.PurchaseEventProducer - Sent purchase event: PurchaseEvent{book_id=5, supplier_id=1, cost=1.704177437692832, quantity=17, timestamp=1779044925836}
[kafka-producer-network-thread | producer-1] INFO is.project3.PurchaseEventProducer - Sent purchase event: PurchaseEvent{book_id=5, supplier_id=5, cost=1.7503394848029559, quantity=11, timestamp=1779044925936}
[kafka-producer-network-thread | producer-1] INFO is.project3.PurchaseEventProducer - Sent purchase event: PurchaseEvent{book_id=3, supplier_id=4, cost=45.97451736783229, quantity=7, timestamp=1779044926037}
[kafka-producer-network-thread | producer-1] INFO is.project3.PurchaseEventProducer - Sent purchase event: PurchaseEvent{book_id=5, supplier_id=1, cost=1.7836673103756653, quantity=13, timestamp=1779044926137}
[kafka-producer-network-thread | producer-1] INFO is.project3.PurchaseEventProducer - Sent purchase event: PurchaseEvent{book_id=2, supplier_id=5, cost=14.348274603086512, quantity=16, timestamp=1779044926238}
[kafka-producer-network-thread | producer-1] INFO is.project3.PurchaseEventProducer - Sent purchase event: PurchaseEvent{book_id=4, supplier_id=4, cost=161.45004853271087, quantity=19, timestamp=1779044926338}
[kafka-producer-network-thread | producer-1] INFO is.project3.PurchaseEventProducer - Sent purchase event: PurchaseEvent{book_id=4, supplier_id=1, cost=150.2854288607238, quantity=14, timestamp=1779044926438}
[kafka-producer-network-thread | producer-1] INFO is.project3.PurchaseEventProducer - Sent purchase event: PurchaseEvent{book_id=4, supplier_id=3, cost=163.08468609416946, quantity=5, timestamp=1779044926539}
[kafka-producer-network-thread | producer-1] INFO is.project3.PurchaseEventProducer - Sent purchase event: PurchaseEvent{book_id=1, supplier_id=2, cost=486.4314287465449, quantity=9, timestamp=1779044926639}
[kafka-producer-network-thread | producer-1] INFO is.project3.PurchaseEventProducer - Sent purchase event: PurchaseEvent{book_id=4, supplier_id=3, cost=131.53726558336425, quantity=12, timestamp=1779044926739}
[kafka-producer-network-thread | producer-1] INFO is.project3.PurchaseEventProducer - Sent purchase event: PurchaseEvent{book_id=3, supplier_id=2, cost=45.60866939138188, quantity=19, timestamp=1779044926840}
[kafka-producer-network-thread | producer-1] INFO is.project3.PurchaseEventProducer - Sent purchase event: PurchaseEvent{book_id=3, supplier_id=2, cost=36.81611232552893, quantity=17, timestamp=1779044926940}
[kafka-producer-network-thread | producer-1] INFO is.project3.PurchaseEventProducer - Sent purchase event: PurchaseEvent{book_id=1, supplier_id=1, cost=598.792054061161, quantity=1, timestamp=1779044927041}
[kafka-producer-network-thread | producer-1] INFO is.project3.PurchaseEventProducer - Sent purchase event: PurchaseEvent{book_id=1, supplier_id=5, cost=401.74361397745264, quantity=18, timestamp=1779044927141}
[kafka-producer-network-thread | producer-1] INFO is.project3.PurchaseEventProducer - Sent purchase event: PurchaseEvent{book_id=1, supplier_id=4, cost=515.0597792921476, quantity=19, timestamp=1779044927242}
[kafka-producer-network-thread | producer-1] INFO is.project3.PurchaseEventProducer - Sent purchase event: PurchaseEvent{book_id=4, supplier_id=2, cost=176.53097303081947, quantity=14, timestamp=1779044927342}
[kafka-producer-network-thread | producer-1] INFO is.project3.PurchaseEventProducer - Sent purchase event: PurchaseEvent{book_id=3, supplier_id=2, cost=39.513661374327846, quantity=13, timestamp=1779044927442}
[kafka-producer-network-thread | producer-1] INFO is.project3.PurchaseEventProducer - Sent purchase event: PurchaseEvent{book_id=5, supplier_id=4, cost=1.9011327986512332, quantity=19, timestamp=1779044927542}
[kafka-producer-network-thread | producer-1] INFO is.project3.PurchaseEventProducer - Sent purchase event: PurchaseEvent{book_id=3, supplier_id=1, cost=46.901281453044696, quantity=16, timestamp=1779044927643}
[kafka-producer-network-thread | producer-1] INFO is.project3.PurchaseEventProducer - Sent purchase event: PurchaseEvent{book_id=4, supplier_id=1, cost=163.42841937997918, quantity=2, timestamp=1779044927743}
[kafka-producer-network-thread | producer-1] INFO is.project3.PurchaseEventProducer - Sent purchase event: PurchaseEvent{book_id=1, supplier_id=4, cost=403.04363504094744, quantity=18, timestamp=1779044927843}
[kafka-producer-network-thread | producer-1] INFO is.project3.PurchaseEventProducer - Sent purchase event: PurchaseEvent{book_id=2, supplier_id=3, cost=17.745874137555322, quantity=1, timestamp=1779044927944}
[kafka-producer-network-thread | producer-1] INFO is.project3.PurchaseEventProducer - Sent purchase event: PurchaseEvent{book_id=3, supplier_id=2, cost=37.76547070363187, quantity=20, timestamp=1779044928044}
[kafka-producer-network-thread | producer-1] INFO is.project3.PurchaseEventProducer - Sent purchase event: PurchaseEvent{book_id=4, supplier_id=5, cost=134.55050423073385, quantity=15, timestamp=1779044928144}
[kafka-producer-network-thread | producer-1] INFO is.project3.PurchaseEventProducer - Sent purchase event: PurchaseEvent{book_id=5, supplier_id=4, cost=1.9301472402984865, quantity=15, timestamp=1779044928245}
[kafka-producer-network-thread | producer-1] INFO is.project3.PurchaseEventProducer - Sent purchase event: PurchaseEvent{book_id=4, supplier_id=4, cost=158.9083353742964, quantity=5, timestamp=1779044928345}
[kafka-producer-network-thread | producer-1] INFO is.project3.PurchaseEventProducer - Sent purchase event: PurchaseEvent{book_id=5, supplier_id=2, cost=1.740865708492775, quantity=7, timestamp=1779044928445}
[kafka-producer-network-thread | producer-1] INFO is.project3.PurchaseEventProducer - Sent purchase event: PurchaseEvent{book_id=4, supplier_id=5, cost=132.8085416405601, quantity=18, timestamp=1779044928545}
[kafka-producer-network-thread | producer-1] INFO is.project3.PurchaseEventProducer - Sent purchase event: PurchaseEvent{book_id=4, supplier_id=4, cost=175.9872923002107, quantity=1, timestamp=1779044928646}
[kafka-producer-network-thread | producer-1] INFO is.project3.PurchaseEventProducer - Sent purchase event: PurchaseEvent{book_id=5, supplier_id=5, cost=1.7604856611141249, quantity=13, timestamp=1779044928746}
[kafka-producer-network-thread | producer-1] INFO is.project3.PurchaseEventProducer - Sent purchase event: PurchaseEvent{book_id=5, supplier_id=3, cost=2.1097147308469784, quantity=18, timestamp=1779044928846}
[kafka-producer-network-thread | producer-1] INFO is.project3.PurchaseEventProducer - Sent purchase event: PurchaseEvent{book_id=1, supplier_id=4, cost=543.2657976743509, quantity=11, timestamp=1779044928947}
[kafka-producer-network-thread | producer-1] INFO is.project3.PurchaseEventProducer - Sent purchase event: PurchaseEvent{book_id=3, supplier_id=5, cost=42.90027679768497, quantity=18, timestamp=1779044929047}
[kafka-producer-network-thread | producer-1] INFO is.project3.PurchaseEventProducer - Sent purchase event: PurchaseEvent{book_id=1, supplier_id=4, cost=519.0323396436943, quantity=13, timestamp=1779044929147}
[kafka-producer-network-thread | producer-1] INFO is.project3.PurchaseEventProducer - Sent purchase event: PurchaseEvent{book_id=5, supplier_id=5, cost=1.8939147587354463, quantity=17, timestamp=1779044929248}
[kafka-producer-network-thread | producer-1] INFO is.project3.PurchaseEventProducer - Sent purchase event: PurchaseEvent{book_id=3, supplier_id=2, cost=47.99187759500392, quantity=19, timestamp=1779044929348}
[kafka-producer-network-thread | producer-1] INFO is.project3.PurchaseEventProducer - Sent purchase event: PurchaseEvent{book_id=4, supplier_id=2, cost=153.4756326948032, quantity=17, timestamp=1779044929448}
[kafka-producer-network-thread | producer-1] INFO is.project3.PurchaseEventProducer - Sent purchase event: PurchaseEvent{book_id=2, supplier_id=4, cost=15.853204694791403, quantity=18, timestamp=1779044929549}
[kafka-producer-network-thread | producer-1] INFO is.project3.PurchaseEventProducer - Sent purchase event: PurchaseEvent{book_id=4, supplier_id=4, cost=147.8969337451872, quantity=8, timestamp=1779044929649}
[kafka-producer-network-thread | producer-1] INFO is.project3.PurchaseEventProducer - Sent purchase event: PurchaseEvent{book_id=5, supplier_id=2, cost=1.6705716062194569, quantity=17, timestamp=1779044929749}
[kafka-producer-network-thread | producer-1] INFO is.project3.PurchaseEventProducer - Sent purchase event: PurchaseEvent{book_id=4, supplier_id=3, cost=131.8123766293562, quantity=10, timestamp=1779044929849}
[kafka-producer-network-thread | producer-1] INFO is.project3.PurchaseEventProducer - Sent purchase event: PurchaseEvent{book_id=5, supplier_id=4, cost=1.670023667484828, quantity=19, timestamp=1779044929950}
[kafka-producer-network-thread | producer-1] INFO is.project3.PurchaseEventProducer - Sent purchase event: PurchaseEvent{book_id=3, supplier_id=5, cost=41.41338956023834, quantity=19, timestamp=1779044930050}
[kafka-producer-network-thread | producer-1] INFO is.project3.PurchaseEventProducer - Sent purchase event: PurchaseEvent{book_id=5, supplier_id=2, cost=1.7521958246897638, quantity=10, timestamp=1779044930150}
[kafka-producer-network-thread | producer-1] INFO is.project3.PurchaseEventProducer - Sent purchase event: PurchaseEvent{book_id=2, supplier_id=4, cost=12.60284541785622, quantity=9, timestamp=1779044930250}
[kafka-producer-network-thread | producer-1] INFO is.project3.PurchaseEventProducer - Sent purchase event: PurchaseEvent{book_id=5, supplier_id=5, cost=2.3111991301695056, quantity=1, timestamp=1779044930351}
[kafka-producer-network-thread | producer-1] INFO is.project3.PurchaseEventProducer - Sent purchase event: PurchaseEvent{book_id=3, supplier_id=5, cost=35.64338766083526, quantity=13, timestamp=1779044930451}
[kafka-producer-network-thread | producer-1] INFO is.project3.PurchaseEventProducer - Sent purchase event: PurchaseEvent{book_id=5, supplier_id=3, cost=2.3226585154061055, quantity=5, timestamp=1779044930551}
[kafka-producer-network-thread | producer-1] INFO is.project3.PurchaseEventProducer - Sent purchase event: PurchaseEvent{book_id=1, supplier_id=5, cost=401.01292933441187, quantity=9, timestamp=1779044930651}
[kafka-producer-network-thread | producer-1] INFO is.project3.PurchaseEventProducer - Sent purchase event: PurchaseEvent{book_id=2, supplier_id=5, cost=17.826870343694793, quantity=18, timestamp=1779044930752}
[kafka-producer-network-thread | producer-1] INFO is.project3.PurchaseEventProducer - Sent purchase event: PurchaseEvent{book_id=2, supplier_id=1, cost=14.970405883109912, quantity=19, timestamp=1779044930852}
[kafka-producer-network-thread | producer-1] INFO is.project3.PurchaseEventProducer - Sent purchase event: PurchaseEvent{book_id=3, supplier_id=1, cost=45.70447769782332, quantity=15, timestamp=1779044930952}
[kafka-producer-network-thread | producer-1] INFO is.project3.PurchaseEventProducer - Sent purchase event: PurchaseEvent{book_id=5, supplier_id=1, cost=2.396551572140404, quantity=2, timestamp=1779044931052}
[kafka-producer-network-thread | producer-1] INFO is.project3.PurchaseEventProducer - Sent purchase event: PurchaseEvent{book_id=4, supplier_id=4, cost=120.73253920638678, quantity=14, timestamp=1779044931153}
[kafka-producer-network-thread | producer-1] INFO is.project3.PurchaseEventProducer - Sent purchase event: PurchaseEvent{book_id=4, supplier_id=2, cost=144.8269461654275, quantity=14, timestamp=1779044931253}
[kafka-producer-network-thread | producer-1] INFO is.project3.PurchaseEventProducer - Sent purchase event: PurchaseEvent{book_id=2, supplier_id=3, cost=16.71141461038737, quantity=8, timestamp=1779044931353}
[kafka-producer-network-thread | producer-1] INFO is.project3.PurchaseEventProducer - Sent purchase event: PurchaseEvent{book_id=4, supplier_id=5, cost=150.4062372358363, quantity=13, timestamp=1779044931453}
[kafka-producer-network-thread | producer-1] INFO is.project3.PurchaseEventProducer - Sent purchase event: PurchaseEvent{book_id=2, supplier_id=1, cost=17.310811216954836, quantity=18, timestamp=1779044931554}
[kafka-producer-network-thread | producer-1] INFO is.project3.PurchaseEventProducer - Sent purchase event: PurchaseEvent{book_id=4, supplier_id=2, cost=149.76915970795284, quantity=6, timestamp=1779044931654}
[kafka-producer-network-thread | producer-1] INFO is.project3.PurchaseEventProducer - Sent purchase event: PurchaseEvent{book_id=4, supplier_id=2, cost=137.07548779865277, quantity=10, timestamp=1779044931755}
[kafka-producer-network-thread | producer-1] INFO is.project3.PurchaseEventProducer - Sent purchase event: PurchaseEvent{book_id=3, supplier_id=3, cost=39.83613975644236, quantity=4, timestamp=1779044931855}
[kafka-producer-network-thread | producer-1] INFO is.project3.PurchaseEventProducer - Sent purchase event: PurchaseEvent{book_id=4, supplier_id=2, cost=157.6972599294327, quantity=2, timestamp=1779044931955}
[kafka-producer-network-thread | producer-1] INFO is.project3.PurchaseEventProducer - Sent purchase event: PurchaseEvent{book_id=5, supplier_id=4, cost=2.07004390199197, quantity=7, timestamp=1779044932055}
[kafka-producer-network-thread | producer-1] INFO is.project3.PurchaseEventProducer - Sent purchase event: PurchaseEvent{book_id=2, supplier_id=4, cost=12.075079037808468, quantity=16, timestamp=1779044932156}
[kafka-producer-network-thread | producer-1] INFO is.project3.PurchaseEventProducer - Sent purchase event: PurchaseEvent{book_id=3, supplier_id=4, cost=36.8570439651747, quantity=18, timestamp=1779044932256}
[kafka-producer-network-thread | producer-1] INFO is.project3.PurchaseEventProducer - Sent purchase event: PurchaseEvent{book_id=2, supplier_id=3, cost=12.103369050759738, quantity=14, timestamp=1779044932356}
[kafka-producer-network-thread | producer-1] INFO is.project3.PurchaseEventProducer - Sent purchase event: PurchaseEvent{book_id=3, supplier_id=3, cost=41.20557009995595, quantity=13, timestamp=1779044932456}
[kafka-producer-network-thread | producer-1] INFO is.project3.PurchaseEventProducer - Sent purchase event: PurchaseEvent{book_id=4, supplier_id=1, cost=170.33472425455193, quantity=20, timestamp=1779044932557}
[kafka-producer-network-thread | producer-1] INFO is.project3.PurchaseEventProducer - Sent purchase event: PurchaseEvent{book_id=1, supplier_id=5, cost=468.82857522249526, quantity=9, timestamp=1779044932657}
[kafka-producer-network-thread | producer-1] INFO is.project3.PurchaseEventProducer - Sent purchase event: PurchaseEvent{book_id=3, supplier_id=5, cost=37.4637228780576, quantity=13, timestamp=1779044932757}
[kafka-producer-network-thread | producer-1] INFO is.project3.PurchaseEventProducer - Sent purchase event: PurchaseEvent{book_id=4, supplier_id=4, cost=164.13565344501743, quantity=4, timestamp=1779044932858}
[kafka-producer-network-thread | producer-1] INFO is.project3.PurchaseEventProducer - Sent purchase event: PurchaseEvent{book_id=3, supplier_id=5, cost=32.76863429039427, quantity=17, timestamp=1779044932958}
[kafka-producer-network-thread | producer-1] INFO is.project3.PurchaseEventProducer - Sent purchase event: PurchaseEvent{book_id=1, supplier_id=5, cost=566.9597326463395, quantity=10, timestamp=1779044933058}
[kafka-producer-network-thread | producer-1] INFO is.project3.PurchaseEventProducer - Sent purchase event: PurchaseEvent{book_id=4, supplier_id=3, cost=128.75464786871572, quantity=11, timestamp=1779044933159}
[kafka-producer-network-thread | producer-1] INFO is.project3.PurchaseEventProducer - Sent purchase event: PurchaseEvent{book_id=4, supplier_id=5, cost=160.51292174109017, quantity=2, timestamp=1779044933259}
[kafka-producer-network-thread | producer-1] INFO is.project3.PurchaseEventProducer - Sent purchase event: PurchaseEvent{book_id=2, supplier_id=5, cost=17.372890930781914, quantity=11, timestamp=1779044933359}
[kafka-producer-network-thread | producer-1] INFO is.project3.PurchaseEventProducer - Sent purchase event: PurchaseEvent{book_id=2, supplier_id=3, cost=13.563572718741998, quantity=3, timestamp=1779044933459}
[kafka-producer-network-thread | producer-1] INFO is.project3.PurchaseEventProducer - Sent purchase event: PurchaseEvent{book_id=3, supplier_id=2, cost=46.4295817093152, quantity=1, timestamp=1779044933559}
[kafka-producer-network-thread | producer-1] INFO is.project3.PurchaseEventProducer - Sent purchase event: PurchaseEvent{book_id=2, supplier_id=3, cost=12.321372311772764, quantity=9, timestamp=1779044933660}
[kafka-producer-network-thread | producer-1] INFO is.project3.PurchaseEventProducer - Sent purchase event: PurchaseEvent{book_id=1, supplier_id=4, cost=513.2699317138514, quantity=4, timestamp=1779044933760}
[kafka-producer-network-thread | producer-1] INFO is.project3.PurchaseEventProducer - Sent purchase event: PurchaseEvent{book_id=2, supplier_id=1, cost=15.381379171410224, quantity=4, timestamp=1779044933860}
[kafka-producer-network-thread | producer-1] INFO is.project3.PurchaseEventProducer - Sent purchase event: PurchaseEvent{book_id=1, supplier_id=3, cost=529.2000046861124, quantity=10, timestamp=1779044933960}
[kafka-producer-network-thread | producer-1] INFO is.project3.PurchaseEventProducer - Sent purchase event: PurchaseEvent{book_id=4, supplier_id=5, cost=143.75262440366632, quantity=5, timestamp=1779044934061}
[kafka-producer-network-thread | producer-1] INFO is.project3.PurchaseEventProducer - Sent purchase event: PurchaseEvent{book_id=3, supplier_id=4, cost=37.72842643479428, quantity=17, timestamp=1779044934161}
[kafka-producer-network-thread | producer-1] INFO is.project3.PurchaseEventProducer - Sent purchase event: PurchaseEvent{book_id=1, supplier_id=1, cost=557.7130519089704, quantity=13, timestamp=1779044934261}
[kafka-producer-network-thread | producer-1] INFO is.project3.PurchaseEventProducer - Sent purchase event: PurchaseEvent{book_id=4, supplier_id=1, cost=121.38628111300181, quantity=4, timestamp=1779044934361}
[kafka-producer-network-thread | producer-1] INFO is.project3.PurchaseEventProducer - Sent purchase event: PurchaseEvent{book_id=3, supplier_id=2, cost=36.48467029097889, quantity=20, timestamp=1779044934462}
[kafka-producer-network-thread | producer-1] INFO is.project3.PurchaseEventProducer - Sent purchase event: PurchaseEvent{book_id=2, supplier_id=4, cost=17.799100766883058, quantity=11, timestamp=1779044934562}
[kafka-producer-network-thread | producer-1] INFO is.project3.PurchaseEventProducer - Sent purchase event: PurchaseEvent{book_id=1, supplier_id=2, cost=490.76732045714266, quantity=8, timestamp=1779044934662}
[kafka-producer-network-thread | producer-1] INFO is.project3.PurchaseEventProducer - Sent purchase event: PurchaseEvent{book_id=4, supplier_id=1, cost=134.42245730916108, quantity=13, timestamp=1779044934763}
[kafka-producer-network-thread | producer-1] INFO is.project3.PurchaseEventProducer - Sent purchase event: PurchaseEvent{book_id=5, supplier_id=4, cost=1.8051052557589522, quantity=18, timestamp=1779044934863}
[kafka-producer-network-thread | producer-1] INFO is.project3.PurchaseEventProducer - Sent purchase event: PurchaseEvent{book_id=1, supplier_id=5, cost=470.5370659553059, quantity=14, timestamp=1779044934963}
[kafka-producer-network-thread | producer-1] INFO is.project3.PurchaseEventProducer - Sent purchase event: PurchaseEvent{book_id=5, supplier_id=3, cost=2.0318743595635107, quantity=18, timestamp=1779044935063}
[kafka-producer-network-thread | producer-1] INFO is.project3.PurchaseEventProducer - Sent purchase event: PurchaseEvent{book_id=1, supplier_id=1, cost=535.3532462939596, quantity=14, timestamp=1779044935164}
[kafka-producer-network-thread | producer-1] INFO is.project3.PurchaseEventProducer - Sent purchase event: PurchaseEvent{book_id=2, supplier_id=5, cost=17.28994961278425, quantity=11, timestamp=1779044935264}
[kafka-producer-network-thread | producer-1] INFO is.project3.PurchaseEventProducer - Sent purchase event: PurchaseEvent{book_id=4, supplier_id=4, cost=139.9090268141817, quantity=15, timestamp=1779044935364}
[kafka-producer-network-thread | producer-1] INFO is.project3.PurchaseEventProducer - Sent purchase event: PurchaseEvent{book_id=5, supplier_id=4, cost=2.2981949099584886, quantity=19, timestamp=1779044935465}
[kafka-producer-network-thread | producer-1] INFO is.project3.PurchaseEventProducer - Sent purchase event: PurchaseEvent{book_id=2, supplier_id=1, cost=13.009828928147577, quantity=11, timestamp=1779044935565}
[kafka-producer-network-thread | producer-1] INFO is.project3.PurchaseEventProducer - Sent purchase event: PurchaseEvent{book_id=4, supplier_id=1, cost=174.933341945576, quantity=15, timestamp=1779044935665}
[kafka-producer-network-thread | producer-1] INFO is.project3.PurchaseEventProducer - Sent purchase event: PurchaseEvent{book_id=4, supplier_id=4, cost=168.6529343031248, quantity=8, timestamp=1779044935765}
[kafka-producer-network-thread | producer-1] INFO is.project3.PurchaseEventProducer - Sent purchase event: PurchaseEvent{book_id=3, supplier_id=5, cost=40.080613654255586, quantity=11, timestamp=1779044935866}
[kafka-producer-network-thread | producer-1] INFO is.project3.PurchaseEventProducer - Sent purchase event: PurchaseEvent{book_id=3, supplier_id=2, cost=45.317047041536384, quantity=17, timestamp=1779044935966}
[kafka-producer-network-thread | producer-1] INFO is.project3.PurchaseEventProducer - Sent purchase event: PurchaseEvent{book_id=4, supplier_id=1, cost=164.36526310505923, quantity=8, timestamp=1779044936066}
[kafka-producer-network-thread | producer-1] INFO is.project3.PurchaseEventProducer - Sent purchase event: PurchaseEvent{book_id=4, supplier_id=5, cost=138.13572514738883, quantity=16, timestamp=1779044936166}
[kafka-producer-network-thread | producer-1] INFO is.project3.PurchaseEventProducer - Sent purchase event: PurchaseEvent{book_id=2, supplier_id=5, cost=17.098377029082947, quantity=1, timestamp=1779044936267}
[kafka-producer-network-thread | producer-1] INFO is.project3.PurchaseEventProducer - Sent purchase event: PurchaseEvent{book_id=2, supplier_id=2, cost=12.658639933015692, quantity=19, timestamp=1779044936367}
[kafka-producer-network-thread | producer-1] INFO is.project3.PurchaseEventProducer - Sent purchase event: PurchaseEvent{book_id=5, supplier_id=3, cost=2.043913521079129, quantity=4, timestamp=1779044936467}
[kafka-producer-network-thread | producer-1] INFO is.project3.PurchaseEventProducer - Sent purchase event: PurchaseEvent{book_id=5, supplier_id=3, cost=2.2365211937873903, quantity=5, timestamp=1779044936567}
[kafka-producer-network-thread | producer-1] INFO is.project3.PurchaseEventProducer - Sent purchase event: PurchaseEvent{book_id=4, supplier_id=1, cost=128.5470518367508, quantity=7, timestamp=1779044936668}
[kafka-producer-network-thread | producer-1] INFO is.project3.PurchaseEventProducer - Sent purchase event: PurchaseEvent{book_id=1, supplier_id=3, cost=409.5460925985962, quantity=2, timestamp=1779044936768}
[kafka-producer-network-thread | producer-1] INFO is.project3.PurchaseEventProducer - Sent purchase event: PurchaseEvent{book_id=2, supplier_id=4, cost=15.054096595923971, quantity=15, timestamp=1779044936868}
[kafka-producer-network-thread | producer-1] INFO is.project3.PurchaseEventProducer - Sent purchase event: PurchaseEvent{book_id=1, supplier_id=3, cost=472.445730848418, quantity=20, timestamp=1779044936968}
[kafka-producer-network-thread | producer-1] INFO is.project3.PurchaseEventProducer - Sent purchase event: PurchaseEvent{book_id=2, supplier_id=5, cost=16.97123608234417, quantity=8, timestamp=1779044937069}
[kafka-producer-network-thread | producer-1] INFO is.project3.PurchaseEventProducer - Sent purchase event: PurchaseEvent{book_id=4, supplier_id=4, cost=159.32142236481258, quantity=1, timestamp=1779044937169}
[kafka-producer-network-thread | producer-1] INFO is.project3.PurchaseEventProducer - Sent purchase event: PurchaseEvent{book_id=5, supplier_id=2, cost=1.6703428496054222, quantity=13, timestamp=1779044937269}
[kafka-producer-network-thread | producer-1] INFO is.project3.PurchaseEventProducer - Sent purchase event: PurchaseEvent{book_id=1, supplier_id=1, cost=520.6849817288911, quantity=20, timestamp=1779044937370}
[kafka-producer-network-thread | producer-1] INFO is.project3.PurchaseEventProducer - Sent purchase event: PurchaseEvent{book_id=4, supplier_id=2, cost=161.52734042103572, quantity=14, timestamp=1779044937470}
[kafka-producer-network-thread | producer-1] INFO is.project3.PurchaseEventProducer - Sent purchase event: PurchaseEvent{book_id=4, supplier_id=3, cost=121.83151778458087, quantity=2, timestamp=1779044937570}
[kafka-producer-network-thread | producer-1] INFO is.project3.PurchaseEventProducer - Sent purchase event: PurchaseEvent{book_id=4, supplier_id=3, cost=148.51812941188928, quantity=20, timestamp=1779044937670}
[kafka-producer-network-thread | producer-1] INFO is.project3.PurchaseEventProducer - Sent purchase event: PurchaseEvent{book_id=5, supplier_id=5, cost=2.0902377684693816, quantity=4, timestamp=1779044937771}
[kafka-producer-network-thread | producer-1] INFO is.project3.PurchaseEventProducer - Sent purchase event: PurchaseEvent{book_id=3, supplier_id=3, cost=42.53201624224219, quantity=8, timestamp=1779044937871}
[kafka-producer-network-thread | producer-1] INFO is.project3.PurchaseEventProducer - Sent purchase event: PurchaseEvent{book_id=4, supplier_id=2, cost=140.56248857040302, quantity=4, timestamp=1779044937971}
[kafka-producer-network-thread | producer-1] INFO is.project3.PurchaseEventProducer - Sent purchase event: PurchaseEvent{book_id=4, supplier_id=1, cost=178.72480532708843, quantity=7, timestamp=1779044938071}
[kafka-producer-network-thread | producer-1] INFO is.project3.PurchaseEventProducer - Sent purchase event: PurchaseEvent{book_id=1, supplier_id=5, cost=576.2610063384086, quantity=7, timestamp=1779044938172}
[kafka-producer-network-thread | producer-1] INFO is.project3.PurchaseEventProducer - Sent purchase event: PurchaseEvent{book_id=5, supplier_id=4, cost=2.2850709013527055, quantity=16, timestamp=1779044938272}
[kafka-producer-network-thread | producer-1] INFO is.project3.PurchaseEventProducer - Sent purchase event: PurchaseEvent{book_id=5, supplier_id=5, cost=1.8292135920651873, quantity=5, timestamp=1779044938372}
[kafka-producer-network-thread | producer-1] INFO is.project3.PurchaseEventProducer - Sent purchase event: PurchaseEvent{book_id=2, supplier_id=4, cost=15.339378049459693, quantity=19, timestamp=1779044938473}
[kafka-producer-network-thread | producer-1] INFO is.project3.PurchaseEventProducer - Sent purchase event: PurchaseEvent{book_id=3, supplier_id=5, cost=35.15265242531813, quantity=5, timestamp=1779044938573}
[kafka-producer-network-thread | producer-1] INFO is.project3.PurchaseEventProducer - Sent purchase event: PurchaseEvent{book_id=1, supplier_id=2, cost=517.2416155009903, quantity=14, timestamp=1779044938673}
[kafka-producer-network-thread | producer-1] INFO is.project3.PurchaseEventProducer - Sent purchase event: PurchaseEvent{book_id=4, supplier_id=5, cost=137.60093593872438, quantity=20, timestamp=1779044938774}
[kafka-producer-network-thread | producer-1] INFO is.project3.PurchaseEventProducer - Sent purchase event: PurchaseEvent{book_id=5, supplier_id=1, cost=1.7812968835391607, quantity=20, timestamp=1779044938874}
[kafka-producer-network-thread | producer-1] INFO is.project3.PurchaseEventProducer - Sent purchase event: PurchaseEvent{book_id=3, supplier_id=2, cost=35.82561932068223, quantity=19, timestamp=1779044938973}
[kafka-producer-network-thread | producer-1] INFO is.project3.PurchaseEventProducer - Sent purchase event: PurchaseEvent{book_id=5, supplier_id=4, cost=2.066057268610336, quantity=4, timestamp=1779044939073}
[kafka-producer-network-thread | producer-1] INFO is.project3.PurchaseEventProducer - Sent purchase event: PurchaseEvent{book_id=4, supplier_id=5, cost=135.1115339308783, quantity=9, timestamp=1779044939174}
[kafka-producer-network-thread | producer-1] INFO is.project3.PurchaseEventProducer - Sent purchase event: PurchaseEvent{book_id=1, supplier_id=3, cost=416.92066871549736, quantity=5, timestamp=1779044939274}
[kafka-producer-network-thread | producer-1] INFO is.project3.PurchaseEventProducer - Sent purchase event: PurchaseEvent{book_id=1, supplier_id=3, cost=435.2783304416641, quantity=3, timestamp=1779044939374}
[kafka-producer-network-thread | producer-1] INFO is.project3.PurchaseEventProducer - Sent purchase event: PurchaseEvent{book_id=5, supplier_id=3, cost=1.950842611202992, quantity=15, timestamp=1779044939475}
[kafka-producer-network-thread | producer-1] INFO is.project3.PurchaseEventProducer - Sent purchase event: PurchaseEvent{book_id=4, supplier_id=5, cost=136.64702793632773, quantity=1, timestamp=1779044939575}
[kafka-producer-network-thread | producer-1] INFO is.project3.PurchaseEventProducer - Sent purchase event: PurchaseEvent{book_id=3, supplier_id=3, cost=40.07241315337831, quantity=10, timestamp=1779044939675}
[kafka-producer-network-thread | producer-1] INFO is.project3.PurchaseEventProducer - Sent purchase event: PurchaseEvent{book_id=1, supplier_id=3, cost=421.18314925483855, quantity=19, timestamp=1779044939775}
[kafka-producer-network-thread | producer-1] INFO is.project3.PurchaseEventProducer - Sent purchase event: PurchaseEvent{book_id=4, supplier_id=1, cost=131.1498784061162, quantity=4, timestamp=1779044939876}
[kafka-producer-network-thread | producer-1] INFO is.project3.PurchaseEventProducer - Sent purchase event: PurchaseEvent{book_id=4, supplier_id=5, cost=171.80689472208667, quantity=9, timestamp=1779044939976}
[kafka-producer-network-thread | producer-1] INFO is.project3.PurchaseEventProducer - Sent purchase event: PurchaseEvent{book_id=5, supplier_id=4, cost=1.6980520592975705, quantity=10, timestamp=1779044940076}
[kafka-producer-network-thread | producer-1] INFO is.project3.PurchaseEventProducer - Sent purchase event: PurchaseEvent{book_id=3, supplier_id=4, cost=45.07751271463061, quantity=13, timestamp=1779044940177}
[kafka-producer-network-thread | producer-1] INFO is.project3.PurchaseEventProducer - Sent purchase event: PurchaseEvent{book_id=3, supplier_id=5, cost=32.05060489377202, quantity=20, timestamp=1779044940277}
[kafka-producer-network-thread | producer-1] INFO is.project3.PurchaseEventProducer - Sent purchase event: PurchaseEvent{book_id=3, supplier_id=1, cost=41.751312427257865, quantity=13, timestamp=1779044940377}
[kafka-producer-network-thread | producer-1] INFO is.project3.PurchaseEventProducer - Sent purchase event: PurchaseEvent{book_id=3, supplier_id=3, cost=40.41778562092038, quantity=20, timestamp=1779044940477}
[kafka-producer-network-thread | producer-1] INFO is.project3.PurchaseEventProducer - Sent purchase event: PurchaseEvent{book_id=3, supplier_id=3, cost=46.12518082312958, quantity=1, timestamp=1779044940578}
[kafka-producer-network-thread | producer-1] INFO is.project3.PurchaseEventProducer - Sent purchase event: PurchaseEvent{book_id=5, supplier_id=3, cost=1.9636986798928522, quantity=1, timestamp=1779044940678}
[kafka-producer-network-thread | producer-1] INFO is.project3.PurchaseEventProducer - Sent purchase event: PurchaseEvent{book_id=3, supplier_id=2, cost=37.81819715730525, quantity=13, timestamp=1779044940778}
[kafka-producer-network-thread | producer-1] INFO is.project3.PurchaseEventProducer - Sent purchase event: PurchaseEvent{book_id=4, supplier_id=1, cost=142.32784067872421, quantity=11, timestamp=1779044940878}
[kafka-producer-network-thread | producer-1] INFO is.project3.PurchaseEventProducer - Sent purchase event: PurchaseEvent{book_id=1, supplier_id=5, cost=588.0276009186183, quantity=6, timestamp=1779044940979}
[kafka-producer-network-thread | producer-1] INFO is.project3.PurchaseEventProducer - Sent purchase event: PurchaseEvent{book_id=3, supplier_id=4, cost=45.84215726900578, quantity=1, timestamp=1779044941079}
[kafka-producer-network-thread | producer-1] INFO is.project3.PurchaseEventProducer - Sent purchase event: PurchaseEvent{book_id=5, supplier_id=4, cost=2.107091362960023, quantity=6, timestamp=1779044941179}
[kafka-producer-network-thread | producer-1] INFO is.project3.PurchaseEventProducer - Sent purchase event: PurchaseEvent{book_id=1, supplier_id=2, cost=491.78656650892555, quantity=6, timestamp=1779044941279}
[kafka-producer-network-thread | producer-1] INFO is.project3.PurchaseEventProducer - Sent purchase event: PurchaseEvent{book_id=3, supplier_id=3, cost=44.41918812037996, quantity=6, timestamp=1779044941380}
[kafka-producer-network-thread | producer-1] INFO is.project3.PurchaseEventProducer - Sent purchase event: PurchaseEvent{book_id=3, supplier_id=1, cost=43.17094134347702, quantity=5, timestamp=1779044941480}
[kafka-producer-network-thread | producer-1] INFO is.project3.PurchaseEventProducer - Sent purchase event: PurchaseEvent{book_id=1, supplier_id=1, cost=451.44946330363825, quantity=4, timestamp=1779044941580}
[kafka-producer-network-thread | producer-1] INFO is.project3.PurchaseEventProducer - Sent purchase event: PurchaseEvent{book_id=5, supplier_id=5, cost=1.7344551058623714, quantity=14, timestamp=1779044941680}
[kafka-producer-network-thread | producer-1] INFO is.project3.PurchaseEventProducer - Sent purchase event: PurchaseEvent{book_id=3, supplier_id=5, cost=35.27502424216735, quantity=5, timestamp=1779044941781}
[kafka-producer-network-thread | producer-1] INFO is.project3.PurchaseEventProducer - Sent purchase event: PurchaseEvent{book_id=5, supplier_id=2, cost=2.069268258253565, quantity=4, timestamp=1779044941881}
[kafka-producer-network-thread | producer-1] INFO is.project3.PurchaseEventProducer - Sent purchase event: PurchaseEvent{book_id=2, supplier_id=3, cost=16.188923244704963, quantity=1, timestamp=1779044941981}
[kafka-producer-network-thread | producer-1] INFO is.project3.PurchaseEventProducer - Sent purchase event: PurchaseEvent{book_id=3, supplier_id=3, cost=41.61790126134217, quantity=15, timestamp=1779044942082}
[kafka-producer-network-thread | producer-1] INFO is.project3.PurchaseEventProducer - Sent purchase event: PurchaseEvent{book_id=4, supplier_id=1, cost=123.62978686204185, quantity=6, timestamp=1779044942182}
[kafka-producer-network-thread | producer-1] INFO is.project3.PurchaseEventProducer - Sent purchase event: PurchaseEvent{book_id=2, supplier_id=4, cost=17.474342503078127, quantity=3, timestamp=1779044942282}
[kafka-producer-network-thread | producer-1] INFO is.project3.PurchaseEventProducer - Sent purchase event: PurchaseEvent{book_id=5, supplier_id=2, cost=2.193763638543019, quantity=13, timestamp=1779044942383}
[kafka-producer-network-thread | producer-1] INFO is.project3.PurchaseEventProducer - Sent purchase event: PurchaseEvent{book_id=4, supplier_id=1, cost=159.63700797973138, quantity=19, timestamp=1779044942483}
[kafka-producer-network-thread | producer-1] INFO is.project3.PurchaseEventProducer - Sent purchase event: PurchaseEvent{book_id=5, supplier_id=5, cost=2.371150281797555, quantity=10, timestamp=1779044942583}
[kafka-producer-network-thread | producer-1] INFO is.project3.PurchaseEventProducer - Sent purchase event: PurchaseEvent{book_id=4, supplier_id=1, cost=130.2214804586339, quantity=16, timestamp=1779044942684}
[kafka-producer-network-thread | producer-1] INFO is.project3.PurchaseEventProducer - Sent purchase event: PurchaseEvent{book_id=4, supplier_id=1, cost=145.73007681328704, quantity=15, timestamp=1779044942784}
[kafka-producer-network-thread | producer-1] INFO is.project3.PurchaseEventProducer - Sent purchase event: PurchaseEvent{book_id=2, supplier_id=1, cost=15.566079324317506, quantity=14, timestamp=1779044942885}
[kafka-producer-network-thread | producer-1] INFO is.project3.PurchaseEventProducer - Sent purchase event: PurchaseEvent{book_id=5, supplier_id=1, cost=2.331844062405393, quantity=17, timestamp=1779044942985}
[kafka-producer-network-thread | producer-1] INFO is.project3.PurchaseEventProducer - Sent purchase event: PurchaseEvent{book_id=1, supplier_id=2, cost=473.5449835449864, quantity=6, timestamp=1779044943085}
[kafka-producer-network-thread | producer-1] INFO is.project3.PurchaseEventProducer - Sent purchase event: PurchaseEvent{book_id=1, supplier_id=4, cost=523.9377721885036, quantity=5, timestamp=1779044943185}
[kafka-producer-network-thread | producer-1] INFO is.project3.PurchaseEventProducer - Sent purchase event: PurchaseEvent{book_id=4, supplier_id=2, cost=122.69894408794732, quantity=19, timestamp=1779044943286}
[kafka-producer-network-thread | producer-1] INFO is.project3.PurchaseEventProducer - Sent purchase event: PurchaseEvent{book_id=5, supplier_id=2, cost=2.080715014723637, quantity=14, timestamp=1779044943386}
[kafka-producer-network-thread | producer-1] INFO is.project3.PurchaseEventProducer - Sent purchase event: PurchaseEvent{book_id=3, supplier_id=2, cost=35.22167842318451, quantity=20, timestamp=1779044943486}
[kafka-producer-network-thread | producer-1] INFO is.project3.PurchaseEventProducer - Sent purchase event: PurchaseEvent{book_id=1, supplier_id=5, cost=565.3462200177706, quantity=16, timestamp=1779044943586}
[kafka-producer-network-thread | producer-1] INFO is.project3.PurchaseEventProducer - Sent purchase event: PurchaseEvent{book_id=3, supplier_id=3, cost=34.526189070506305, quantity=8, timestamp=1779044943687}
[kafka-producer-network-thread | producer-1] INFO is.project3.PurchaseEventProducer - Sent purchase event: PurchaseEvent{book_id=4, supplier_id=5, cost=144.25525212141417, quantity=18, timestamp=1779044943787}
[kafka-producer-network-thread | producer-1] INFO is.project3.PurchaseEventProducer - Sent purchase event: PurchaseEvent{book_id=2, supplier_id=3, cost=17.72933421895607, quantity=11, timestamp=1779044943887}
[kafka-producer-network-thread | producer-1] INFO is.project3.PurchaseEventProducer - Sent purchase event: PurchaseEvent{book_id=3, supplier_id=2, cost=42.4880711202082, quantity=4, timestamp=1779044943988}
[kafka-producer-network-thread | producer-1] INFO is.project3.PurchaseEventProducer - Sent purchase event: PurchaseEvent{book_id=3, supplier_id=2, cost=41.79663015642687, quantity=8, timestamp=1779044944088}
[kafka-producer-network-thread | producer-1] INFO is.project3.PurchaseEventProducer - Sent purchase event: PurchaseEvent{book_id=5, supplier_id=1, cost=1.666443695904111, quantity=2, timestamp=1779044944188}
[kafka-producer-network-thread | producer-1] INFO is.project3.PurchaseEventProducer - Sent purchase event: PurchaseEvent{book_id=3, supplier_id=4, cost=46.71274681783223, quantity=3, timestamp=1779044944289}
[kafka-producer-network-thread | producer-1] INFO is.project3.PurchaseEventProducer - Sent purchase event: PurchaseEvent{book_id=5, supplier_id=5, cost=1.7432895722160506, quantity=18, timestamp=1779044944389}
[kafka-producer-network-thread | producer-1] INFO is.project3.PurchaseEventProducer - Sent purchase event: PurchaseEvent{book_id=4, supplier_id=2, cost=161.79956750045963, quantity=2, timestamp=1779044944489}
[kafka-producer-network-thread | producer-1] INFO is.project3.PurchaseEventProducer - Sent purchase event: PurchaseEvent{book_id=2, supplier_id=4, cost=15.812088359619535, quantity=8, timestamp=1779044944590}
[kafka-producer-network-thread | producer-1] INFO is.project3.PurchaseEventProducer - Sent purchase event: PurchaseEvent{book_id=4, supplier_id=3, cost=153.7291060835269, quantity=14, timestamp=1779044944690}
[kafka-producer-network-thread | producer-1] INFO is.project3.PurchaseEventProducer - Sent purchase event: PurchaseEvent{book_id=5, supplier_id=4, cost=2.089162896661348, quantity=11, timestamp=1779044944790}
[kafka-producer-network-thread | producer-1] INFO is.project3.PurchaseEventProducer - Sent purchase event: PurchaseEvent{book_id=5, supplier_id=5, cost=1.974061110450653, quantity=10, timestamp=1779044944890}
[kafka-producer-network-thread | producer-1] INFO is.project3.PurchaseEventProducer - Sent purchase event: PurchaseEvent{book_id=2, supplier_id=5, cost=16.89903674639785, quantity=16, timestamp=1779044944991}
[kafka-producer-network-thread | producer-1] INFO is.project3.PurchaseEventProducer - Sent purchase event: PurchaseEvent{book_id=1, supplier_id=5, cost=549.0646338145277, quantity=19, timestamp=1779044945091}
[kafka-producer-network-thread | producer-1] INFO is.project3.PurchaseEventProducer - Sent purchase event: PurchaseEvent{book_id=2, supplier_id=1, cost=12.293641118935753, quantity=10, timestamp=1779044945191}
[kafka-producer-network-thread | producer-1] INFO is.project3.PurchaseEventProducer - Sent purchase event: PurchaseEvent{book_id=1, supplier_id=4, cost=432.12953228598104, quantity=4, timestamp=1779044945292}
[kafka-producer-network-thread | producer-1] INFO is.project3.PurchaseEventProducer - Sent purchase event: PurchaseEvent{book_id=5, supplier_id=1, cost=2.0828601682252095, quantity=3, timestamp=1779044945392}
[kafka-producer-network-thread | producer-1] INFO is.project3.PurchaseEventProducer - Sent purchase event: PurchaseEvent{book_id=2, supplier_id=3, cost=15.619399713246134, quantity=5, timestamp=1779044945492}
[kafka-producer-network-thread | producer-1] INFO is.project3.PurchaseEventProducer - Sent purchase event: PurchaseEvent{book_id=3, supplier_id=4, cost=43.10102959418745, quantity=10, timestamp=1779044945593}
[kafka-producer-network-thread | producer-1] INFO is.project3.PurchaseEventProducer - Sent purchase event: PurchaseEvent{book_id=5, supplier_id=1, cost=2.3904006439889045, quantity=1, timestamp=1779044945693}
[kafka-producer-network-thread | producer-1] INFO is.project3.PurchaseEventProducer - Sent purchase event: PurchaseEvent{book_id=2, supplier_id=4, cost=16.57133758381666, quantity=16, timestamp=1779044945793}
[kafka-producer-network-thread | producer-1] INFO is.project3.PurchaseEventProducer - Sent purchase event: PurchaseEvent{book_id=4, supplier_id=4, cost=147.04175715277074, quantity=20, timestamp=1779044945894}
[kafka-producer-network-thread | producer-1] INFO is.project3.PurchaseEventProducer - Sent purchase event: PurchaseEvent{book_id=3, supplier_id=4, cost=42.327615976989065, quantity=3, timestamp=1779044945994}
[kafka-producer-network-thread | producer-1] INFO is.project3.PurchaseEventProducer - Sent purchase event: PurchaseEvent{book_id=3, supplier_id=4, cost=35.41896221702035, quantity=6, timestamp=1779044946095}
[kafka-producer-network-thread | producer-1] INFO is.project3.PurchaseEventProducer - Sent purchase event: PurchaseEvent{book_id=4, supplier_id=5, cost=166.32837526798667, quantity=19, timestamp=1779044946195}
[kafka-producer-network-thread | producer-1] INFO is.project3.PurchaseEventProducer - Sent purchase event: PurchaseEvent{book_id=2, supplier_id=5, cost=15.393041613589132, quantity=10, timestamp=1779044946296}
[kafka-producer-network-thread | producer-1] INFO is.project3.PurchaseEventProducer - Sent purchase event: PurchaseEvent{book_id=5, supplier_id=2, cost=2.380474203819677, quantity=14, timestamp=1779044946396}
[kafka-producer-network-thread | producer-1] INFO is.project3.PurchaseEventProducer - Sent purchase event: PurchaseEvent{book_id=3, supplier_id=1, cost=39.65099778305535, quantity=14, timestamp=1779044946496}
[kafka-producer-network-thread | producer-1] INFO is.project3.PurchaseEventProducer - Sent purchase event: PurchaseEvent{book_id=4, supplier_id=2, cost=131.1335916774942, quantity=16, timestamp=1779044946597}
[kafka-producer-network-thread | producer-1] INFO is.project3.PurchaseEventProducer - Sent purchase event: PurchaseEvent{book_id=4, supplier_id=3, cost=134.93798666171702, quantity=12, timestamp=1779044946697}
[kafka-producer-network-thread | producer-1] INFO is.project3.PurchaseEventProducer - Sent purchase event: PurchaseEvent{book_id=4, supplier_id=1, cost=162.33943493964372, quantity=8, timestamp=1779044946797}
[kafka-producer-network-thread | producer-1] INFO is.project3.PurchaseEventProducer - Sent purchase event: PurchaseEvent{book_id=2, supplier_id=2, cost=12.639264010192226, quantity=12, timestamp=1779044946898}
[kafka-producer-network-thread | producer-1] INFO is.project3.PurchaseEventProducer - Sent purchase event: PurchaseEvent{book_id=3, supplier_id=4, cost=47.55872504651172, quantity=13, timestamp=1779044946998}
[kafka-producer-network-thread | producer-1] INFO is.project3.PurchaseEventProducer - Sent purchase event: PurchaseEvent{book_id=4, supplier_id=4, cost=126.33163567849806, quantity=8, timestamp=1779044947098}
[kafka-producer-network-thread | producer-1] INFO is.project3.PurchaseEventProducer - Sent purchase event: PurchaseEvent{book_id=1, supplier_id=3, cost=488.0083677121426, quantity=20, timestamp=1779044947198}
[kafka-producer-network-thread | producer-1] INFO is.project3.PurchaseEventProducer - Sent purchase event: PurchaseEvent{book_id=3, supplier_id=1, cost=32.315196006987925, quantity=1, timestamp=1779044947299}
[kafka-producer-network-thread | producer-1] INFO is.project3.PurchaseEventProducer - Sent purchase event: PurchaseEvent{book_id=5, supplier_id=2, cost=1.8893098075877486, quantity=16, timestamp=1779044947399}
[kafka-producer-network-thread | producer-1] INFO is.project3.PurchaseEventProducer - Sent purchase event: PurchaseEvent{book_id=3, supplier_id=2, cost=40.97319856843092, quantity=14, timestamp=1779044947499}
[kafka-producer-network-thread | producer-1] INFO is.project3.PurchaseEventProducer - Sent purchase event: PurchaseEvent{book_id=4, supplier_id=3, cost=157.32765014894983, quantity=6, timestamp=1779044947599}
[kafka-producer-network-thread | producer-1] INFO is.project3.PurchaseEventProducer - Sent purchase event: PurchaseEvent{book_id=2, supplier_id=4, cost=15.854495551989176, quantity=15, timestamp=1779044947700}
[kafka-producer-network-thread | producer-1] INFO is.project3.PurchaseEventProducer - Sent purchase event: PurchaseEvent{book_id=4, supplier_id=1, cost=167.98648127844783, quantity=19, timestamp=1779044947800}
[kafka-producer-network-thread | producer-1] INFO is.project3.PurchaseEventProducer - Sent purchase event: PurchaseEvent{book_id=2, supplier_id=3, cost=16.694211906979536, quantity=10, timestamp=1779044947900}
[kafka-producer-network-thread | producer-1] INFO is.project3.PurchaseEventProducer - Sent purchase event: PurchaseEvent{book_id=2, supplier_id=5, cost=15.99005084586057, quantity=8, timestamp=1779044948000}
[kafka-producer-network-thread | producer-1] INFO is.project3.PurchaseEventProducer - Sent purchase event: PurchaseEvent{book_id=1, supplier_id=4, cost=441.58069550296443, quantity=1, timestamp=1779044948101}
[kafka-producer-network-thread | producer-1] INFO is.project3.PurchaseEventProducer - Sent purchase event: PurchaseEvent{book_id=1, supplier_id=2, cost=402.85827602784207, quantity=18, timestamp=1779044948201}
[kafka-producer-network-thread | producer-1] INFO is.project3.PurchaseEventProducer - Sent purchase event: PurchaseEvent{book_id=2, supplier_id=3, cost=12.638679582022709, quantity=5, timestamp=1779044948301}
[kafka-producer-network-thread | producer-1] INFO is.project3.PurchaseEventProducer - Sent purchase event: PurchaseEvent{book_id=3, supplier_id=3, cost=47.06364539080237, quantity=18, timestamp=1779044948401}
[kafka-producer-network-thread | producer-1] INFO is.project3.PurchaseEventProducer - Sent purchase event: PurchaseEvent{book_id=5, supplier_id=5, cost=1.8178335738615596, quantity=8, timestamp=1779044948502}
[kafka-producer-network-thread | producer-1] INFO is.project3.PurchaseEventProducer - Sent purchase event: PurchaseEvent{book_id=4, supplier_id=1, cost=137.55340551619494, quantity=4, timestamp=1779044948602}
[kafka-producer-network-thread | producer-1] INFO is.project3.PurchaseEventProducer - Sent purchase event: PurchaseEvent{book_id=1, supplier_id=5, cost=597.797234556206, quantity=9, timestamp=1779044948702}
[kafka-producer-network-thread | producer-1] INFO is.project3.PurchaseEventProducer - Sent purchase event: PurchaseEvent{book_id=4, supplier_id=5, cost=169.25943505496846, quantity=11, timestamp=1779044948802}
[kafka-producer-network-thread | producer-1] INFO is.project3.PurchaseEventProducer - Sent purchase event: PurchaseEvent{book_id=4, supplier_id=5, cost=139.32160147448897, quantity=5, timestamp=1779044948903}
[kafka-producer-network-thread | producer-1] INFO is.project3.PurchaseEventProducer - Sent purchase event: PurchaseEvent{book_id=2, supplier_id=4, cost=13.766857552383726, quantity=10, timestamp=1779044949003}
[kafka-producer-network-thread | producer-1] INFO is.project3.PurchaseEventProducer - Sent purchase event: PurchaseEvent{book_id=1, supplier_id=3, cost=454.2007278958924, quantity=3, timestamp=1779044949103}
[kafka-producer-network-thread | producer-1] INFO is.project3.PurchaseEventProducer - Sent purchase event: PurchaseEvent{book_id=2, supplier_id=5, cost=15.151277841075784, quantity=3, timestamp=1779044949204}
[kafka-producer-network-thread | producer-1] INFO is.project3.PurchaseEventProducer - Sent purchase event: PurchaseEvent{book_id=4, supplier_id=5, cost=159.80470971046626, quantity=14, timestamp=1779044949304}
[kafka-producer-network-thread | producer-1] INFO is.project3.PurchaseEventProducer - Sent purchase event: PurchaseEvent{book_id=5, supplier_id=4, cost=1.8621851286960998, quantity=13, timestamp=1779044949404}
[kafka-producer-network-thread | producer-1] INFO is.project3.PurchaseEventProducer - Sent purchase event: PurchaseEvent{book_id=1, supplier_id=4, cost=403.5571233849591, quantity=20, timestamp=1779044949505}
[kafka-producer-network-thread | producer-1] INFO is.project3.PurchaseEventProducer - Sent purchase event: PurchaseEvent{book_id=1, supplier_id=1, cost=518.0713643109741, quantity=5, timestamp=1779044949605}
[kafka-producer-network-thread | producer-1] INFO is.project3.PurchaseEventProducer - Sent purchase event: PurchaseEvent{book_id=5, supplier_id=4, cost=1.9864118025787125, quantity=18, timestamp=1779044949706}
[kafka-producer-network-thread | producer-1] INFO is.project3.PurchaseEventProducer - Sent purchase event: PurchaseEvent{book_id=1, supplier_id=5, cost=524.2939328934475, quantity=7, timestamp=1779044949806}
[kafka-producer-network-thread | producer-1] INFO is.project3.PurchaseEventProducer - Sent purchase event: PurchaseEvent{book_id=2, supplier_id=1, cost=14.370672521602426, quantity=4, timestamp=1779044949906}
[kafka-producer-network-thread | producer-1] INFO is.project3.PurchaseEventProducer - Sent purchase event: PurchaseEvent{book_id=1, supplier_id=4, cost=523.2296615950853, quantity=6, timestamp=1779044950007}
[kafka-producer-network-thread | producer-1] INFO is.project3.PurchaseEventProducer - Sent purchase event: PurchaseEvent{book_id=4, supplier_id=2, cost=122.75198407417895, quantity=20, timestamp=1779044950107}
[kafka-producer-network-thread | producer-1] INFO is.project3.PurchaseEventProducer - Sent purchase event: PurchaseEvent{book_id=4, supplier_id=1, cost=170.59333546377084, quantity=17, timestamp=1779044950207}
[kafka-producer-network-thread | producer-1] INFO is.project3.PurchaseEventProducer - Sent purchase event: PurchaseEvent{book_id=1, supplier_id=3, cost=495.76356977000455, quantity=15, timestamp=1779044950308}
[kafka-producer-network-thread | producer-1] INFO is.project3.PurchaseEventProducer - Sent purchase event: PurchaseEvent{book_id=2, supplier_id=2, cost=16.986010471263306, quantity=15, timestamp=1779044950408}
[kafka-producer-network-thread | producer-1] INFO is.project3.PurchaseEventProducer - Sent purchase event: PurchaseEvent{book_id=1, supplier_id=2, cost=503.7627995469351, quantity=12, timestamp=1779044950508}
[kafka-producer-network-thread | producer-1] INFO is.project3.PurchaseEventProducer - Sent purchase event: PurchaseEvent{book_id=3, supplier_id=1, cost=44.59123927593316, quantity=3, timestamp=1779044950609}
[kafka-producer-network-thread | producer-1] INFO is.project3.PurchaseEventProducer - Sent purchase event: PurchaseEvent{book_id=1, supplier_id=1, cost=550.4171738118121, quantity=10, timestamp=1779044950709}
[kafka-producer-network-thread | producer-1] INFO is.project3.PurchaseEventProducer - Sent purchase event: PurchaseEvent{book_id=1, supplier_id=3, cost=556.8778408828322, quantity=16, timestamp=1779044950809}
[kafka-producer-network-thread | producer-1] INFO is.project3.PurchaseEventProducer - Sent purchase event: PurchaseEvent{book_id=2, supplier_id=3, cost=13.563612415609455, quantity=13, timestamp=1779044950909}
[kafka-producer-network-thread | producer-1] INFO is.project3.PurchaseEventProducer - Sent purchase event: PurchaseEvent{book_id=4, supplier_id=5, cost=162.3083163859478, quantity=5, timestamp=1779044951010}
[kafka-producer-network-thread | producer-1] INFO is.project3.PurchaseEventProducer - Sent purchase event: PurchaseEvent{book_id=3, supplier_id=2, cost=39.63980457681559, quantity=10, timestamp=1779044951110}
[kafka-producer-network-thread | producer-1] INFO is.project3.PurchaseEventProducer - Sent purchase event: PurchaseEvent{book_id=1, supplier_id=2, cost=460.95582867636546, quantity=14, timestamp=1779044951211}
[kafka-producer-network-thread | producer-1] INFO is.project3.PurchaseEventProducer - Sent purchase event: PurchaseEvent{book_id=2, supplier_id=5, cost=15.46805029042122, quantity=4, timestamp=1779044951311}
[kafka-producer-network-thread | producer-1] INFO is.project3.PurchaseEventProducer - Sent purchase event: PurchaseEvent{book_id=2, supplier_id=1, cost=13.90797680515894, quantity=18, timestamp=1779044951411}
[kafka-producer-network-thread | producer-1] INFO is.project3.PurchaseEventProducer - Sent purchase event: PurchaseEvent{book_id=2, supplier_id=1, cost=14.942820235578381, quantity=4, timestamp=1779044951512}
[kafka-producer-network-thread | producer-1] INFO is.project3.PurchaseEventProducer - Sent purchase event: PurchaseEvent{book_id=5, supplier_id=1, cost=1.791791850003015, quantity=15, timestamp=1779044951612}
[kafka-producer-network-thread | producer-1] INFO is.project3.PurchaseEventProducer - Sent purchase event: PurchaseEvent{book_id=1, supplier_id=5, cost=541.2978132537806, quantity=18, timestamp=1779044951712}
[kafka-producer-network-thread | producer-1] INFO is.project3.PurchaseEventProducer - Sent purchase event: PurchaseEvent{book_id=2, supplier_id=3, cost=16.663713513392167, quantity=8, timestamp=1779044951812}
[kafka-producer-network-thread | producer-1] INFO is.project3.PurchaseEventProducer - Sent purchase event: PurchaseEvent{book_id=4, supplier_id=5, cost=123.20373758587615, quantity=17, timestamp=1779044951913}
[kafka-producer-network-thread | producer-1] INFO is.project3.PurchaseEventProducer - Sent purchase event: PurchaseEvent{book_id=1, supplier_id=4, cost=513.8754298133646, quantity=13, timestamp=1779044952013}
[kafka-producer-network-thread | producer-1] INFO is.project3.PurchaseEventProducer - Sent purchase event: PurchaseEvent{book_id=1, supplier_id=3, cost=402.0544249240413, quantity=17, timestamp=1779044952113}
[kafka-producer-network-thread | producer-1] INFO is.project3.PurchaseEventProducer - Sent purchase event: PurchaseEvent{book_id=2, supplier_id=1, cost=13.351259072716607, quantity=20, timestamp=1779044952214}
[kafka-producer-network-thread | producer-1] INFO is.project3.PurchaseEventProducer - Sent purchase event: PurchaseEvent{book_id=4, supplier_id=1, cost=164.59070285587788, quantity=13, timestamp=1779044952314}
[kafka-producer-network-thread | producer-1] INFO is.project3.PurchaseEventProducer - Sent purchase event: PurchaseEvent{book_id=1, supplier_id=1, cost=458.2666518505556, quantity=4, timestamp=1779044952414}
[kafka-producer-network-thread | producer-1] INFO is.project3.PurchaseEventProducer - Sent purchase event: PurchaseEvent{book_id=5, supplier_id=3, cost=1.8518242692237143, quantity=20, timestamp=1779044952515}
[kafka-producer-network-thread | producer-1] INFO is.project3.PurchaseEventProducer - Sent purchase event: PurchaseEvent{book_id=4, supplier_id=3, cost=151.25210378269946, quantity=16, timestamp=1779044952615}
[kafka-producer-network-thread | producer-1] INFO is.project3.PurchaseEventProducer - Sent purchase event: PurchaseEvent{book_id=5, supplier_id=1, cost=1.9063234629958663, quantity=7, timestamp=1779044952715}
[kafka-producer-network-thread | producer-1] INFO is.project3.PurchaseEventProducer - Sent purchase event: PurchaseEvent{book_id=4, supplier_id=3, cost=131.51211138270932, quantity=14, timestamp=1779044952815}
[kafka-producer-network-thread | producer-1] INFO is.project3.PurchaseEventProducer - Sent purchase event: PurchaseEvent{book_id=1, supplier_id=1, cost=533.1781999841257, quantity=1, timestamp=1779044952916}
[kafka-producer-network-thread | producer-1] INFO is.project3.PurchaseEventProducer - Sent purchase event: PurchaseEvent{book_id=4, supplier_id=3, cost=175.40585753890358, quantity=14, timestamp=1779044953016}
[kafka-producer-network-thread | producer-1] INFO is.project3.PurchaseEventProducer - Sent purchase event: PurchaseEvent{book_id=5, supplier_id=3, cost=1.9469286128586578, quantity=20, timestamp=1779044953116}
[kafka-producer-network-thread | producer-1] INFO is.project3.PurchaseEventProducer - Sent purchase event: PurchaseEvent{book_id=3, supplier_id=5, cost=44.96753838933864, quantity=6, timestamp=1779044953216}
[kafka-producer-network-thread | producer-1] INFO is.project3.PurchaseEventProducer - Sent purchase event: PurchaseEvent{book_id=1, supplier_id=5, cost=453.2402702748913, quantity=4, timestamp=1779044953317}
[kafka-producer-network-thread | producer-1] INFO is.project3.PurchaseEventProducer - Sent purchase event: PurchaseEvent{book_id=2, supplier_id=1, cost=13.524360523824264, quantity=10, timestamp=1779044953417}
[kafka-producer-network-thread | producer-1] INFO is.project3.PurchaseEventProducer - Sent purchase event: PurchaseEvent{book_id=5, supplier_id=4, cost=1.724203168107321, quantity=17, timestamp=1779044953517}
[kafka-producer-network-thread | producer-1] INFO is.project3.PurchaseEventProducer - Sent purchase event: PurchaseEvent{book_id=3, supplier_id=5, cost=44.52784540416576, quantity=12, timestamp=1779044953618}
[kafka-producer-network-thread | producer-1] INFO is.project3.PurchaseEventProducer - Sent purchase event: PurchaseEvent{book_id=2, supplier_id=2, cost=15.339857640218353, quantity=14, timestamp=1779044953718}
[kafka-producer-network-thread | producer-1] INFO is.project3.PurchaseEventProducer - Sent purchase event: PurchaseEvent{book_id=2, supplier_id=3, cost=13.82835632944084, quantity=4, timestamp=1779044953818}
[kafka-producer-network-thread | producer-1] INFO is.project3.PurchaseEventProducer - Sent purchase event: PurchaseEvent{book_id=4, supplier_id=5, cost=122.69270876448351, quantity=7, timestamp=1779044953918}
[kafka-producer-network-thread | producer-1] INFO is.project3.PurchaseEventProducer - Sent purchase event: PurchaseEvent{book_id=2, supplier_id=2, cost=14.45462888184119, quantity=17, timestamp=1779044954019}
[kafka-producer-network-thread | producer-1] INFO is.project3.PurchaseEventProducer - Sent purchase event: PurchaseEvent{book_id=3, supplier_id=2, cost=38.54520611870438, quantity=5, timestamp=1779044954119}
[kafka-producer-network-thread | producer-1] INFO is.project3.PurchaseEventProducer - Sent purchase event: PurchaseEvent{book_id=3, supplier_id=3, cost=32.5457558348956, quantity=17, timestamp=1779044954219}
[kafka-producer-network-thread | producer-1] INFO is.project3.PurchaseEventProducer - Sent purchase event: PurchaseEvent{book_id=2, supplier_id=2, cost=14.073118844928933, quantity=10, timestamp=1779044954319}
[kafka-producer-network-thread | producer-1] INFO is.project3.PurchaseEventProducer - Sent purchase event: PurchaseEvent{book_id=1, supplier_id=5, cost=594.6554271980852, quantity=10, timestamp=1779044954420}
[kafka-producer-network-thread | producer-1] INFO is.project3.PurchaseEventProducer - Sent purchase event: PurchaseEvent{book_id=1, supplier_id=2, cost=553.3237460336505, quantity=7, timestamp=1779044954520}
[kafka-producer-network-thread | producer-1] INFO is.project3.PurchaseEventProducer - Sent purchase event: PurchaseEvent{book_id=2, supplier_id=1, cost=16.002610733295008, quantity=17, timestamp=1779044954620}
[kafka-producer-network-thread | producer-1] INFO is.project3.PurchaseEventProducer - Sent purchase event: PurchaseEvent{book_id=3, supplier_id=3, cost=44.13545696918611, quantity=14, timestamp=1779044954721}
[kafka-producer-network-thread | producer-1] INFO is.project3.PurchaseEventProducer - Sent purchase event: PurchaseEvent{book_id=1, supplier_id=4, cost=536.8173875054307, quantity=4, timestamp=1779044954821}
[kafka-producer-network-thread | producer-1] INFO is.project3.PurchaseEventProducer - Sent purchase event: PurchaseEvent{book_id=1, supplier_id=4, cost=447.26058450848825, quantity=10, timestamp=1779044954921}
[kafka-producer-network-thread | producer-1] INFO is.project3.PurchaseEventProducer - Sent purchase event: PurchaseEvent{book_id=5, supplier_id=1, cost=2.391140870888889, quantity=19, timestamp=1779044955021}
[kafka-producer-network-thread | producer-1] INFO is.project3.PurchaseEventProducer - Sent purchase event: PurchaseEvent{book_id=5, supplier_id=4, cost=1.8619505741915197, quantity=5, timestamp=1779044955122}
[kafka-producer-network-thread | producer-1] INFO is.project3.PurchaseEventProducer - Sent purchase event: PurchaseEvent{book_id=3, supplier_id=5, cost=37.68787263200457, quantity=11, timestamp=1779044955222}
[kafka-producer-network-thread | producer-1] INFO is.project3.PurchaseEventProducer - Sent purchase event: PurchaseEvent{book_id=1, supplier_id=5, cost=520.8203790467296, quantity=2, timestamp=1779044955322}
[kafka-producer-network-thread | producer-1] INFO is.project3.PurchaseEventProducer - Sent purchase event: PurchaseEvent{book_id=1, supplier_id=5, cost=491.4416944279045, quantity=5, timestamp=1779044955423}
[kafka-producer-network-thread | producer-1] INFO is.project3.PurchaseEventProducer - Sent purchase event: PurchaseEvent{book_id=4, supplier_id=2, cost=175.15865134502909, quantity=3, timestamp=1779044955523}
[kafka-producer-network-thread | producer-1] INFO is.project3.PurchaseEventProducer - Sent purchase event: PurchaseEvent{book_id=1, supplier_id=1, cost=459.2533271957137, quantity=14, timestamp=1779044955623}
[kafka-producer-network-thread | producer-1] INFO is.project3.PurchaseEventProducer - Sent purchase event: PurchaseEvent{book_id=4, supplier_id=3, cost=170.08066891325683, quantity=10, timestamp=1779044955723}
[kafka-producer-network-thread | producer-1] INFO is.project3.PurchaseEventProducer - Sent purchase event: PurchaseEvent{book_id=1, supplier_id=1, cost=564.1157880379506, quantity=2, timestamp=1779044955824}
[kafka-producer-network-thread | producer-1] INFO is.project3.PurchaseEventProducer - Sent purchase event: PurchaseEvent{book_id=3, supplier_id=1, cost=46.32160223000744, quantity=4, timestamp=1779044955924}
[kafka-producer-network-thread | producer-1] INFO is.project3.PurchaseEventProducer - Sent purchase event: PurchaseEvent{book_id=5, supplier_id=3, cost=2.081896912818596, quantity=8, timestamp=1779044956024}
[kafka-producer-network-thread | producer-1] INFO is.project3.PurchaseEventProducer - Sent purchase event: PurchaseEvent{book_id=5, supplier_id=5, cost=1.795533099030343, quantity=13, timestamp=1779044956125}
[kafka-producer-network-thread | producer-1] INFO is.project3.PurchaseEventProducer - Sent purchase event: PurchaseEvent{book_id=4, supplier_id=4, cost=154.28707507570425, quantity=6, timestamp=1779044956225}
[kafka-producer-network-thread | producer-1] INFO is.project3.PurchaseEventProducer - Sent purchase event: PurchaseEvent{book_id=3, supplier_id=3, cost=43.75811767081706, quantity=4, timestamp=1779044956325}
[kafka-producer-network-thread | producer-1] INFO is.project3.PurchaseEventProducer - Sent purchase event: PurchaseEvent{book_id=5, supplier_id=2, cost=2.2829576723161207, quantity=4, timestamp=1779044956426}
[kafka-producer-network-thread | producer-1] INFO is.project3.PurchaseEventProducer - Sent purchase event: PurchaseEvent{book_id=5, supplier_id=5, cost=1.9455495940113303, quantity=9, timestamp=1779044956526}
[kafka-producer-network-thread | producer-1] INFO is.project3.PurchaseEventProducer - Sent purchase event: PurchaseEvent{book_id=3, supplier_id=3, cost=34.078703025147085, quantity=8, timestamp=1779044956627}
[kafka-producer-network-thread | producer-1] INFO is.project3.PurchaseEventProducer - Sent purchase event: PurchaseEvent{book_id=3, supplier_id=3, cost=36.71583181959268, quantity=1, timestamp=1779044956727}
[kafka-producer-network-thread | producer-1] INFO is.project3.PurchaseEventProducer - Sent purchase event: PurchaseEvent{book_id=4, supplier_id=3, cost=146.07095076184893, quantity=4, timestamp=1779044956827}
[kafka-producer-network-thread | producer-1] INFO is.project3.PurchaseEventProducer - Sent purchase event: PurchaseEvent{book_id=3, supplier_id=5, cost=40.459033628768296, quantity=7, timestamp=1779044956928}
[kafka-producer-network-thread | producer-1] INFO is.project3.PurchaseEventProducer - Sent purchase event: PurchaseEvent{book_id=5, supplier_id=1, cost=1.8218457703918092, quantity=15, timestamp=1779044957028}
[kafka-producer-network-thread | producer-1] INFO is.project3.PurchaseEventProducer - Sent purchase event: PurchaseEvent{book_id=3, supplier_id=4, cost=39.66391961690301, quantity=2, timestamp=1779044957129}
[kafka-producer-network-thread | producer-1] INFO is.project3.PurchaseEventProducer - Sent purchase event: PurchaseEvent{book_id=2, supplier_id=4, cost=15.298017779786484, quantity=1, timestamp=1779044957229}
[kafka-producer-network-thread | producer-1] INFO is.project3.PurchaseEventProducer - Sent purchase event: PurchaseEvent{book_id=2, supplier_id=5, cost=12.210626393997558, quantity=6, timestamp=1779044957329}
[kafka-producer-network-thread | producer-1] INFO is.project3.PurchaseEventProducer - Sent purchase event: PurchaseEvent{book_id=3, supplier_id=5, cost=34.71238363492549, quantity=11, timestamp=1779044957429}
[kafka-producer-network-thread | producer-1] INFO is.project3.PurchaseEventProducer - Sent purchase event: PurchaseEvent{book_id=5, supplier_id=3, cost=2.245055476801508, quantity=1, timestamp=1779044957530}
[kafka-producer-network-thread | producer-1] INFO is.project3.PurchaseEventProducer - Sent purchase event: PurchaseEvent{book_id=5, supplier_id=3, cost=2.28827127671321, quantity=14, timestamp=1779044957630}
[kafka-producer-network-thread | producer-1] INFO is.project3.PurchaseEventProducer - Sent purchase event: PurchaseEvent{book_id=4, supplier_id=2, cost=129.28602463479373, quantity=9, timestamp=1779044957730}
[kafka-producer-network-thread | producer-1] INFO is.project3.PurchaseEventProducer - Sent purchase event: PurchaseEvent{book_id=1, supplier_id=3, cost=533.0558865309456, quantity=3, timestamp=1779044957831}
[kafka-producer-network-thread | producer-1] INFO is.project3.PurchaseEventProducer - Sent purchase event: PurchaseEvent{book_id=1, supplier_id=4, cost=447.2580261558524, quantity=9, timestamp=1779044957931}
[kafka-producer-network-thread | producer-1] INFO is.project3.PurchaseEventProducer - Sent purchase event: PurchaseEvent{book_id=3, supplier_id=1, cost=36.303743268153454, quantity=20, timestamp=1779044958031}
[kafka-producer-network-thread | producer-1] INFO is.project3.PurchaseEventProducer - Sent purchase event: PurchaseEvent{book_id=5, supplier_id=3, cost=1.7424832871445097, quantity=13, timestamp=1779044958132}
[kafka-producer-network-thread | producer-1] INFO is.project3.PurchaseEventProducer - Sent purchase event: PurchaseEvent{book_id=3, supplier_id=2, cost=41.94301291338892, quantity=10, timestamp=1779044958232}
[kafka-producer-network-thread | producer-1] INFO is.project3.PurchaseEventProducer - Sent purchase event: PurchaseEvent{book_id=1, supplier_id=3, cost=551.8692291541474, quantity=18, timestamp=1779044958332}
[kafka-producer-network-thread | producer-1] INFO is.project3.PurchaseEventProducer - Sent purchase event: PurchaseEvent{book_id=5, supplier_id=2, cost=1.7106327960863998, quantity=5, timestamp=1779044958433}
[kafka-producer-network-thread | producer-1] INFO is.project3.PurchaseEventProducer - Sent purchase event: PurchaseEvent{book_id=3, supplier_id=4, cost=35.58487684302871, quantity=3, timestamp=1779044958533}
[kafka-producer-network-thread | producer-1] INFO is.project3.PurchaseEventProducer - Sent purchase event: PurchaseEvent{book_id=4, supplier_id=3, cost=175.30807288908076, quantity=14, timestamp=1779044958633}
[kafka-producer-network-thread | producer-1] INFO is.project3.PurchaseEventProducer - Sent purchase event: PurchaseEvent{book_id=5, supplier_id=4, cost=1.9172593249421408, quantity=15, timestamp=1779044958734}
[kafka-producer-network-thread | producer-1] INFO is.project3.PurchaseEventProducer - Sent purchase event: PurchaseEvent{book_id=3, supplier_id=1, cost=38.71694084368275, quantity=1, timestamp=1779044958834}
[kafka-producer-network-thread | producer-1] INFO is.project3.PurchaseEventProducer - Sent purchase event: PurchaseEvent{book_id=3, supplier_id=1, cost=47.63650377188281, quantity=11, timestamp=1779044958934}
[kafka-producer-network-thread | producer-1] INFO is.project3.PurchaseEventProducer - Sent purchase event: PurchaseEvent{book_id=4, supplier_id=5, cost=121.00068945399396, quantity=9, timestamp=1779044959035}
[kafka-producer-network-thread | producer-1] INFO is.project3.PurchaseEventProducer - Sent purchase event: PurchaseEvent{book_id=3, supplier_id=2, cost=33.89309524354875, quantity=14, timestamp=1779044959135}
[kafka-producer-network-thread | producer-1] INFO is.project3.PurchaseEventProducer - Sent purchase event: PurchaseEvent{book_id=1, supplier_id=1, cost=444.232055498369, quantity=15, timestamp=1779044959235}
[kafka-producer-network-thread | producer-1] INFO is.project3.PurchaseEventProducer - Sent purchase event: PurchaseEvent{book_id=1, supplier_id=4, cost=598.3707145567734, quantity=7, timestamp=1779044959336}
[kafka-producer-network-thread | producer-1] INFO is.project3.PurchaseEventProducer - Sent purchase event: PurchaseEvent{book_id=3, supplier_id=2, cost=41.99260418568029, quantity=2, timestamp=1779044959436}
[kafka-producer-network-thread | producer-1] INFO is.project3.PurchaseEventProducer - Sent purchase event: PurchaseEvent{book_id=5, supplier_id=5, cost=2.1498005887870875, quantity=16, timestamp=1779044959536}
[kafka-producer-network-thread | producer-1] INFO is.project3.PurchaseEventProducer - Sent purchase event: PurchaseEvent{book_id=5, supplier_id=5, cost=1.6589468540920285, quantity=8, timestamp=1779044959637}
[kafka-producer-network-thread | producer-1] INFO is.project3.PurchaseEventProducer - Sent purchase event: PurchaseEvent{book_id=5, supplier_id=1, cost=2.0243082688936678, quantity=10, timestamp=1779044959737}
[kafka-producer-network-thread | producer-1] INFO is.project3.PurchaseEventProducer - Sent purchase event: PurchaseEvent{book_id=3, supplier_id=4, cost=39.44376884797456, quantity=8, timestamp=1779044959837}
[kafka-producer-network-thread | producer-1] INFO is.project3.PurchaseEventProducer - Sent purchase event: PurchaseEvent{book_id=1, supplier_id=4, cost=586.0885868669345, quantity=3, timestamp=1779044959937}
[kafka-producer-network-thread | producer-1] INFO is.project3.PurchaseEventProducer - Sent purchase event: PurchaseEvent{book_id=3, supplier_id=5, cost=32.52908513111163, quantity=6, timestamp=1779044960038}
[kafka-producer-network-thread | producer-1] INFO is.project3.PurchaseEventProducer - Sent purchase event: PurchaseEvent{book_id=5, supplier_id=2, cost=2.167031496865613, quantity=10, timestamp=1779044960138}
[kafka-producer-network-thread | producer-1] INFO is.project3.PurchaseEventProducer - Sent purchase event: PurchaseEvent{book_id=1, supplier_id=3, cost=540.782767465952, quantity=19, timestamp=1779044960238}
[kafka-producer-network-thread | producer-1] INFO is.project3.PurchaseEventProducer - Sent purchase event: PurchaseEvent{book_id=2, supplier_id=5, cost=15.104627984860361, quantity=17, timestamp=1779044960339}
[kafka-producer-network-thread | producer-1] INFO is.project3.PurchaseEventProducer - Sent purchase event: PurchaseEvent{book_id=3, supplier_id=5, cost=33.642496559813594, quantity=12, timestamp=1779044960439}
[kafka-producer-network-thread | producer-1] INFO is.project3.PurchaseEventProducer - Sent purchase event: PurchaseEvent{book_id=2, supplier_id=2, cost=13.126369446143155, quantity=20, timestamp=1779044960539}
[kafka-producer-network-thread | producer-1] INFO is.project3.PurchaseEventProducer - Sent purchase event: PurchaseEvent{book_id=4, supplier_id=3, cost=146.89920046623007, quantity=8, timestamp=1779044960640}
[kafka-producer-network-thread | producer-1] INFO is.project3.PurchaseEventProducer - Sent purchase event: PurchaseEvent{book_id=4, supplier_id=4, cost=179.50366791074174, quantity=19, timestamp=1779044960740}
[kafka-producer-network-thread | producer-1] INFO is.project3.PurchaseEventProducer - Sent purchase event: PurchaseEvent{book_id=1, supplier_id=5, cost=560.367813423709, quantity=6, timestamp=1779044960840}
[kafka-producer-network-thread | producer-1] INFO is.project3.PurchaseEventProducer - Sent purchase event: PurchaseEvent{book_id=1, supplier_id=4, cost=527.4464852919076, quantity=20, timestamp=1779044960941}
[kafka-producer-network-thread | producer-1] INFO is.project3.PurchaseEventProducer - Sent purchase event: PurchaseEvent{book_id=5, supplier_id=4, cost=2.1506642241188683, quantity=11, timestamp=1779044961041}
[kafka-producer-network-thread | producer-1] INFO is.project3.PurchaseEventProducer - Sent purchase event: PurchaseEvent{book_id=3, supplier_id=3, cost=44.78338969380702, quantity=3, timestamp=1779044961141}
[kafka-producer-network-thread | producer-1] INFO is.project3.PurchaseEventProducer - Sent purchase event: PurchaseEvent{book_id=3, supplier_id=5, cost=46.24394855691171, quantity=16, timestamp=1779044961241}
[kafka-producer-network-thread | producer-1] INFO is.project3.PurchaseEventProducer - Sent purchase event: PurchaseEvent{book_id=2, supplier_id=1, cost=14.24193595531361, quantity=1, timestamp=1779044961342}
[kafka-producer-network-thread | producer-1] INFO is.project3.PurchaseEventProducer - Sent purchase event: PurchaseEvent{book_id=1, supplier_id=3, cost=507.7670144350055, quantity=7, timestamp=1779044961442}
[kafka-producer-network-thread | producer-1] INFO is.project3.PurchaseEventProducer - Sent purchase event: PurchaseEvent{book_id=1, supplier_id=5, cost=411.4578407119115, quantity=8, timestamp=1779044961542}
[kafka-producer-network-thread | producer-1] INFO is.project3.PurchaseEventProducer - Sent purchase event: PurchaseEvent{book_id=2, supplier_id=3, cost=16.936575417570666, quantity=20, timestamp=1779044961643}
[kafka-producer-network-thread | producer-1] INFO is.project3.PurchaseEventProducer - Sent purchase event: PurchaseEvent{book_id=5, supplier_id=4, cost=2.1433095665597173, quantity=10, timestamp=1779044961743}
[kafka-producer-network-thread | producer-1] INFO is.project3.PurchaseEventProducer - Sent purchase event: PurchaseEvent{book_id=2, supplier_id=1, cost=14.132483664764132, quantity=11, timestamp=1779044961843}
[kafka-producer-network-thread | producer-1] INFO is.project3.PurchaseEventProducer - Sent purchase event: PurchaseEvent{book_id=5, supplier_id=4, cost=1.7658150543019617, quantity=18, timestamp=1779044961944}
[kafka-producer-network-thread | producer-1] INFO is.project3.PurchaseEventProducer - Sent purchase event: PurchaseEvent{book_id=3, supplier_id=2, cost=45.79002379108679, quantity=13, timestamp=1779044962044}
[kafka-producer-network-thread | producer-1] INFO is.project3.PurchaseEventProducer - Sent purchase event: PurchaseEvent{book_id=1, supplier_id=4, cost=488.4242801578473, quantity=12, timestamp=1779044962144}
[kafka-producer-network-thread | producer-1] INFO is.project3.PurchaseEventProducer - Sent purchase event: PurchaseEvent{book_id=4, supplier_id=5, cost=123.6957152537675, quantity=8, timestamp=1779044962245}
[kafka-producer-network-thread | producer-1] INFO is.project3.PurchaseEventProducer - Sent purchase event: PurchaseEvent{book_id=3, supplier_id=5, cost=44.76294291190911, quantity=6, timestamp=1779044962345}
[kafka-producer-network-thread | producer-1] INFO is.project3.PurchaseEventProducer - Sent purchase event: PurchaseEvent{book_id=2, supplier_id=5, cost=14.785870372869688, quantity=15, timestamp=1779044962445}
[kafka-producer-network-thread | producer-1] INFO is.project3.PurchaseEventProducer - Sent purchase event: PurchaseEvent{book_id=2, supplier_id=5, cost=15.363134504984956, quantity=7, timestamp=1779044962546}
[kafka-producer-network-thread | producer-1] INFO is.project3.PurchaseEventProducer - Sent purchase event: PurchaseEvent{book_id=4, supplier_id=4, cost=176.86672811794884, quantity=7, timestamp=1779044962646}
[kafka-producer-network-thread | producer-1] INFO is.project3.PurchaseEventProducer - Sent purchase event: PurchaseEvent{book_id=3, supplier_id=1, cost=32.79044801071641, quantity=16, timestamp=1779044962746}
[kafka-producer-network-thread | producer-1] INFO is.project3.PurchaseEventProducer - Sent purchase event: PurchaseEvent{book_id=3, supplier_id=2, cost=40.48939455134047, quantity=18, timestamp=1779044962847}
[kafka-producer-network-thread | producer-1] INFO is.project3.PurchaseEventProducer - Sent purchase event: PurchaseEvent{book_id=1, supplier_id=5, cost=502.4143292475993, quantity=4, timestamp=1779044962947}
[kafka-producer-network-thread | producer-1] INFO is.project3.PurchaseEventProducer - Sent purchase event: PurchaseEvent{book_id=3, supplier_id=5, cost=46.10473520879908, quantity=16, timestamp=1779044963048}
[kafka-producer-network-thread | producer-1] INFO is.project3.PurchaseEventProducer - Sent purchase event: PurchaseEvent{book_id=4, supplier_id=1, cost=149.1184397568221, quantity=1, timestamp=1779044963148}
[kafka-producer-network-thread | producer-1] INFO is.project3.PurchaseEventProducer - Sent purchase event: PurchaseEvent{book_id=1, supplier_id=4, cost=588.4455560684343, quantity=3, timestamp=1779044963248}
[kafka-producer-network-thread | producer-1] INFO is.project3.PurchaseEventProducer - Sent purchase event: PurchaseEvent{book_id=5, supplier_id=4, cost=1.7462851267343604, quantity=16, timestamp=1779044963349}
[kafka-producer-network-thread | producer-1] INFO is.project3.PurchaseEventProducer - Sent purchase event: PurchaseEvent{book_id=3, supplier_id=1, cost=42.866545822200344, quantity=1, timestamp=1779044963449}
[kafka-producer-network-thread | producer-1] INFO is.project3.PurchaseEventProducer - Sent purchase event: PurchaseEvent{book_id=4, supplier_id=2, cost=150.99263093260893, quantity=17, timestamp=1779044963549}
[kafka-producer-network-thread | producer-1] INFO is.project3.PurchaseEventProducer - Sent purchase event: PurchaseEvent{book_id=2, supplier_id=2, cost=17.912005443969214, quantity=18, timestamp=1779044963650}
[kafka-producer-network-thread | producer-1] INFO is.project3.PurchaseEventProducer - Sent purchase event: PurchaseEvent{book_id=1, supplier_id=2, cost=469.3045140883698, quantity=12, timestamp=1779044963750}
[kafka-producer-network-thread | producer-1] INFO is.project3.PurchaseEventProducer - Sent purchase event: PurchaseEvent{book_id=2, supplier_id=3, cost=16.29754359965539, quantity=6, timestamp=1779044963850}
[kafka-producer-network-thread | producer-1] INFO is.project3.PurchaseEventProducer - Sent purchase event: PurchaseEvent{book_id=3, supplier_id=4, cost=33.33395875038957, quantity=9, timestamp=1779044963951}
[kafka-producer-network-thread | producer-1] INFO is.project3.PurchaseEventProducer - Sent purchase event: PurchaseEvent{book_id=3, supplier_id=5, cost=38.16690917085751, quantity=8, timestamp=1779044964051}
[kafka-producer-network-thread | producer-1] INFO is.project3.PurchaseEventProducer - Sent purchase event: PurchaseEvent{book_id=5, supplier_id=3, cost=2.058310576975967, quantity=6, timestamp=1779044964151}
[kafka-producer-network-thread | producer-1] INFO is.project3.PurchaseEventProducer - Sent purchase event: PurchaseEvent{book_id=5, supplier_id=2, cost=1.884326290322372, quantity=2, timestamp=1779044964252}
[kafka-producer-network-thread | producer-1] INFO is.project3.PurchaseEventProducer - Sent purchase event: PurchaseEvent{book_id=1, supplier_id=1, cost=423.04043355250616, quantity=2, timestamp=1779044964352}
[kafka-producer-network-thread | producer-1] INFO is.project3.PurchaseEventProducer - Sent purchase event: PurchaseEvent{book_id=2, supplier_id=2, cost=16.570927051813126, quantity=17, timestamp=1779044964452}
[kafka-producer-network-thread | producer-1] INFO is.project3.PurchaseEventProducer - Sent purchase event: PurchaseEvent{book_id=5, supplier_id=5, cost=1.6908856842671367, quantity=16, timestamp=1779044964553}
[kafka-producer-network-thread | producer-1] INFO is.project3.PurchaseEventProducer - Sent purchase event: PurchaseEvent{book_id=2, supplier_id=4, cost=15.649321851789182, quantity=8, timestamp=1779044964653}
[kafka-producer-network-thread | producer-1] INFO is.project3.PurchaseEventProducer - Sent purchase event: PurchaseEvent{book_id=1, supplier_id=2, cost=400.94254824633964, quantity=10, timestamp=1779044964753}
[kafka-producer-network-thread | producer-1] INFO is.project3.PurchaseEventProducer - Sent purchase event: PurchaseEvent{book_id=1, supplier_id=1, cost=599.1108519902485, quantity=3, timestamp=1779044964853}
[kafka-producer-network-thread | producer-1] INFO is.project3.PurchaseEventProducer - Sent purchase event: PurchaseEvent{book_id=4, supplier_id=2, cost=170.4012709708945, quantity=5, timestamp=1779044964954}
[kafka-producer-network-thread | producer-1] INFO is.project3.PurchaseEventProducer - Sent purchase event: PurchaseEvent{book_id=3, supplier_id=1, cost=41.03578640496372, quantity=3, timestamp=1779044965054}
[kafka-producer-network-thread | producer-1] INFO is.project3.PurchaseEventProducer - Sent purchase event: PurchaseEvent{book_id=1, supplier_id=1, cost=498.8048515309888, quantity=20, timestamp=1779044965155}
[kafka-producer-network-thread | producer-1] INFO is.project3.PurchaseEventProducer - Sent purchase event: PurchaseEvent{book_id=2, supplier_id=3, cost=16.978763316079394, quantity=2, timestamp=1779044965255}
[kafka-producer-network-thread | producer-1] INFO is.project3.PurchaseEventProducer - Sent purchase event: PurchaseEvent{book_id=4, supplier_id=3, cost=137.91296274880307, quantity=7, timestamp=1779044965355}
[kafka-producer-network-thread | producer-1] INFO is.project3.PurchaseEventProducer - Sent purchase event: PurchaseEvent{book_id=1, supplier_id=5, cost=492.59644448981754, quantity=15, timestamp=1779044965456}
[kafka-producer-network-thread | producer-1] INFO is.project3.PurchaseEventProducer - Sent purchase event: PurchaseEvent{book_id=1, supplier_id=4, cost=461.7255500171678, quantity=7, timestamp=1779044965556}
[kafka-producer-network-thread | producer-1] INFO is.project3.PurchaseEventProducer - Sent purchase event: PurchaseEvent{book_id=2, supplier_id=1, cost=15.968642569707077, quantity=17, timestamp=1779044965656}
[kafka-producer-network-thread | producer-1] INFO is.project3.PurchaseEventProducer - Sent purchase event: PurchaseEvent{book_id=1, supplier_id=1, cost=536.820188823701, quantity=12, timestamp=1779044965757}
[kafka-producer-network-thread | producer-1] INFO is.project3.PurchaseEventProducer - Sent purchase event: PurchaseEvent{book_id=3, supplier_id=4, cost=32.84330027775634, quantity=13, timestamp=1779044965857}
[kafka-producer-network-thread | producer-1] INFO is.project3.PurchaseEventProducer - Sent purchase event: PurchaseEvent{book_id=3, supplier_id=5, cost=43.39607839133292, quantity=8, timestamp=1779044965957}
[kafka-producer-network-thread | producer-1] INFO is.project3.PurchaseEventProducer - Sent purchase event: PurchaseEvent{book_id=2, supplier_id=2, cost=12.035446183750555, quantity=5, timestamp=1779044966058}
[kafka-producer-network-thread | producer-1] INFO is.project3.PurchaseEventProducer - Sent purchase event: PurchaseEvent{book_id=5, supplier_id=3, cost=1.6979439598486012, quantity=5, timestamp=1779044966158}
[kafka-producer-network-thread | producer-1] INFO is.project3.PurchaseEventProducer - Sent purchase event: PurchaseEvent{book_id=1, supplier_id=5, cost=572.1828682403161, quantity=10, timestamp=1779044966258}
[kafka-producer-network-thread | producer-1] INFO is.project3.PurchaseEventProducer - Sent purchase event: PurchaseEvent{book_id=1, supplier_id=3, cost=502.2433016711655, quantity=1, timestamp=1779044966359}
[kafka-producer-network-thread | producer-1] INFO is.project3.PurchaseEventProducer - Sent purchase event: PurchaseEvent{book_id=1, supplier_id=5, cost=446.1622230253694, quantity=2, timestamp=1779044966459}
[kafka-producer-network-thread | producer-1] INFO is.project3.PurchaseEventProducer - Sent purchase event: PurchaseEvent{book_id=5, supplier_id=4, cost=1.8292289125156382, quantity=13, timestamp=1779044966559}
[kafka-producer-network-thread | producer-1] INFO is.project3.PurchaseEventProducer - Sent purchase event: PurchaseEvent{book_id=4, supplier_id=1, cost=155.39156607701054, quantity=17, timestamp=1779044966660}
[kafka-producer-network-thread | producer-1] INFO is.project3.PurchaseEventProducer - Sent purchase event: PurchaseEvent{book_id=4, supplier_id=2, cost=133.8757234287513, quantity=2, timestamp=1779044966760}
[kafka-producer-network-thread | producer-1] INFO is.project3.PurchaseEventProducer - Sent purchase event: PurchaseEvent{book_id=1, supplier_id=3, cost=491.5448568329317, quantity=11, timestamp=1779044966860}
[kafka-producer-network-thread | producer-1] INFO is.project3.PurchaseEventProducer - Sent purchase event: PurchaseEvent{book_id=3, supplier_id=5, cost=41.068346750299526, quantity=13, timestamp=1779044966960}
[kafka-producer-network-thread | producer-1] INFO is.project3.PurchaseEventProducer - Sent purchase event: PurchaseEvent{book_id=5, supplier_id=3, cost=2.1467321806535065, quantity=11, timestamp=1779044967061}
[kafka-producer-network-thread | producer-1] INFO is.project3.PurchaseEventProducer - Sent purchase event: PurchaseEvent{book_id=1, supplier_id=5, cost=499.6243275488193, quantity=7, timestamp=1779044967161}
[kafka-producer-network-thread | producer-1] INFO is.project3.PurchaseEventProducer - Sent purchase event: PurchaseEvent{book_id=1, supplier_id=3, cost=552.6655073289231, quantity=11, timestamp=1779044967261}
[kafka-producer-network-thread | producer-1] INFO is.project3.PurchaseEventProducer - Sent purchase event: PurchaseEvent{book_id=2, supplier_id=3, cost=17.18373844609977, quantity=12, timestamp=1779044967361}
[kafka-producer-network-thread | producer-1] INFO is.project3.PurchaseEventProducer - Sent purchase event: PurchaseEvent{book_id=1, supplier_id=1, cost=572.7041870158366, quantity=8, timestamp=1779044967462}
[kafka-producer-network-thread | producer-1] INFO is.project3.PurchaseEventProducer - Sent purchase event: PurchaseEvent{book_id=1, supplier_id=1, cost=510.4254152926131, quantity=16, timestamp=1779044967562}
[kafka-producer-network-thread | producer-1] INFO is.project3.PurchaseEventProducer - Sent purchase event: PurchaseEvent{book_id=4, supplier_id=3, cost=126.1255441212849, quantity=13, timestamp=1779044967662}
[kafka-producer-network-thread | producer-1] INFO is.project3.PurchaseEventProducer - Sent purchase event: PurchaseEvent{book_id=1, supplier_id=3, cost=500.4779711154169, quantity=10, timestamp=1779044967763}
[kafka-producer-network-thread | producer-1] INFO is.project3.PurchaseEventProducer - Sent purchase event: PurchaseEvent{book_id=3, supplier_id=2, cost=39.33773760135272, quantity=8, timestamp=1779044967863}
[kafka-producer-network-thread | producer-1] INFO is.project3.PurchaseEventProducer - Sent purchase event: PurchaseEvent{book_id=5, supplier_id=5, cost=1.7986657598345315, quantity=16, timestamp=1779044967963}
[kafka-producer-network-thread | producer-1] INFO is.project3.PurchaseEventProducer - Sent purchase event: PurchaseEvent{book_id=2, supplier_id=2, cost=14.955780269414014, quantity=15, timestamp=1779044968063}
[kafka-producer-network-thread | producer-1] INFO is.project3.PurchaseEventProducer - Sent purchase event: PurchaseEvent{book_id=5, supplier_id=5, cost=2.2129221744637353, quantity=1, timestamp=1779044968164}
[kafka-producer-network-thread | producer-1] INFO is.project3.PurchaseEventProducer - Sent purchase event: PurchaseEvent{book_id=5, supplier_id=5, cost=2.1441375516527414, quantity=19, timestamp=1779044968264}
[kafka-producer-network-thread | producer-1] INFO is.project3.PurchaseEventProducer - Sent purchase event: PurchaseEvent{book_id=1, supplier_id=4, cost=494.03130439989206, quantity=5, timestamp=1779044968364}
[kafka-producer-network-thread | producer-1] INFO is.project3.PurchaseEventProducer - Sent purchase event: PurchaseEvent{book_id=1, supplier_id=1, cost=524.0220539031432, quantity=12, timestamp=1779044968465}
[kafka-producer-network-thread | producer-1] INFO is.project3.PurchaseEventProducer - Sent purchase event: PurchaseEvent{book_id=2, supplier_id=3, cost=14.859685431031792, quantity=18, timestamp=1779044968565}
[kafka-producer-network-thread | producer-1] INFO is.project3.PurchaseEventProducer - Sent purchase event: PurchaseEvent{book_id=1, supplier_id=1, cost=545.4207351805336, quantity=2, timestamp=1779044968665}
[kafka-producer-network-thread | producer-1] INFO is.project3.PurchaseEventProducer - Sent purchase event: PurchaseEvent{book_id=1, supplier_id=3, cost=440.7341960686775, quantity=18, timestamp=1779044968765}
[kafka-producer-network-thread | producer-1] INFO is.project3.PurchaseEventProducer - Sent purchase event: PurchaseEvent{book_id=3, supplier_id=3, cost=46.551852202580044, quantity=1, timestamp=1779044968866}
[kafka-producer-network-thread | producer-1] INFO is.project3.PurchaseEventProducer - Sent purchase event: PurchaseEvent{book_id=2, supplier_id=4, cost=16.552996064301652, quantity=12, timestamp=1779044968966}
[kafka-producer-network-thread | producer-1] INFO is.project3.PurchaseEventProducer - Sent purchase event: PurchaseEvent{book_id=3, supplier_id=3, cost=32.815031549700656, quantity=16, timestamp=1779044969065}
[kafka-producer-network-thread | producer-1] INFO is.project3.PurchaseEventProducer - Sent purchase event: PurchaseEvent{book_id=4, supplier_id=4, cost=142.27635583704557, quantity=16, timestamp=1779044969166}
[kafka-producer-network-thread | producer-1] INFO is.project3.PurchaseEventProducer - Sent purchase event: PurchaseEvent{book_id=1, supplier_id=3, cost=502.2127450094559, quantity=11, timestamp=1779044969266}
[kafka-producer-network-thread | producer-1] INFO is.project3.PurchaseEventProducer - Sent purchase event: PurchaseEvent{book_id=3, supplier_id=3, cost=38.79847683756076, quantity=15, timestamp=1779044969366}
[kafka-producer-network-thread | producer-1] INFO is.project3.PurchaseEventProducer - Sent purchase event: PurchaseEvent{book_id=2, supplier_id=2, cost=12.930860403262216, quantity=1, timestamp=1779044969467}
[main] INFO is.project3.PurchaseEventProducer - Purchase Event Producer finished
[main] INFO org.apache.kafka.clients.producer.KafkaProducer - [Producer clientId=producer-1] Closing the Kafka producer with timeoutMillis = 9223372036854775807 ms.
[main] INFO org.apache.kafka.common.metrics.Metrics - Metrics scheduler closed
[main] INFO org.apache.kafka.common.metrics.Metrics - Closing reporter org.apache.kafka.common.metrics.JmxReporter
[main] INFO org.apache.kafka.common.metrics.Metrics - Metrics reporters closed
[main] INFO org.apache.kafka.common.utils.AppInfoParser - App info kafka.producer for producer-1 unregistered
