[main] INFO org.apache.kafka.clients.producer.ProducerConfig - ProducerConfig values: 
	acks = -1
	batch.size = 16384
	bootstrap.servers = [broker1:9092, broker2:9092]
	buffer.memory = 33554432
	client.dns.lookup = use_all_dns_ips
	client.id = producer-1
	compression.type = none
	connections.max.idle.ms = 540000
	delivery.timeout.ms = 120000
	enable.idempotence = false
	interceptor.classes = []
	internal.auto.downgrade.txn.commit = false
	key.serializer = class org.apache.kafka.common.serialization.StringSerializer
	linger.ms = 0
	max.block.ms = 60000
	max.in.flight.requests.per.connection = 5
	max.request.size = 1048576
	metadata.max.age.ms = 300000
	metadata.max.idle.ms = 300000
	metric.reporters = []
	metrics.num.samples = 2
	metrics.recording.level = INFO
	metrics.sample.window.ms = 30000
	partitioner.class = class org.apache.kafka.clients.producer.internals.DefaultPartitioner
	receive.buffer.bytes = 32768
	reconnect.backoff.max.ms = 1000
	reconnect.backoff.ms = 50
	request.timeout.ms = 30000
	retries = 2147483647
	retry.backoff.ms = 100
	sasl.client.callback.handler.class = null
	sasl.jaas.config = null
	sasl.kerberos.kinit.cmd = /usr/bin/kinit
	sasl.kerberos.min.time.before.relogin = 60000
	sasl.kerberos.service.name = null
	sasl.kerberos.ticket.renew.jitter = 0.05
	sasl.kerberos.ticket.renew.window.factor = 0.8
	sasl.login.callback.handler.class = null
	sasl.login.class = null
	sasl.login.refresh.buffer.seconds = 300
	sasl.login.refresh.min.period.seconds = 60
	sasl.login.refresh.window.factor = 0.8
	sasl.login.refresh.window.jitter = 0.05
	sasl.mechanism = GSSAPI
	security.protocol = PLAINTEXT
	security.providers = null
	send.buffer.bytes = 131072
	socket.connection.setup.timeout.max.ms = 30000
	socket.connection.setup.timeout.ms = 10000
	ssl.cipher.suites = null
	ssl.enabled.protocols = [TLSv1.2, TLSv1.3]
	ssl.endpoint.identification.algorithm = https
	ssl.engine.factory.class = null
	ssl.key.password = null
	ssl.keymanager.algorithm = SunX509
	ssl.keystore.certificate.chain = null
	ssl.keystore.key = null
	ssl.keystore.location = null
	ssl.keystore.password = null
	ssl.keystore.type = JKS
	ssl.protocol = TLSv1.3
	ssl.provider = null
	ssl.secure.random.implementation = null
	ssl.trustmanager.algorithm = PKIX
	ssl.truststore.certificates = null
	ssl.truststore.location = null
	ssl.truststore.password = null
	ssl.truststore.type = JKS
	transaction.timeout.ms = 60000
	transactional.id = null
	value.serializer = class org.apache.kafka.common.serialization.StringSerializer

[main] WARN org.apache.kafka.clients.ClientUtils - Couldn't resolve server broker2:9092 from bootstrap.servers as DNS resolution failed for broker2
[main] INFO org.apache.kafka.common.utils.AppInfoParser - Kafka version: 2.8.1
[main] INFO org.apache.kafka.common.utils.AppInfoParser - Kafka commitId: 839b886f9b732b15
[main] INFO org.apache.kafka.common.utils.AppInfoParser - Kafka startTimeMs: 1778783466631
[main] INFO is.project3.SaleEventProducer - Starting Sale Event Producer
[kafka-producer-network-thread | producer-1] WARN org.apache.kafka.clients.NetworkClient - [Producer clientId=producer-1] Error while fetching metadata with correlation id 1 : {Sales=UNKNOWN_TOPIC_OR_PARTITION}
[kafka-producer-network-thread | producer-1] INFO org.apache.kafka.clients.Metadata - [Producer clientId=producer-1] Cluster ID: MkU3OEVBNTcwNTJENDM2Qk
[kafka-producer-network-thread | producer-1] INFO is.project3.SaleEventProducer - Sent sale event: SaleEvent{book_id=4, country_id=1, price=281.5548324064601, quantity=4, timestamp=1778783466649}
[kafka-producer-network-thread | producer-1] INFO is.project3.SaleEventProducer - Sent sale event: SaleEvent{book_id=3, country_id=2, price=85.86485867377999, quantity=4, timestamp=1778783467538}
[kafka-producer-network-thread | producer-1] INFO is.project3.SaleEventProducer - Sent sale event: SaleEvent{book_id=2, country_id=3, price=32.814194493393494, quantity=4, timestamp=1778783467589}
[kafka-producer-network-thread | producer-1] INFO is.project3.SaleEventProducer - Sent sale event: SaleEvent{book_id=4, country_id=1, price=317.5004963021422, quantity=4, timestamp=1778783467640}
[kafka-producer-network-thread | producer-1] INFO is.project3.SaleEventProducer - Sent sale event: SaleEvent{book_id=2, country_id=1, price=31.23503944782321, quantity=10, timestamp=1778783467690}
[kafka-producer-network-thread | producer-1] INFO is.project3.SaleEventProducer - Sent sale event: SaleEvent{book_id=5, country_id=4, price=10.923276775409594, quantity=9, timestamp=1778783467741}
[kafka-producer-network-thread | producer-1] INFO is.project3.SaleEventProducer - Sent sale event: SaleEvent{book_id=1, country_id=1, price=868.960742960754, quantity=2, timestamp=1778783467792}
[kafka-producer-network-thread | producer-1] INFO is.project3.SaleEventProducer - Sent sale event: SaleEvent{book_id=5, country_id=2, price=10.827477593566554, quantity=2, timestamp=1778783467845}
[kafka-producer-network-thread | producer-1] INFO is.project3.SaleEventProducer - Sent sale event: SaleEvent{book_id=3, country_id=3, price=72.56688031203005, quantity=2, timestamp=1778783467895}
[kafka-producer-network-thread | producer-1] INFO is.project3.SaleEventProducer - Sent sale event: SaleEvent{book_id=2, country_id=2, price=31.536473700358556, quantity=10, timestamp=1778783467947}
[kafka-producer-network-thread | producer-1] INFO is.project3.SaleEventProducer - Sent sale event: SaleEvent{book_id=1, country_id=3, price=987.8253501533527, quantity=1, timestamp=1778783467998}
[kafka-producer-network-thread | producer-1] INFO is.project3.SaleEventProducer - Sent sale event: SaleEvent{book_id=3, country_id=3, price=79.46245257326058, quantity=4, timestamp=1778783468049}
[kafka-producer-network-thread | producer-1] INFO is.project3.SaleEventProducer - Sent sale event: SaleEvent{book_id=3, country_id=1, price=85.68300944398565, quantity=2, timestamp=1778783468101}
[kafka-producer-network-thread | producer-1] INFO is.project3.SaleEventProducer - Sent sale event: SaleEvent{book_id=2, country_id=2, price=28.456780262438834, quantity=10, timestamp=1778783468655}
[kafka-producer-network-thread | producer-1] INFO is.project3.SaleEventProducer - Sent sale event: SaleEvent{book_id=2, country_id=1, price=27.46493287372946, quantity=3, timestamp=1778783465895}
[kafka-producer-network-thread | producer-1] INFO is.project3.SaleEventProducer - Sent sale event: SaleEvent{book_id=2, country_id=5, price=31.550244726268907, quantity=8, timestamp=1778783465945}
[kafka-producer-network-thread | producer-1] INFO is.project3.SaleEventProducer - Sent sale event: SaleEvent{book_id=4, country_id=3, price=302.27617206501697, quantity=5, timestamp=1778783465997}
[kafka-producer-network-thread | producer-1] INFO is.project3.SaleEventProducer - Sent sale event: SaleEvent{book_id=5, country_id=4, price=9.41918061766591, quantity=2, timestamp=1778783466048}
[kafka-producer-network-thread | producer-1] INFO is.project3.SaleEventProducer - Sent sale event: SaleEvent{book_id=3, country_id=4, price=79.68406895712319, quantity=1, timestamp=1778783466100}
[kafka-producer-network-thread | producer-1] INFO is.project3.SaleEventProducer - Sent sale event: SaleEvent{book_id=2, country_id=2, price=28.248292650089894, quantity=3, timestamp=1778783466154}
[kafka-producer-network-thread | producer-1] INFO is.project3.SaleEventProducer - Sent sale event: SaleEvent{book_id=1, country_id=1, price=831.8924957630923, quantity=9, timestamp=1778783466210}
[kafka-producer-network-thread | producer-1] INFO is.project3.SaleEventProducer - Sent sale event: SaleEvent{book_id=3, country_id=1, price=72.1798679366044, quantity=8, timestamp=1778783466261}
[kafka-producer-network-thread | producer-1] INFO is.project3.SaleEventProducer - Sent sale event: SaleEvent{book_id=5, country_id=3, price=10.784400736337576, quantity=7, timestamp=1778783466315}
[kafka-producer-network-thread | producer-1] INFO is.project3.SaleEventProducer - Sent sale event: SaleEvent{book_id=5, country_id=5, price=10.892386838658854, quantity=9, timestamp=1778783466369}
[kafka-producer-network-thread | producer-1] INFO is.project3.SaleEventProducer - Sent sale event: SaleEvent{book_id=5, country_id=5, price=9.175874622721196, quantity=9, timestamp=1778783466424}
[kafka-producer-network-thread | producer-1] INFO is.project3.SaleEventProducer - Sent sale event: SaleEvent{book_id=5, country_id=2, price=10.754030076000085, quantity=4, timestamp=1778783466475}
[kafka-producer-network-thread | producer-1] INFO is.project3.SaleEventProducer - Sent sale event: SaleEvent{book_id=2, country_id=2, price=29.468401490722652, quantity=3, timestamp=1778783466528}
[kafka-producer-network-thread | producer-1] INFO is.project3.SaleEventProducer - Sent sale event: SaleEvent{book_id=5, country_id=3, price=9.687564002695092, quantity=4, timestamp=1778783466580}
[kafka-producer-network-thread | producer-1] INFO is.project3.SaleEventProducer - Sent sale event: SaleEvent{book_id=5, country_id=1, price=9.187126652529779, quantity=1, timestamp=1778783466632}
[kafka-producer-network-thread | producer-1] INFO is.project3.SaleEventProducer - Sent sale event: SaleEvent{book_id=3, country_id=2, price=74.1181316154419, quantity=8, timestamp=1778783466684}
[kafka-producer-network-thread | producer-1] INFO is.project3.SaleEventProducer - Sent sale event: SaleEvent{book_id=5, country_id=2, price=10.027781767335634, quantity=9, timestamp=1778783466736}
[kafka-producer-network-thread | producer-1] INFO is.project3.SaleEventProducer - Sent sale event: SaleEvent{book_id=2, country_id=4, price=27.763278257022108, quantity=4, timestamp=1778783466788}
[kafka-producer-network-thread | producer-1] INFO is.project3.SaleEventProducer - Sent sale event: SaleEvent{book_id=5, country_id=5, price=10.843305951312573, quantity=9, timestamp=1778783466840}
[kafka-producer-network-thread | producer-1] INFO is.project3.SaleEventProducer - Sent sale event: SaleEvent{book_id=4, country_id=3, price=322.262378088177, quantity=5, timestamp=1778783466890}
[kafka-producer-network-thread | producer-1] INFO is.project3.SaleEventProducer - Sent sale event: SaleEvent{book_id=4, country_id=4, price=328.11865636967764, quantity=10, timestamp=1778783466943}
[kafka-producer-network-thread | producer-1] INFO is.project3.SaleEventProducer - Sent sale event: SaleEvent{book_id=2, country_id=1, price=28.586142569703227, quantity=10, timestamp=1778783466997}
[kafka-producer-network-thread | producer-1] INFO is.project3.SaleEventProducer - Sent sale event: SaleEvent{book_id=4, country_id=4, price=282.5167714224055, quantity=4, timestamp=1778783467050}
[kafka-producer-network-thread | producer-1] INFO is.project3.SaleEventProducer - Sent sale event: SaleEvent{book_id=4, country_id=5, price=283.0960484186494, quantity=6, timestamp=1778783467104}
[kafka-producer-network-thread | producer-1] INFO is.project3.SaleEventProducer - Sent sale event: SaleEvent{book_id=3, country_id=1, price=78.62248889352477, quantity=9, timestamp=1778783467155}
[kafka-producer-network-thread | producer-1] INFO is.project3.SaleEventProducer - Sent sale event: SaleEvent{book_id=1, country_id=3, price=877.4556707308282, quantity=2, timestamp=1778783467209}
[kafka-producer-network-thread | producer-1] INFO is.project3.SaleEventProducer - Sent sale event: SaleEvent{book_id=2, country_id=1, price=29.85578801857887, quantity=7, timestamp=1778783467264}
[kafka-producer-network-thread | producer-1] INFO is.project3.SaleEventProducer - Sent sale event: SaleEvent{book_id=3, country_id=3, price=84.636242731851, quantity=3, timestamp=1778783467317}
[kafka-producer-network-thread | producer-1] INFO is.project3.SaleEventProducer - Sent sale event: SaleEvent{book_id=4, country_id=5, price=296.8015977492488, quantity=8, timestamp=1778783467369}
[kafka-producer-network-thread | producer-1] INFO is.project3.SaleEventProducer - Sent sale event: SaleEvent{book_id=3, country_id=4, price=87.79028745944062, quantity=3, timestamp=1778783467426}
[kafka-producer-network-thread | producer-1] INFO is.project3.SaleEventProducer - Sent sale event: SaleEvent{book_id=1, country_id=1, price=914.5697438350471, quantity=8, timestamp=1778783467478}
[kafka-producer-network-thread | producer-1] INFO is.project3.SaleEventProducer - Sent sale event: SaleEvent{book_id=4, country_id=4, price=282.99571526139204, quantity=10, timestamp=1778783467532}
[kafka-producer-network-thread | producer-1] INFO is.project3.SaleEventProducer - Sent sale event: SaleEvent{book_id=5, country_id=5, price=10.593930349444559, quantity=5, timestamp=1778783467584}
[kafka-producer-network-thread | producer-1] INFO is.project3.SaleEventProducer - Sent sale event: SaleEvent{book_id=5, country_id=1, price=9.85819314591693, quantity=2, timestamp=1778783467638}
[kafka-producer-network-thread | producer-1] INFO is.project3.SaleEventProducer - Sent sale event: SaleEvent{book_id=2, country_id=1, price=28.112635265260316, quantity=2, timestamp=1778783467690}
[kafka-producer-network-thread | producer-1] INFO is.project3.SaleEventProducer - Sent sale event: SaleEvent{book_id=5, country_id=5, price=9.406077104940698, quantity=9, timestamp=1778783467744}
[kafka-producer-network-thread | producer-1] INFO is.project3.SaleEventProducer - Sent sale event: SaleEvent{book_id=5, country_id=3, price=9.670275680614147, quantity=9, timestamp=1778783467796}
[kafka-producer-network-thread | producer-1] INFO is.project3.SaleEventProducer - Sent sale event: SaleEvent{book_id=1, country_id=5, price=903.0374760863288, quantity=10, timestamp=1778783467848}
[kafka-producer-network-thread | producer-1] INFO is.project3.SaleEventProducer - Sent sale event: SaleEvent{book_id=3, country_id=4, price=73.67083890362677, quantity=9, timestamp=1778783467900}
[kafka-producer-network-thread | producer-1] INFO is.project3.SaleEventProducer - Sent sale event: SaleEvent{book_id=5, country_id=1, price=10.027367148689379, quantity=9, timestamp=1778783467955}
[kafka-producer-network-thread | producer-1] INFO is.project3.SaleEventProducer - Sent sale event: SaleEvent{book_id=2, country_id=5, price=28.554486409063617, quantity=8, timestamp=1778783468007}
[kafka-producer-network-thread | producer-1] INFO is.project3.SaleEventProducer - Sent sale event: SaleEvent{book_id=2, country_id=3, price=32.31179661122036, quantity=3, timestamp=1778783468059}
[kafka-producer-network-thread | producer-1] INFO is.project3.SaleEventProducer - Sent sale event: SaleEvent{book_id=1, country_id=3, price=939.1478637369146, quantity=6, timestamp=1778783468111}
[kafka-producer-network-thread | producer-1] INFO is.project3.SaleEventProducer - Sent sale event: SaleEvent{book_id=4, country_id=3, price=289.2669401940461, quantity=7, timestamp=1778783468162}
[kafka-producer-network-thread | producer-1] INFO is.project3.SaleEventProducer - Sent sale event: SaleEvent{book_id=4, country_id=2, price=303.8388539706737, quantity=8, timestamp=1778783468214}
[kafka-producer-network-thread | producer-1] INFO is.project3.SaleEventProducer - Sent sale event: SaleEvent{book_id=5, country_id=1, price=9.21281437947965, quantity=9, timestamp=1778783468269}
[kafka-producer-network-thread | producer-1] INFO is.project3.SaleEventProducer - Sent sale event: SaleEvent{book_id=1, country_id=2, price=888.3897725562255, quantity=8, timestamp=1778783468322}
[kafka-producer-network-thread | producer-1] INFO is.project3.SaleEventProducer - Sent sale event: SaleEvent{book_id=2, country_id=4, price=29.03231350616309, quantity=6, timestamp=1778783468373}
[kafka-producer-network-thread | producer-1] INFO is.project3.SaleEventProducer - Sent sale event: SaleEvent{book_id=4, country_id=3, price=279.13850192733565, quantity=2, timestamp=1778783468427}
[kafka-producer-network-thread | producer-1] INFO is.project3.SaleEventProducer - Sent sale event: SaleEvent{book_id=4, country_id=2, price=287.62039302258535, quantity=10, timestamp=1778783468482}
[kafka-producer-network-thread | producer-1] INFO is.project3.SaleEventProducer - Sent sale event: SaleEvent{book_id=2, country_id=5, price=28.98385583281036, quantity=1, timestamp=1778783468536}
[kafka-producer-network-thread | producer-1] INFO is.project3.SaleEventProducer - Sent sale event: SaleEvent{book_id=3, country_id=3, price=78.45003071121411, quantity=4, timestamp=1778783468587}
[kafka-producer-network-thread | producer-1] INFO is.project3.SaleEventProducer - Sent sale event: SaleEvent{book_id=1, country_id=5, price=868.1273314531998, quantity=6, timestamp=1778783468640}
[kafka-producer-network-thread | producer-1] INFO is.project3.SaleEventProducer - Sent sale event: SaleEvent{book_id=5, country_id=1, price=10.369416835409178, quantity=5, timestamp=1778783468692}
[kafka-producer-network-thread | producer-1] INFO is.project3.SaleEventProducer - Sent sale event: SaleEvent{book_id=5, country_id=5, price=9.072004981448906, quantity=1, timestamp=1778783468746}
[kafka-producer-network-thread | producer-1] INFO is.project3.SaleEventProducer - Sent sale event: SaleEvent{book_id=5, country_id=4, price=9.348585909783411, quantity=5, timestamp=1778783468799}
[kafka-producer-network-thread | producer-1] INFO is.project3.SaleEventProducer - Sent sale event: SaleEvent{book_id=3, country_id=4, price=84.62689809289385, quantity=10, timestamp=1778783468852}
[kafka-producer-network-thread | producer-1] INFO is.project3.SaleEventProducer - Sent sale event: SaleEvent{book_id=1, country_id=5, price=933.6819383807688, quantity=4, timestamp=1778783468903}
[kafka-producer-network-thread | producer-1] INFO is.project3.SaleEventProducer - Sent sale event: SaleEvent{book_id=4, country_id=2, price=292.33953992053034, quantity=7, timestamp=1778783468959}
[kafka-producer-network-thread | producer-1] INFO is.project3.SaleEventProducer - Sent sale event: SaleEvent{book_id=5, country_id=5, price=9.230338513998563, quantity=8, timestamp=1778783469010}
[kafka-producer-network-thread | producer-1] INFO is.project3.SaleEventProducer - Sent sale event: SaleEvent{book_id=2, country_id=1, price=28.642154140967513, quantity=1, timestamp=1778783469060}
[kafka-producer-network-thread | producer-1] INFO is.project3.SaleEventProducer - Sent sale event: SaleEvent{book_id=3, country_id=3, price=81.42988946603965, quantity=9, timestamp=1778783469111}
[kafka-producer-network-thread | producer-1] INFO is.project3.SaleEventProducer - Sent sale event: SaleEvent{book_id=1, country_id=2, price=927.0202982909003, quantity=10, timestamp=1778783469161}
[kafka-producer-network-thread | producer-1] INFO is.project3.SaleEventProducer - Sent sale event: SaleEvent{book_id=2, country_id=1, price=29.663722774985757, quantity=10, timestamp=1778783469213}
[kafka-producer-network-thread | producer-1] INFO is.project3.SaleEventProducer - Sent sale event: SaleEvent{book_id=4, country_id=3, price=279.449321305066, quantity=7, timestamp=1778783469264}
[kafka-producer-network-thread | producer-1] INFO is.project3.SaleEventProducer - Sent sale event: SaleEvent{book_id=3, country_id=5, price=83.40617071012193, quantity=3, timestamp=1778783469315}
[kafka-producer-network-thread | producer-1] INFO is.project3.SaleEventProducer - Sent sale event: SaleEvent{book_id=5, country_id=1, price=9.668748849717884, quantity=4, timestamp=1778783469370}
[kafka-producer-network-thread | producer-1] INFO is.project3.SaleEventProducer - Sent sale event: SaleEvent{book_id=2, country_id=2, price=27.846677708848368, quantity=6, timestamp=1778783469421}
[kafka-producer-network-thread | producer-1] INFO is.project3.SaleEventProducer - Sent sale event: SaleEvent{book_id=4, country_id=3, price=300.58601880172733, quantity=2, timestamp=1778783469471}
[kafka-producer-network-thread | producer-1] INFO is.project3.SaleEventProducer - Sent sale event: SaleEvent{book_id=5, country_id=5, price=10.836913102349845, quantity=6, timestamp=1778783469522}
[kafka-producer-network-thread | producer-1] INFO is.project3.SaleEventProducer - Sent sale event: SaleEvent{book_id=3, country_id=4, price=81.88095613562761, quantity=3, timestamp=1778783469573}
[kafka-producer-network-thread | producer-1] INFO is.project3.SaleEventProducer - Sent sale event: SaleEvent{book_id=1, country_id=3, price=984.2320403362388, quantity=2, timestamp=1778783469624}
[kafka-producer-network-thread | producer-1] INFO is.project3.SaleEventProducer - Sent sale event: SaleEvent{book_id=5, country_id=2, price=9.092699237485308, quantity=5, timestamp=1778783469675}
[kafka-producer-network-thread | producer-1] INFO is.project3.SaleEventProducer - Sent sale event: SaleEvent{book_id=2, country_id=4, price=27.93352772267873, quantity=10, timestamp=1778783469726}
[kafka-producer-network-thread | producer-1] INFO is.project3.SaleEventProducer - Sent sale event: SaleEvent{book_id=1, country_id=4, price=822.606467989939, quantity=3, timestamp=1778783469777}
[kafka-producer-network-thread | producer-1] INFO is.project3.SaleEventProducer - Sent sale event: SaleEvent{book_id=3, country_id=2, price=81.63664630120316, quantity=4, timestamp=1778783469828}
[kafka-producer-network-thread | producer-1] INFO is.project3.SaleEventProducer - Sent sale event: SaleEvent{book_id=5, country_id=2, price=9.641478348162906, quantity=6, timestamp=1778783469879}
[kafka-producer-network-thread | producer-1] INFO is.project3.SaleEventProducer - Sent sale event: SaleEvent{book_id=1, country_id=1, price=970.5135491087764, quantity=10, timestamp=1778783469930}
[kafka-producer-network-thread | producer-1] INFO is.project3.SaleEventProducer - Sent sale event: SaleEvent{book_id=1, country_id=3, price=948.6173260644599, quantity=2, timestamp=1778783469981}
[kafka-producer-network-thread | producer-1] INFO is.project3.SaleEventProducer - Sent sale event: SaleEvent{book_id=2, country_id=4, price=32.576296751776205, quantity=5, timestamp=1778783470033}
[kafka-producer-network-thread | producer-1] INFO is.project3.SaleEventProducer - Sent sale event: SaleEvent{book_id=3, country_id=1, price=82.85941709003131, quantity=10, timestamp=1778783470083}
[kafka-producer-network-thread | producer-1] INFO is.project3.SaleEventProducer - Sent sale event: SaleEvent{book_id=1, country_id=1, price=910.7230579007562, quantity=7, timestamp=1778783470134}
[kafka-producer-network-thread | producer-1] INFO is.project3.SaleEventProducer - Sent sale event: SaleEvent{book_id=1, country_id=1, price=971.3335546136968, quantity=6, timestamp=1778783470185}
[kafka-producer-network-thread | producer-1] INFO is.project3.SaleEventProducer - Sent sale event: SaleEvent{book_id=2, country_id=3, price=31.728183530820786, quantity=5, timestamp=1778783470236}
[kafka-producer-network-thread | producer-1] INFO is.project3.SaleEventProducer - Sent sale event: SaleEvent{book_id=2, country_id=4, price=32.76053555565875, quantity=7, timestamp=1778783470287}
[kafka-producer-network-thread | producer-1] INFO is.project3.SaleEventProducer - Sent sale event: SaleEvent{book_id=5, country_id=1, price=10.000047209114923, quantity=4, timestamp=1778783470338}
[kafka-producer-network-thread | producer-1] INFO is.project3.SaleEventProducer - Sent sale event: SaleEvent{book_id=5, country_id=2, price=9.556487414554303, quantity=2, timestamp=1778783470389}
[kafka-producer-network-thread | producer-1] INFO is.project3.SaleEventProducer - Sent sale event: SaleEvent{book_id=3, country_id=5, price=87.58333430692403, quantity=9, timestamp=1778783470440}
[kafka-producer-network-thread | producer-1] INFO is.project3.SaleEventProducer - Sent sale event: SaleEvent{book_id=1, country_id=2, price=835.9425309746306, quantity=2, timestamp=1778783470491}
[kafka-producer-network-thread | producer-1] INFO is.project3.SaleEventProducer - Sent sale event: SaleEvent{book_id=1, country_id=1, price=837.1584565741979, quantity=6, timestamp=1778783470542}
[kafka-producer-network-thread | producer-1] INFO is.project3.SaleEventProducer - Sent sale event: SaleEvent{book_id=4, country_id=2, price=297.67222644972446, quantity=4, timestamp=1778783470593}
[kafka-producer-network-thread | producer-1] INFO is.project3.SaleEventProducer - Sent sale event: SaleEvent{book_id=4, country_id=2, price=281.64864685851717, quantity=7, timestamp=1778783470643}
[kafka-producer-network-thread | producer-1] INFO is.project3.SaleEventProducer - Sent sale event: SaleEvent{book_id=5, country_id=4, price=9.461283342027508, quantity=3, timestamp=1778783470694}
[kafka-producer-network-thread | producer-1] INFO is.project3.SaleEventProducer - Sent sale event: SaleEvent{book_id=4, country_id=3, price=289.54723069175327, quantity=4, timestamp=1778783470745}
[kafka-producer-network-thread | producer-1] INFO is.project3.SaleEventProducer - Sent sale event: SaleEvent{book_id=5, country_id=3, price=9.025094511752858, quantity=4, timestamp=1778783470796}
[kafka-producer-network-thread | producer-1] INFO is.project3.SaleEventProducer - Sent sale event: SaleEvent{book_id=5, country_id=4, price=10.19190355026902, quantity=6, timestamp=1778783470848}
[kafka-producer-network-thread | producer-1] INFO is.project3.SaleEventProducer - Sent sale event: SaleEvent{book_id=4, country_id=2, price=312.03291167864114, quantity=7, timestamp=1778783470900}
[kafka-producer-network-thread | producer-1] INFO is.project3.SaleEventProducer - Sent sale event: SaleEvent{book_id=5, country_id=2, price=9.677683929096961, quantity=5, timestamp=1778783470951}
[kafka-producer-network-thread | producer-1] INFO is.project3.SaleEventProducer - Sent sale event: SaleEvent{book_id=2, country_id=2, price=27.510134381585925, quantity=10, timestamp=1778783471002}
[kafka-producer-network-thread | producer-1] INFO is.project3.SaleEventProducer - Sent sale event: SaleEvent{book_id=4, country_id=4, price=296.03329104775844, quantity=8, timestamp=1778783471053}
[kafka-producer-network-thread | producer-1] INFO is.project3.SaleEventProducer - Sent sale event: SaleEvent{book_id=4, country_id=1, price=299.5880826909611, quantity=9, timestamp=1778783471105}
[kafka-producer-network-thread | producer-1] INFO is.project3.SaleEventProducer - Sent sale event: SaleEvent{book_id=1, country_id=4, price=811.2723144116106, quantity=1, timestamp=1778783471157}
[kafka-producer-network-thread | producer-1] INFO is.project3.SaleEventProducer - Sent sale event: SaleEvent{book_id=5, country_id=3, price=9.994865291591925, quantity=6, timestamp=1778783471210}
[kafka-producer-network-thread | producer-1] INFO is.project3.SaleEventProducer - Sent sale event: SaleEvent{book_id=2, country_id=4, price=31.587752114880317, quantity=5, timestamp=1778783471261}
[kafka-producer-network-thread | producer-1] INFO is.project3.SaleEventProducer - Sent sale event: SaleEvent{book_id=2, country_id=4, price=29.309566254565738, quantity=5, timestamp=1778783471312}
[kafka-producer-network-thread | producer-1] INFO is.project3.SaleEventProducer - Sent sale event: SaleEvent{book_id=2, country_id=1, price=30.654543201627792, quantity=6, timestamp=1778783471362}
[kafka-producer-network-thread | producer-1] INFO is.project3.SaleEventProducer - Sent sale event: SaleEvent{book_id=4, country_id=4, price=280.85984496728383, quantity=7, timestamp=1778783471413}
[kafka-producer-network-thread | producer-1] INFO is.project3.SaleEventProducer - Sent sale event: SaleEvent{book_id=3, country_id=2, price=85.27679244277512, quantity=7, timestamp=1778783471465}
[kafka-producer-network-thread | producer-1] INFO is.project3.SaleEventProducer - Sent sale event: SaleEvent{book_id=2, country_id=5, price=29.507173449750834, quantity=5, timestamp=1778783471516}
[kafka-producer-network-thread | producer-1] INFO is.project3.SaleEventProducer - Sent sale event: SaleEvent{book_id=5, country_id=5, price=10.228233030059442, quantity=5, timestamp=1778783471567}
[kafka-producer-network-thread | producer-1] INFO is.project3.SaleEventProducer - Sent sale event: SaleEvent{book_id=4, country_id=4, price=298.3113349386135, quantity=10, timestamp=1778783471619}
[kafka-producer-network-thread | producer-1] INFO is.project3.SaleEventProducer - Sent sale event: SaleEvent{book_id=4, country_id=1, price=301.10663488931766, quantity=4, timestamp=1778783471670}
[kafka-producer-network-thread | producer-1] INFO is.project3.SaleEventProducer - Sent sale event: SaleEvent{book_id=3, country_id=5, price=78.62751139362668, quantity=10, timestamp=1778783471721}
[kafka-producer-network-thread | producer-1] INFO is.project3.SaleEventProducer - Sent sale event: SaleEvent{book_id=3, country_id=5, price=82.61978300057928, quantity=9, timestamp=1778783471773}
[kafka-producer-network-thread | producer-1] INFO is.project3.SaleEventProducer - Sent sale event: SaleEvent{book_id=4, country_id=2, price=282.50462360883665, quantity=7, timestamp=1778783471824}
[kafka-producer-network-thread | producer-1] INFO is.project3.SaleEventProducer - Sent sale event: SaleEvent{book_id=1, country_id=3, price=885.9990779505755, quantity=4, timestamp=1778783471876}
[kafka-producer-network-thread | producer-1] INFO is.project3.SaleEventProducer - Sent sale event: SaleEvent{book_id=4, country_id=1, price=329.87999774531033, quantity=4, timestamp=1778783471927}
[kafka-producer-network-thread | producer-1] INFO is.project3.SaleEventProducer - Sent sale event: SaleEvent{book_id=2, country_id=2, price=32.972805795122646, quantity=9, timestamp=1778783471980}
[kafka-producer-network-thread | producer-1] INFO is.project3.SaleEventProducer - Sent sale event: SaleEvent{book_id=2, country_id=5, price=29.548215590519984, quantity=2, timestamp=1778783472032}
[kafka-producer-network-thread | producer-1] INFO is.project3.SaleEventProducer - Sent sale event: SaleEvent{book_id=3, country_id=3, price=85.28080314403735, quantity=3, timestamp=1778783472082}
[kafka-producer-network-thread | producer-1] INFO is.project3.SaleEventProducer - Sent sale event: SaleEvent{book_id=3, country_id=4, price=83.36536970535259, quantity=1, timestamp=1778783472133}
[kafka-producer-network-thread | producer-1] INFO is.project3.SaleEventProducer - Sent sale event: SaleEvent{book_id=4, country_id=5, price=299.045636785364, quantity=1, timestamp=1778783472184}
[kafka-producer-network-thread | producer-1] INFO is.project3.SaleEventProducer - Sent sale event: SaleEvent{book_id=2, country_id=2, price=27.860325939302065, quantity=6, timestamp=1778783472235}
[kafka-producer-network-thread | producer-1] INFO is.project3.SaleEventProducer - Sent sale event: SaleEvent{book_id=3, country_id=1, price=87.87610607341396, quantity=5, timestamp=1778783472286}
[kafka-producer-network-thread | producer-1] INFO is.project3.SaleEventProducer - Sent sale event: SaleEvent{book_id=5, country_id=4, price=9.737998969989825, quantity=9, timestamp=1778783472341}
[kafka-producer-network-thread | producer-1] INFO is.project3.SaleEventProducer - Sent sale event: SaleEvent{book_id=4, country_id=5, price=306.2760257164626, quantity=8, timestamp=1778783472393}
[kafka-producer-network-thread | producer-1] INFO is.project3.SaleEventProducer - Sent sale event: SaleEvent{book_id=1, country_id=2, price=849.1564726473778, quantity=5, timestamp=1778783472444}
[kafka-producer-network-thread | producer-1] INFO is.project3.SaleEventProducer - Sent sale event: SaleEvent{book_id=1, country_id=4, price=869.9177924678228, quantity=10, timestamp=1778783472495}
[kafka-producer-network-thread | producer-1] INFO is.project3.SaleEventProducer - Sent sale event: SaleEvent{book_id=3, country_id=4, price=73.65999660702589, quantity=8, timestamp=1778783472545}
[kafka-producer-network-thread | producer-1] INFO is.project3.SaleEventProducer - Sent sale event: SaleEvent{book_id=1, country_id=3, price=972.9190552667787, quantity=8, timestamp=1778783472596}
[kafka-producer-network-thread | producer-1] INFO is.project3.SaleEventProducer - Sent sale event: SaleEvent{book_id=5, country_id=5, price=9.380314145865011, quantity=4, timestamp=1778783472650}
[kafka-producer-network-thread | producer-1] INFO is.project3.SaleEventProducer - Sent sale event: SaleEvent{book_id=1, country_id=1, price=857.6728814589625, quantity=3, timestamp=1778783472701}
[kafka-producer-network-thread | producer-1] INFO is.project3.SaleEventProducer - Sent sale event: SaleEvent{book_id=2, country_id=3, price=29.58229442036795, quantity=1, timestamp=1778783472752}
[kafka-producer-network-thread | producer-1] INFO is.project3.SaleEventProducer - Sent sale event: SaleEvent{book_id=4, country_id=2, price=313.02463190978267, quantity=10, timestamp=1778783472805}
[kafka-producer-network-thread | producer-1] INFO is.project3.SaleEventProducer - Sent sale event: SaleEvent{book_id=3, country_id=4, price=72.74149161940628, quantity=10, timestamp=1778783472856}
[kafka-producer-network-thread | producer-1] INFO is.project3.SaleEventProducer - Sent sale event: SaleEvent{book_id=2, country_id=2, price=29.931584391912146, quantity=5, timestamp=1778783472907}
[kafka-producer-network-thread | producer-1] INFO is.project3.SaleEventProducer - Sent sale event: SaleEvent{book_id=4, country_id=4, price=328.5613083437843, quantity=4, timestamp=1778783472958}
[kafka-producer-network-thread | producer-1] INFO is.project3.SaleEventProducer - Sent sale event: SaleEvent{book_id=1, country_id=5, price=839.5862091457454, quantity=1, timestamp=1778783473011}
[kafka-producer-network-thread | producer-1] INFO is.project3.SaleEventProducer - Sent sale event: SaleEvent{book_id=1, country_id=3, price=947.5628987441694, quantity=2, timestamp=1778783473062}
[kafka-producer-network-thread | producer-1] INFO is.project3.SaleEventProducer - Sent sale event: SaleEvent{book_id=2, country_id=1, price=31.608380259355144, quantity=5, timestamp=1778783473113}
[kafka-producer-network-thread | producer-1] INFO is.project3.SaleEventProducer - Sent sale event: SaleEvent{book_id=3, country_id=2, price=82.67861209989017, quantity=4, timestamp=1778783473164}
[kafka-producer-network-thread | producer-1] INFO is.project3.SaleEventProducer - Sent sale event: SaleEvent{book_id=3, country_id=4, price=72.95502910564771, quantity=8, timestamp=1778783473215}
[kafka-producer-network-thread | producer-1] INFO is.project3.SaleEventProducer - Sent sale event: SaleEvent{book_id=1, country_id=4, price=914.8811785174803, quantity=1, timestamp=1778783473266}
[kafka-producer-network-thread | producer-1] INFO is.project3.SaleEventProducer - Sent sale event: SaleEvent{book_id=3, country_id=3, price=86.28113783711058, quantity=7, timestamp=1778783473317}
[kafka-producer-network-thread | producer-1] INFO is.project3.SaleEventProducer - Sent sale event: SaleEvent{book_id=1, country_id=4, price=920.280369096109, quantity=7, timestamp=1778783473368}
[kafka-producer-network-thread | producer-1] INFO is.project3.SaleEventProducer - Sent sale event: SaleEvent{book_id=3, country_id=5, price=72.55526211030202, quantity=3, timestamp=1778783473419}
[kafka-producer-network-thread | producer-1] INFO is.project3.SaleEventProducer - Sent sale event: SaleEvent{book_id=1, country_id=4, price=869.8540188514409, quantity=1, timestamp=1778783473470}
[kafka-producer-network-thread | producer-1] INFO is.project3.SaleEventProducer - Sent sale event: SaleEvent{book_id=3, country_id=5, price=72.66308309848074, quantity=9, timestamp=1778783473520}
[kafka-producer-network-thread | producer-1] INFO is.project3.SaleEventProducer - Sent sale event: SaleEvent{book_id=1, country_id=3, price=866.1541658581627, quantity=5, timestamp=1778783473572}
[kafka-producer-network-thread | producer-1] INFO is.project3.SaleEventProducer - Sent sale event: SaleEvent{book_id=2, country_id=3, price=29.389537010629997, quantity=2, timestamp=1778783473623}
[kafka-producer-network-thread | producer-1] INFO is.project3.SaleEventProducer - Sent sale event: SaleEvent{book_id=1, country_id=3, price=832.9151158595836, quantity=8, timestamp=1778783473673}
[kafka-producer-network-thread | producer-1] INFO is.project3.SaleEventProducer - Sent sale event: SaleEvent{book_id=2, country_id=2, price=31.389115747826747, quantity=5, timestamp=1778783473724}
[kafka-producer-network-thread | producer-1] INFO is.project3.SaleEventProducer - Sent sale event: SaleEvent{book_id=1, country_id=5, price=830.233659673992, quantity=1, timestamp=1778783473775}
[kafka-producer-network-thread | producer-1] INFO is.project3.SaleEventProducer - Sent sale event: SaleEvent{book_id=4, country_id=4, price=325.5547031100118, quantity=5, timestamp=1778783473825}
[kafka-producer-network-thread | producer-1] INFO is.project3.SaleEventProducer - Sent sale event: SaleEvent{book_id=4, country_id=1, price=324.7604510253263, quantity=7, timestamp=1778783473876}
[kafka-producer-network-thread | producer-1] INFO is.project3.SaleEventProducer - Sent sale event: SaleEvent{book_id=4, country_id=5, price=312.0416528447301, quantity=1, timestamp=1778783473927}
[kafka-producer-network-thread | producer-1] INFO is.project3.SaleEventProducer - Sent sale event: SaleEvent{book_id=2, country_id=5, price=31.38004491151783, quantity=6, timestamp=1778783473978}
[kafka-producer-network-thread | producer-1] INFO is.project3.SaleEventProducer - Sent sale event: SaleEvent{book_id=5, country_id=2, price=10.950409510783935, quantity=8, timestamp=1778783474029}
[kafka-producer-network-thread | producer-1] INFO is.project3.SaleEventProducer - Sent sale event: SaleEvent{book_id=4, country_id=1, price=323.1127688877381, quantity=7, timestamp=1778783474080}
[kafka-producer-network-thread | producer-1] INFO is.project3.SaleEventProducer - Sent sale event: SaleEvent{book_id=1, country_id=4, price=849.2850471777592, quantity=3, timestamp=1778783474131}
[kafka-producer-network-thread | producer-1] INFO is.project3.SaleEventProducer - Sent sale event: SaleEvent{book_id=5, country_id=1, price=9.907048092491603, quantity=1, timestamp=1778783474181}
[kafka-producer-network-thread | producer-1] INFO is.project3.SaleEventProducer - Sent sale event: SaleEvent{book_id=5, country_id=4, price=10.213206626137119, quantity=1, timestamp=1778783474232}
[kafka-producer-network-thread | producer-1] INFO is.project3.SaleEventProducer - Sent sale event: SaleEvent{book_id=5, country_id=4, price=9.48051340531653, quantity=4, timestamp=1778783474282}
[kafka-producer-network-thread | producer-1] INFO is.project3.SaleEventProducer - Sent sale event: SaleEvent{book_id=4, country_id=3, price=311.2989353160825, quantity=9, timestamp=1778783474333}
[kafka-producer-network-thread | producer-1] INFO is.project3.SaleEventProducer - Sent sale event: SaleEvent{book_id=1, country_id=1, price=962.8632453955404, quantity=8, timestamp=1778783474383}
[kafka-producer-network-thread | producer-1] INFO is.project3.SaleEventProducer - Sent sale event: SaleEvent{book_id=3, country_id=3, price=74.0995487914666, quantity=1, timestamp=1778783474434}
[kafka-producer-network-thread | producer-1] INFO is.project3.SaleEventProducer - Sent sale event: SaleEvent{book_id=5, country_id=1, price=9.829033248961661, quantity=10, timestamp=1778783474485}
[kafka-producer-network-thread | producer-1] INFO is.project3.SaleEventProducer - Sent sale event: SaleEvent{book_id=2, country_id=4, price=30.894971136224452, quantity=9, timestamp=1778783474536}
[kafka-producer-network-thread | producer-1] INFO is.project3.SaleEventProducer - Sent sale event: SaleEvent{book_id=3, country_id=2, price=76.45489883991843, quantity=2, timestamp=1778783474587}
[kafka-producer-network-thread | producer-1] INFO is.project3.SaleEventProducer - Sent sale event: SaleEvent{book_id=5, country_id=3, price=9.151976550247932, quantity=7, timestamp=1778783474638}
[kafka-producer-network-thread | producer-1] INFO is.project3.SaleEventProducer - Sent sale event: SaleEvent{book_id=3, country_id=4, price=83.58638057339483, quantity=2, timestamp=1778783474689}
[kafka-producer-network-thread | producer-1] INFO is.project3.SaleEventProducer - Sent sale event: SaleEvent{book_id=4, country_id=4, price=294.59456698217576, quantity=3, timestamp=1778783474740}
[kafka-producer-network-thread | producer-1] INFO is.project3.SaleEventProducer - Sent sale event: SaleEvent{book_id=4, country_id=4, price=310.4021016456791, quantity=10, timestamp=1778783474790}
[kafka-producer-network-thread | producer-1] INFO is.project3.SaleEventProducer - Sent sale event: SaleEvent{book_id=1, country_id=2, price=957.6843783118958, quantity=10, timestamp=1778783474841}
[kafka-producer-network-thread | producer-1] INFO is.project3.SaleEventProducer - Sent sale event: SaleEvent{book_id=3, country_id=5, price=77.06618284101968, quantity=10, timestamp=1778783474891}
[kafka-producer-network-thread | producer-1] INFO is.project3.SaleEventProducer - Sent sale event: SaleEvent{book_id=3, country_id=3, price=74.18116985817935, quantity=7, timestamp=1778783474943}
[kafka-producer-network-thread | producer-1] INFO is.project3.SaleEventProducer - Sent sale event: SaleEvent{book_id=3, country_id=2, price=86.26765250080634, quantity=1, timestamp=1778783474994}
[kafka-producer-network-thread | producer-1] INFO is.project3.SaleEventProducer - Sent sale event: SaleEvent{book_id=3, country_id=5, price=77.26949230695135, quantity=6, timestamp=1778783475044}
[kafka-producer-network-thread | producer-1] INFO is.project3.SaleEventProducer - Sent sale event: SaleEvent{book_id=2, country_id=5, price=29.031486537770117, quantity=10, timestamp=1778783475096}
[kafka-producer-network-thread | producer-1] INFO is.project3.SaleEventProducer - Sent sale event: SaleEvent{book_id=1, country_id=3, price=951.7183706703328, quantity=10, timestamp=1778783475147}
[kafka-producer-network-thread | producer-1] INFO is.project3.SaleEventProducer - Sent sale event: SaleEvent{book_id=1, country_id=2, price=823.7315941618962, quantity=8, timestamp=1778783475199}
[kafka-producer-network-thread | producer-1] INFO is.project3.SaleEventProducer - Sent sale event: SaleEvent{book_id=5, country_id=5, price=9.833232635282283, quantity=9, timestamp=1778783475250}
[kafka-producer-network-thread | producer-1] INFO is.project3.SaleEventProducer - Sent sale event: SaleEvent{book_id=2, country_id=4, price=32.62350284326484, quantity=7, timestamp=1778783475300}
[kafka-producer-network-thread | producer-1] INFO is.project3.SaleEventProducer - Sent sale event: SaleEvent{book_id=5, country_id=1, price=9.835323734290624, quantity=2, timestamp=1778783475352}
[kafka-producer-network-thread | producer-1] INFO is.project3.SaleEventProducer - Sent sale event: SaleEvent{book_id=1, country_id=1, price=892.6587358099098, quantity=4, timestamp=1778783475404}
[kafka-producer-network-thread | producer-1] INFO is.project3.SaleEventProducer - Sent sale event: SaleEvent{book_id=5, country_id=3, price=10.632501132649953, quantity=6, timestamp=1778783475455}
[kafka-producer-network-thread | producer-1] INFO is.project3.SaleEventProducer - Sent sale event: SaleEvent{book_id=5, country_id=2, price=10.105988279047537, quantity=5, timestamp=1778783475507}
[kafka-producer-network-thread | producer-1] INFO is.project3.SaleEventProducer - Sent sale event: SaleEvent{book_id=4, country_id=3, price=286.7599215082855, quantity=5, timestamp=1778783475558}
[kafka-producer-network-thread | producer-1] INFO is.project3.SaleEventProducer - Sent sale event: SaleEvent{book_id=1, country_id=2, price=921.6370888527339, quantity=2, timestamp=1778783475608}
[kafka-producer-network-thread | producer-1] INFO is.project3.SaleEventProducer - Sent sale event: SaleEvent{book_id=5, country_id=4, price=9.971378688928327, quantity=2, timestamp=1778783475659}
[kafka-producer-network-thread | producer-1] INFO is.project3.SaleEventProducer - Sent sale event: SaleEvent{book_id=1, country_id=1, price=965.7001157589633, quantity=2, timestamp=1778783475710}
[kafka-producer-network-thread | producer-1] INFO is.project3.SaleEventProducer - Sent sale event: SaleEvent{book_id=4, country_id=2, price=279.95372661695023, quantity=6, timestamp=1778783475760}
[kafka-producer-network-thread | producer-1] INFO is.project3.SaleEventProducer - Sent sale event: SaleEvent{book_id=5, country_id=1, price=9.888680108377104, quantity=10, timestamp=1778783475811}
[kafka-producer-network-thread | producer-1] INFO is.project3.SaleEventProducer - Sent sale event: SaleEvent{book_id=2, country_id=2, price=31.31430598945625, quantity=5, timestamp=1778783475861}
[kafka-producer-network-thread | producer-1] INFO is.project3.SaleEventProducer - Sent sale event: SaleEvent{book_id=3, country_id=3, price=74.93644040240888, quantity=6, timestamp=1778783475914}
[kafka-producer-network-thread | producer-1] INFO is.project3.SaleEventProducer - Sent sale event: SaleEvent{book_id=5, country_id=3, price=10.489993146591639, quantity=3, timestamp=1778783475964}
[kafka-producer-network-thread | producer-1] INFO is.project3.SaleEventProducer - Sent sale event: SaleEvent{book_id=4, country_id=5, price=304.95855647776324, quantity=6, timestamp=1778783476015}
[kafka-producer-network-thread | producer-1] INFO is.project3.SaleEventProducer - Sent sale event: SaleEvent{book_id=3, country_id=3, price=86.13239454121015, quantity=2, timestamp=1778783476067}
[kafka-producer-network-thread | producer-1] INFO is.project3.SaleEventProducer - Sent sale event: SaleEvent{book_id=5, country_id=2, price=9.6296595484218, quantity=4, timestamp=1778783476118}
[kafka-producer-network-thread | producer-1] INFO is.project3.SaleEventProducer - Sent sale event: SaleEvent{book_id=2, country_id=1, price=27.23792503220819, quantity=1, timestamp=1778783476170}
[kafka-producer-network-thread | producer-1] INFO is.project3.SaleEventProducer - Sent sale event: SaleEvent{book_id=5, country_id=4, price=9.32875233032484, quantity=6, timestamp=1778783476221}
[kafka-producer-network-thread | producer-1] INFO is.project3.SaleEventProducer - Sent sale event: SaleEvent{book_id=4, country_id=2, price=329.09519456364495, quantity=7, timestamp=1778783476272}
[kafka-producer-network-thread | producer-1] INFO is.project3.SaleEventProducer - Sent sale event: SaleEvent{book_id=5, country_id=2, price=10.397652637755083, quantity=5, timestamp=1778783476323}
[kafka-producer-network-thread | producer-1] INFO is.project3.SaleEventProducer - Sent sale event: SaleEvent{book_id=2, country_id=5, price=30.99960451843682, quantity=10, timestamp=1778783476374}
[kafka-producer-network-thread | producer-1] INFO is.project3.SaleEventProducer - Sent sale event: SaleEvent{book_id=3, country_id=4, price=77.0334531173408, quantity=1, timestamp=1778783476425}
[kafka-producer-network-thread | producer-1] INFO is.project3.SaleEventProducer - Sent sale event: SaleEvent{book_id=1, country_id=5, price=836.1310573167096, quantity=6, timestamp=1778783476480}
[kafka-producer-network-thread | producer-1] INFO is.project3.SaleEventProducer - Sent sale event: SaleEvent{book_id=4, country_id=4, price=294.7945632366175, quantity=10, timestamp=1778783476531}
[kafka-producer-network-thread | producer-1] INFO is.project3.SaleEventProducer - Sent sale event: SaleEvent{book_id=3, country_id=4, price=79.08013742467038, quantity=7, timestamp=1778783476583}
[kafka-producer-network-thread | producer-1] INFO is.project3.SaleEventProducer - Sent sale event: SaleEvent{book_id=5, country_id=4, price=10.578550343028049, quantity=8, timestamp=1778783476636}
[kafka-producer-network-thread | producer-1] INFO is.project3.SaleEventProducer - Sent sale event: SaleEvent{book_id=5, country_id=3, price=10.672021262017267, quantity=2, timestamp=1778783476688}
[kafka-producer-network-thread | producer-1] INFO is.project3.SaleEventProducer - Sent sale event: SaleEvent{book_id=5, country_id=1, price=10.00020522211605, quantity=2, timestamp=1778783476739}
[kafka-producer-network-thread | producer-1] INFO is.project3.SaleEventProducer - Sent sale event: SaleEvent{book_id=3, country_id=1, price=80.204718899565, quantity=3, timestamp=1778783476796}
[kafka-producer-network-thread | producer-1] INFO is.project3.SaleEventProducer - Sent sale event: SaleEvent{book_id=3, country_id=3, price=83.56081852284741, quantity=10, timestamp=1778783476849}
[kafka-producer-network-thread | producer-1] INFO is.project3.SaleEventProducer - Sent sale event: SaleEvent{book_id=5, country_id=3, price=10.390963901349325, quantity=8, timestamp=1778783476900}
[kafka-producer-network-thread | producer-1] INFO is.project3.SaleEventProducer - Sent sale event: SaleEvent{book_id=5, country_id=3, price=10.015284449806298, quantity=4, timestamp=1778783476951}
[kafka-producer-network-thread | producer-1] INFO is.project3.SaleEventProducer - Sent sale event: SaleEvent{book_id=1, country_id=1, price=849.352726557109, quantity=5, timestamp=1778783477002}
[kafka-producer-network-thread | producer-1] INFO is.project3.SaleEventProducer - Sent sale event: SaleEvent{book_id=1, country_id=4, price=846.7543960551758, quantity=9, timestamp=1778783477053}
[kafka-producer-network-thread | producer-1] INFO is.project3.SaleEventProducer - Sent sale event: SaleEvent{book_id=2, country_id=5, price=28.165505049430422, quantity=2, timestamp=1778783477107}
[kafka-producer-network-thread | producer-1] INFO is.project3.SaleEventProducer - Sent sale event: SaleEvent{book_id=1, country_id=5, price=931.6943064697931, quantity=6, timestamp=1778783477160}
[kafka-producer-network-thread | producer-1] INFO is.project3.SaleEventProducer - Sent sale event: SaleEvent{book_id=4, country_id=2, price=295.8579289978222, quantity=5, timestamp=1778783477212}
[kafka-producer-network-thread | producer-1] INFO is.project3.SaleEventProducer - Sent sale event: SaleEvent{book_id=2, country_id=2, price=32.7692991197926, quantity=1, timestamp=1778783477263}
[kafka-producer-network-thread | producer-1] INFO is.project3.SaleEventProducer - Sent sale event: SaleEvent{book_id=3, country_id=1, price=72.68240621561742, quantity=7, timestamp=1778783477318}
[kafka-producer-network-thread | producer-1] INFO is.project3.SaleEventProducer - Sent sale event: SaleEvent{book_id=2, country_id=2, price=29.527890754955884, quantity=9, timestamp=1778783477369}
[kafka-producer-network-thread | producer-1] INFO is.project3.SaleEventProducer - Sent sale event: SaleEvent{book_id=2, country_id=2, price=31.660275506040225, quantity=5, timestamp=1778783477421}
[kafka-producer-network-thread | producer-1] INFO is.project3.SaleEventProducer - Sent sale event: SaleEvent{book_id=4, country_id=3, price=324.9899136140657, quantity=6, timestamp=1778783477474}
[kafka-producer-network-thread | producer-1] INFO is.project3.SaleEventProducer - Sent sale event: SaleEvent{book_id=2, country_id=3, price=27.33606873813304, quantity=8, timestamp=1778783477529}
[kafka-producer-network-thread | producer-1] INFO is.project3.SaleEventProducer - Sent sale event: SaleEvent{book_id=3, country_id=5, price=84.57917046493591, quantity=6, timestamp=1778783477581}
[kafka-producer-network-thread | producer-1] INFO is.project3.SaleEventProducer - Sent sale event: SaleEvent{book_id=3, country_id=3, price=74.05724937689818, quantity=5, timestamp=1778783477636}
[kafka-producer-network-thread | producer-1] INFO is.project3.SaleEventProducer - Sent sale event: SaleEvent{book_id=3, country_id=2, price=78.54089874217368, quantity=1, timestamp=1778783477687}
[kafka-producer-network-thread | producer-1] INFO is.project3.SaleEventProducer - Sent sale event: SaleEvent{book_id=3, country_id=1, price=84.26230088744865, quantity=10, timestamp=1778783477738}
[kafka-producer-network-thread | producer-1] INFO is.project3.SaleEventProducer - Sent sale event: SaleEvent{book_id=3, country_id=1, price=77.66887361663925, quantity=4, timestamp=1778783477789}
[kafka-producer-network-thread | producer-1] INFO is.project3.SaleEventProducer - Sent sale event: SaleEvent{book_id=5, country_id=1, price=9.32018573398833, quantity=2, timestamp=1778783477841}
[kafka-producer-network-thread | producer-1] INFO is.project3.SaleEventProducer - Sent sale event: SaleEvent{book_id=3, country_id=5, price=81.64136318871476, quantity=1, timestamp=1778783477894}
[kafka-producer-network-thread | producer-1] INFO is.project3.SaleEventProducer - Sent sale event: SaleEvent{book_id=5, country_id=2, price=9.235941194988218, quantity=4, timestamp=1778783477946}
[kafka-producer-network-thread | producer-1] INFO is.project3.SaleEventProducer - Sent sale event: SaleEvent{book_id=1, country_id=1, price=838.596048978604, quantity=10, timestamp=1778783478000}
[kafka-producer-network-thread | producer-1] INFO is.project3.SaleEventProducer - Sent sale event: SaleEvent{book_id=3, country_id=5, price=83.81482169494713, quantity=1, timestamp=1778783478051}
[kafka-producer-network-thread | producer-1] INFO is.project3.SaleEventProducer - Sent sale event: SaleEvent{book_id=3, country_id=3, price=80.98737002662713, quantity=4, timestamp=1778783478103}
[kafka-producer-network-thread | producer-1] INFO is.project3.SaleEventProducer - Sent sale event: SaleEvent{book_id=4, country_id=1, price=271.23005216250766, quantity=1, timestamp=1778783478154}
[kafka-producer-network-thread | producer-1] INFO is.project3.SaleEventProducer - Sent sale event: SaleEvent{book_id=4, country_id=2, price=319.7392953933663, quantity=6, timestamp=1778783478206}
[kafka-producer-network-thread | producer-1] INFO is.project3.SaleEventProducer - Sent sale event: SaleEvent{book_id=3, country_id=3, price=74.30772486231048, quantity=10, timestamp=1778783478257}
[kafka-producer-network-thread | producer-1] INFO is.project3.SaleEventProducer - Sent sale event: SaleEvent{book_id=3, country_id=1, price=87.44499487953368, quantity=9, timestamp=1778783478309}
[kafka-producer-network-thread | producer-1] INFO is.project3.SaleEventProducer - Sent sale event: SaleEvent{book_id=2, country_id=5, price=28.58534815105125, quantity=2, timestamp=1778783478360}
[kafka-producer-network-thread | producer-1] INFO is.project3.SaleEventProducer - Sent sale event: SaleEvent{book_id=3, country_id=2, price=82.49827990077654, quantity=5, timestamp=1778783478411}
[kafka-producer-network-thread | producer-1] INFO is.project3.SaleEventProducer - Sent sale event: SaleEvent{book_id=4, country_id=2, price=322.8174768881925, quantity=9, timestamp=1778783478462}
[kafka-producer-network-thread | producer-1] INFO is.project3.SaleEventProducer - Sent sale event: SaleEvent{book_id=3, country_id=4, price=85.61677106484512, quantity=8, timestamp=1778783478513}
[kafka-producer-network-thread | producer-1] INFO is.project3.SaleEventProducer - Sent sale event: SaleEvent{book_id=2, country_id=1, price=31.10185410886694, quantity=2, timestamp=1778783478565}
[kafka-producer-network-thread | producer-1] INFO is.project3.SaleEventProducer - Sent sale event: SaleEvent{book_id=1, country_id=2, price=948.991159260473, quantity=10, timestamp=1778783478617}
[kafka-producer-network-thread | producer-1] INFO is.project3.SaleEventProducer - Sent sale event: SaleEvent{book_id=5, country_id=4, price=9.348137163160304, quantity=9, timestamp=1778783478669}
[kafka-producer-network-thread | producer-1] INFO is.project3.SaleEventProducer - Sent sale event: SaleEvent{book_id=1, country_id=4, price=854.9787491002576, quantity=7, timestamp=1778783478720}
[kafka-producer-network-thread | producer-1] INFO is.project3.SaleEventProducer - Sent sale event: SaleEvent{book_id=3, country_id=3, price=85.04471180586557, quantity=5, timestamp=1778783478770}
[kafka-producer-network-thread | producer-1] INFO is.project3.SaleEventProducer - Sent sale event: SaleEvent{book_id=5, country_id=3, price=10.889049899776102, quantity=4, timestamp=1778783478821}
[kafka-producer-network-thread | producer-1] INFO is.project3.SaleEventProducer - Sent sale event: SaleEvent{book_id=5, country_id=3, price=9.906397881444562, quantity=8, timestamp=1778783478872}
[kafka-producer-network-thread | producer-1] INFO is.project3.SaleEventProducer - Sent sale event: SaleEvent{book_id=1, country_id=4, price=847.1774396653636, quantity=3, timestamp=1778783478923}
[kafka-producer-network-thread | producer-1] INFO is.project3.SaleEventProducer - Sent sale event: SaleEvent{book_id=5, country_id=3, price=9.705732840306585, quantity=3, timestamp=1778783478974}
[kafka-producer-network-thread | producer-1] INFO is.project3.SaleEventProducer - Sent sale event: SaleEvent{book_id=2, country_id=3, price=27.325244219209488, quantity=10, timestamp=1778783479025}
[kafka-producer-network-thread | producer-1] INFO is.project3.SaleEventProducer - Sent sale event: SaleEvent{book_id=3, country_id=4, price=74.70926428894198, quantity=7, timestamp=1778783479076}
[kafka-producer-network-thread | producer-1] INFO is.project3.SaleEventProducer - Sent sale event: SaleEvent{book_id=3, country_id=2, price=76.64799608761247, quantity=7, timestamp=1778783479128}
[kafka-producer-network-thread | producer-1] INFO is.project3.SaleEventProducer - Sent sale event: SaleEvent{book_id=3, country_id=4, price=74.42244720980031, quantity=1, timestamp=1778783479182}
[kafka-producer-network-thread | producer-1] INFO is.project3.SaleEventProducer - Sent sale event: SaleEvent{book_id=2, country_id=2, price=30.151729497521053, quantity=4, timestamp=1778783479237}
[kafka-producer-network-thread | producer-1] INFO is.project3.SaleEventProducer - Sent sale event: SaleEvent{book_id=3, country_id=4, price=84.76798294345468, quantity=7, timestamp=1778783479289}
[kafka-producer-network-thread | producer-1] INFO is.project3.SaleEventProducer - Sent sale event: SaleEvent{book_id=5, country_id=1, price=10.711708381469618, quantity=9, timestamp=1778783479340}
[kafka-producer-network-thread | producer-1] INFO is.project3.SaleEventProducer - Sent sale event: SaleEvent{book_id=2, country_id=4, price=27.080724583799185, quantity=7, timestamp=1778783479392}
[kafka-producer-network-thread | producer-1] INFO is.project3.SaleEventProducer - Sent sale event: SaleEvent{book_id=1, country_id=1, price=924.9813144268909, quantity=1, timestamp=1778783479443}
[kafka-producer-network-thread | producer-1] INFO is.project3.SaleEventProducer - Sent sale event: SaleEvent{book_id=1, country_id=5, price=854.448867080403, quantity=6, timestamp=1778783479495}
[kafka-producer-network-thread | producer-1] INFO is.project3.SaleEventProducer - Sent sale event: SaleEvent{book_id=2, country_id=5, price=31.750481011206922, quantity=9, timestamp=1778783479547}
[kafka-producer-network-thread | producer-1] INFO is.project3.SaleEventProducer - Sent sale event: SaleEvent{book_id=1, country_id=3, price=872.9913093982024, quantity=1, timestamp=1778783479598}
[kafka-producer-network-thread | producer-1] INFO is.project3.SaleEventProducer - Sent sale event: SaleEvent{book_id=3, country_id=1, price=79.61617414568458, quantity=7, timestamp=1778783479650}
[kafka-producer-network-thread | producer-1] INFO is.project3.SaleEventProducer - Sent sale event: SaleEvent{book_id=4, country_id=4, price=305.28152084507826, quantity=6, timestamp=1778783479701}
[kafka-producer-network-thread | producer-1] INFO is.project3.SaleEventProducer - Sent sale event: SaleEvent{book_id=2, country_id=5, price=27.61449730063133, quantity=3, timestamp=1778783479751}
[kafka-producer-network-thread | producer-1] INFO is.project3.SaleEventProducer - Sent sale event: SaleEvent{book_id=3, country_id=4, price=73.21657916300288, quantity=3, timestamp=1778783479802}
[kafka-producer-network-thread | producer-1] INFO is.project3.SaleEventProducer - Sent sale event: SaleEvent{book_id=3, country_id=2, price=76.58808109220253, quantity=2, timestamp=1778783479853}
[kafka-producer-network-thread | producer-1] INFO is.project3.SaleEventProducer - Sent sale event: SaleEvent{book_id=2, country_id=4, price=29.68328654422502, quantity=5, timestamp=1778783479904}
[kafka-producer-network-thread | producer-1] INFO is.project3.SaleEventProducer - Sent sale event: SaleEvent{book_id=2, country_id=1, price=29.828883859601405, quantity=8, timestamp=1778783479955}
[kafka-producer-network-thread | producer-1] INFO is.project3.SaleEventProducer - Sent sale event: SaleEvent{book_id=1, country_id=2, price=870.1865011680994, quantity=5, timestamp=1778783480005}
[kafka-producer-network-thread | producer-1] INFO is.project3.SaleEventProducer - Sent sale event: SaleEvent{book_id=2, country_id=5, price=28.15796444953627, quantity=9, timestamp=1778783480056}
[kafka-producer-network-thread | producer-1] INFO is.project3.SaleEventProducer - Sent sale event: SaleEvent{book_id=5, country_id=5, price=10.414318748477791, quantity=2, timestamp=1778783480107}
[kafka-producer-network-thread | producer-1] INFO is.project3.SaleEventProducer - Sent sale event: SaleEvent{book_id=2, country_id=4, price=30.453475654105187, quantity=2, timestamp=1778783480158}
[kafka-producer-network-thread | producer-1] INFO is.project3.SaleEventProducer - Sent sale event: SaleEvent{book_id=4, country_id=4, price=296.32734267882125, quantity=7, timestamp=1778783480209}
[kafka-producer-network-thread | producer-1] INFO is.project3.SaleEventProducer - Sent sale event: SaleEvent{book_id=2, country_id=4, price=30.3629003082779, quantity=7, timestamp=1778783480260}
[kafka-producer-network-thread | producer-1] INFO is.project3.SaleEventProducer - Sent sale event: SaleEvent{book_id=2, country_id=5, price=27.511174920644134, quantity=7, timestamp=1778783480310}
[kafka-producer-network-thread | producer-1] INFO is.project3.SaleEventProducer - Sent sale event: SaleEvent{book_id=4, country_id=3, price=318.5958866029237, quantity=8, timestamp=1778783480361}
[kafka-producer-network-thread | producer-1] INFO is.project3.SaleEventProducer - Sent sale event: SaleEvent{book_id=4, country_id=4, price=284.47906079737754, quantity=3, timestamp=1778783480412}
[kafka-producer-network-thread | producer-1] INFO is.project3.SaleEventProducer - Sent sale event: SaleEvent{book_id=5, country_id=5, price=10.428405642241747, quantity=3, timestamp=1778783480462}
[kafka-producer-network-thread | producer-1] INFO is.project3.SaleEventProducer - Sent sale event: SaleEvent{book_id=5, country_id=4, price=10.023363730582581, quantity=10, timestamp=1778783480513}
[kafka-producer-network-thread | producer-1] INFO is.project3.SaleEventProducer - Sent sale event: SaleEvent{book_id=2, country_id=1, price=28.743942582509387, quantity=5, timestamp=1778783480564}
[kafka-producer-network-thread | producer-1] INFO is.project3.SaleEventProducer - Sent sale event: SaleEvent{book_id=2, country_id=5, price=32.71816900747893, quantity=5, timestamp=1778783480615}
[kafka-producer-network-thread | producer-1] INFO is.project3.SaleEventProducer - Sent sale event: SaleEvent{book_id=2, country_id=2, price=29.368944759515607, quantity=3, timestamp=1778783480666}
[kafka-producer-network-thread | producer-1] INFO is.project3.SaleEventProducer - Sent sale event: SaleEvent{book_id=4, country_id=3, price=314.53561879523056, quantity=3, timestamp=1778783480717}
[kafka-producer-network-thread | producer-1] INFO is.project3.SaleEventProducer - Sent sale event: SaleEvent{book_id=5, country_id=2, price=9.80836275512535, quantity=5, timestamp=1778783480769}
[kafka-producer-network-thread | producer-1] INFO is.project3.SaleEventProducer - Sent sale event: SaleEvent{book_id=2, country_id=4, price=29.92784936656931, quantity=3, timestamp=1778783480820}
[kafka-producer-network-thread | producer-1] INFO is.project3.SaleEventProducer - Sent sale event: SaleEvent{book_id=5, country_id=2, price=9.707981970615364, quantity=4, timestamp=1778783480871}
[kafka-producer-network-thread | producer-1] INFO is.project3.SaleEventProducer - Sent sale event: SaleEvent{book_id=1, country_id=4, price=847.2716970055249, quantity=5, timestamp=1778783480922}
[kafka-producer-network-thread | producer-1] INFO is.project3.SaleEventProducer - Sent sale event: SaleEvent{book_id=5, country_id=4, price=10.455541461865224, quantity=8, timestamp=1778783480973}
[kafka-producer-network-thread | producer-1] INFO is.project3.SaleEventProducer - Sent sale event: SaleEvent{book_id=2, country_id=2, price=31.53797961309657, quantity=1, timestamp=1778783481024}
[kafka-producer-network-thread | producer-1] INFO is.project3.SaleEventProducer - Sent sale event: SaleEvent{book_id=4, country_id=2, price=276.7419244651753, quantity=7, timestamp=1778783481075}
[kafka-producer-network-thread | producer-1] INFO is.project3.SaleEventProducer - Sent sale event: SaleEvent{book_id=1, country_id=2, price=869.0252974619815, quantity=1, timestamp=1778783481126}
[kafka-producer-network-thread | producer-1] INFO is.project3.SaleEventProducer - Sent sale event: SaleEvent{book_id=5, country_id=4, price=9.755780789166637, quantity=8, timestamp=1778783481177}
[kafka-producer-network-thread | producer-1] INFO is.project3.SaleEventProducer - Sent sale event: SaleEvent{book_id=2, country_id=3, price=29.202241726771895, quantity=6, timestamp=1778783481228}
[kafka-producer-network-thread | producer-1] INFO is.project3.SaleEventProducer - Sent sale event: SaleEvent{book_id=4, country_id=3, price=307.4525085578308, quantity=1, timestamp=1778783481279}
[kafka-producer-network-thread | producer-1] INFO is.project3.SaleEventProducer - Sent sale event: SaleEvent{book_id=1, country_id=2, price=826.4266844672915, quantity=4, timestamp=1778783481330}
[kafka-producer-network-thread | producer-1] INFO is.project3.SaleEventProducer - Sent sale event: SaleEvent{book_id=5, country_id=2, price=9.579522744693545, quantity=10, timestamp=1778783481381}
[kafka-producer-network-thread | producer-1] INFO is.project3.SaleEventProducer - Sent sale event: SaleEvent{book_id=1, country_id=1, price=952.1071472083936, quantity=2, timestamp=1778783481432}
[kafka-producer-network-thread | producer-1] INFO is.project3.SaleEventProducer - Sent sale event: SaleEvent{book_id=4, country_id=2, price=280.08247303909775, quantity=1, timestamp=1778783481483}
[kafka-producer-network-thread | producer-1] INFO is.project3.SaleEventProducer - Sent sale event: SaleEvent{book_id=1, country_id=5, price=878.0056744146566, quantity=5, timestamp=1778783481535}
[kafka-producer-network-thread | producer-1] INFO is.project3.SaleEventProducer - Sent sale event: SaleEvent{book_id=3, country_id=1, price=83.90445925559182, quantity=2, timestamp=1778783481586}
[kafka-producer-network-thread | producer-1] INFO is.project3.SaleEventProducer - Sent sale event: SaleEvent{book_id=1, country_id=1, price=955.3749658053808, quantity=3, timestamp=1778783481639}
[kafka-producer-network-thread | producer-1] INFO is.project3.SaleEventProducer - Sent sale event: SaleEvent{book_id=4, country_id=2, price=285.700239869043, quantity=6, timestamp=1778783481690}
[kafka-producer-network-thread | producer-1] INFO is.project3.SaleEventProducer - Sent sale event: SaleEvent{book_id=5, country_id=2, price=9.239111470211036, quantity=6, timestamp=1778783481741}
[kafka-producer-network-thread | producer-1] INFO is.project3.SaleEventProducer - Sent sale event: SaleEvent{book_id=2, country_id=5, price=31.922801796236506, quantity=4, timestamp=1778783481791}
[kafka-producer-network-thread | producer-1] INFO is.project3.SaleEventProducer - Sent sale event: SaleEvent{book_id=2, country_id=5, price=32.218632009333234, quantity=4, timestamp=1778783481842}
[kafka-producer-network-thread | producer-1] INFO is.project3.SaleEventProducer - Sent sale event: SaleEvent{book_id=2, country_id=4, price=28.59337474981105, quantity=8, timestamp=1778783481893}
[kafka-producer-network-thread | producer-1] INFO is.project3.SaleEventProducer - Sent sale event: SaleEvent{book_id=4, country_id=5, price=316.47999568448336, quantity=7, timestamp=1778783481944}
[kafka-producer-network-thread | producer-1] INFO is.project3.SaleEventProducer - Sent sale event: SaleEvent{book_id=1, country_id=4, price=904.5123673924571, quantity=4, timestamp=1778783481995}
[kafka-producer-network-thread | producer-1] INFO is.project3.SaleEventProducer - Sent sale event: SaleEvent{book_id=4, country_id=4, price=291.7574658335633, quantity=8, timestamp=1778783482046}
[kafka-producer-network-thread | producer-1] INFO is.project3.SaleEventProducer - Sent sale event: SaleEvent{book_id=1, country_id=2, price=870.5089065487083, quantity=9, timestamp=1778783482097}
[kafka-producer-network-thread | producer-1] INFO is.project3.SaleEventProducer - Sent sale event: SaleEvent{book_id=4, country_id=2, price=315.8807696483637, quantity=9, timestamp=1778783482148}
[kafka-producer-network-thread | producer-1] INFO is.project3.SaleEventProducer - Sent sale event: SaleEvent{book_id=4, country_id=1, price=282.05894733219185, quantity=7, timestamp=1778783482199}
[kafka-producer-network-thread | producer-1] INFO is.project3.SaleEventProducer - Sent sale event: SaleEvent{book_id=4, country_id=2, price=311.83991712882664, quantity=8, timestamp=1778783482250}
[kafka-producer-network-thread | producer-1] INFO is.project3.SaleEventProducer - Sent sale event: SaleEvent{book_id=1, country_id=4, price=939.3175599218272, quantity=1, timestamp=1778783482301}
[kafka-producer-network-thread | producer-1] INFO is.project3.SaleEventProducer - Sent sale event: SaleEvent{book_id=1, country_id=4, price=885.3224490911755, quantity=4, timestamp=1778783482351}
[kafka-producer-network-thread | producer-1] INFO is.project3.SaleEventProducer - Sent sale event: SaleEvent{book_id=5, country_id=4, price=9.406147204394005, quantity=7, timestamp=1778783482402}
[kafka-producer-network-thread | producer-1] INFO is.project3.SaleEventProducer - Sent sale event: SaleEvent{book_id=5, country_id=1, price=9.740671895057854, quantity=5, timestamp=1778783482452}
[kafka-producer-network-thread | producer-1] INFO is.project3.SaleEventProducer - Sent sale event: SaleEvent{book_id=1, country_id=1, price=973.6883420584837, quantity=6, timestamp=1778783482503}
[kafka-producer-network-thread | producer-1] INFO is.project3.SaleEventProducer - Sent sale event: SaleEvent{book_id=5, country_id=5, price=9.945598729283077, quantity=7, timestamp=1778783482554}
[kafka-producer-network-thread | producer-1] INFO is.project3.SaleEventProducer - Sent sale event: SaleEvent{book_id=1, country_id=1, price=950.6028487767921, quantity=3, timestamp=1778783482605}
[kafka-producer-network-thread | producer-1] INFO is.project3.SaleEventProducer - Sent sale event: SaleEvent{book_id=5, country_id=1, price=9.30123544643724, quantity=7, timestamp=1778783482656}
[kafka-producer-network-thread | producer-1] INFO is.project3.SaleEventProducer - Sent sale event: SaleEvent{book_id=5, country_id=1, price=9.167486277011465, quantity=6, timestamp=1778783482707}
[kafka-producer-network-thread | producer-1] INFO is.project3.SaleEventProducer - Sent sale event: SaleEvent{book_id=5, country_id=4, price=10.864416411585891, quantity=10, timestamp=1778783482759}
[kafka-producer-network-thread | producer-1] INFO is.project3.SaleEventProducer - Sent sale event: SaleEvent{book_id=2, country_id=1, price=27.738507490330246, quantity=6, timestamp=1778783482810}
[kafka-producer-network-thread | producer-1] INFO is.project3.SaleEventProducer - Sent sale event: SaleEvent{book_id=5, country_id=2, price=10.378595281842328, quantity=4, timestamp=1778783482861}
[kafka-producer-network-thread | producer-1] INFO is.project3.SaleEventProducer - Sent sale event: SaleEvent{book_id=1, country_id=4, price=960.1761381018722, quantity=2, timestamp=1778783482911}
[kafka-producer-network-thread | producer-1] INFO is.project3.SaleEventProducer - Sent sale event: SaleEvent{book_id=5, country_id=1, price=9.624085456853225, quantity=3, timestamp=1778783482962}
[kafka-producer-network-thread | producer-1] INFO is.project3.SaleEventProducer - Sent sale event: SaleEvent{book_id=5, country_id=5, price=10.822450568769504, quantity=5, timestamp=1778783483013}
[kafka-producer-network-thread | producer-1] INFO is.project3.SaleEventProducer - Sent sale event: SaleEvent{book_id=2, country_id=4, price=29.908974191980892, quantity=6, timestamp=1778783483064}
[kafka-producer-network-thread | producer-1] INFO is.project3.SaleEventProducer - Sent sale event: SaleEvent{book_id=2, country_id=2, price=28.487243708986004, quantity=9, timestamp=1778783483114}
[kafka-producer-network-thread | producer-1] INFO is.project3.SaleEventProducer - Sent sale event: SaleEvent{book_id=3, country_id=5, price=78.69085964533261, quantity=2, timestamp=1778783483165}
[kafka-producer-network-thread | producer-1] INFO is.project3.SaleEventProducer - Sent sale event: SaleEvent{book_id=5, country_id=2, price=10.275688584368854, quantity=3, timestamp=1778783483217}
[kafka-producer-network-thread | producer-1] INFO is.project3.SaleEventProducer - Sent sale event: SaleEvent{book_id=4, country_id=2, price=290.00138975275115, quantity=6, timestamp=1778783483268}
[kafka-producer-network-thread | producer-1] INFO is.project3.SaleEventProducer - Sent sale event: SaleEvent{book_id=5, country_id=3, price=10.15077022026798, quantity=10, timestamp=1778783483319}
[kafka-producer-network-thread | producer-1] INFO is.project3.SaleEventProducer - Sent sale event: SaleEvent{book_id=2, country_id=3, price=32.505625162068476, quantity=3, timestamp=1778783483370}
[kafka-producer-network-thread | producer-1] INFO is.project3.SaleEventProducer - Sent sale event: SaleEvent{book_id=1, country_id=4, price=818.6422881885305, quantity=7, timestamp=1778783483421}
[kafka-producer-network-thread | producer-1] INFO is.project3.SaleEventProducer - Sent sale event: SaleEvent{book_id=4, country_id=4, price=323.8311548600466, quantity=1, timestamp=1778783483471}
[kafka-producer-network-thread | producer-1] INFO is.project3.SaleEventProducer - Sent sale event: SaleEvent{book_id=5, country_id=1, price=10.79886562850807, quantity=3, timestamp=1778783483522}
[kafka-producer-network-thread | producer-1] INFO is.project3.SaleEventProducer - Sent sale event: SaleEvent{book_id=1, country_id=4, price=859.8907792847032, quantity=4, timestamp=1778783483573}
[kafka-producer-network-thread | producer-1] INFO is.project3.SaleEventProducer - Sent sale event: SaleEvent{book_id=3, country_id=3, price=77.29005154169816, quantity=10, timestamp=1778783483624}
[kafka-producer-network-thread | producer-1] INFO is.project3.SaleEventProducer - Sent sale event: SaleEvent{book_id=4, country_id=4, price=325.67771388672537, quantity=2, timestamp=1778783483675}
[kafka-producer-network-thread | producer-1] INFO is.project3.SaleEventProducer - Sent sale event: SaleEvent{book_id=2, country_id=1, price=31.81345800011378, quantity=6, timestamp=1778783483726}
[kafka-producer-network-thread | producer-1] INFO is.project3.SaleEventProducer - Sent sale event: SaleEvent{book_id=1, country_id=1, price=972.9715510310118, quantity=5, timestamp=1778783483779}
[kafka-producer-network-thread | producer-1] INFO is.project3.SaleEventProducer - Sent sale event: SaleEvent{book_id=1, country_id=3, price=910.8902682038446, quantity=7, timestamp=1778783483830}
[kafka-producer-network-thread | producer-1] INFO is.project3.SaleEventProducer - Sent sale event: SaleEvent{book_id=1, country_id=5, price=878.8796270684243, quantity=5, timestamp=1778783483882}
[kafka-producer-network-thread | producer-1] INFO is.project3.SaleEventProducer - Sent sale event: SaleEvent{book_id=2, country_id=4, price=30.211275980912927, quantity=9, timestamp=1778783483933}
[kafka-producer-network-thread | producer-1] INFO is.project3.SaleEventProducer - Sent sale event: SaleEvent{book_id=3, country_id=4, price=85.28148124819872, quantity=9, timestamp=1778783483983}
[kafka-producer-network-thread | producer-1] INFO is.project3.SaleEventProducer - Sent sale event: SaleEvent{book_id=4, country_id=2, price=317.88603966813207, quantity=9, timestamp=1778783484034}
[kafka-producer-network-thread | producer-1] INFO is.project3.SaleEventProducer - Sent sale event: SaleEvent{book_id=1, country_id=5, price=973.7421131862494, quantity=6, timestamp=1778783484086}
[kafka-producer-network-thread | producer-1] INFO is.project3.SaleEventProducer - Sent sale event: SaleEvent{book_id=4, country_id=1, price=304.79684648835956, quantity=2, timestamp=1778783484138}
[kafka-producer-network-thread | producer-1] INFO is.project3.SaleEventProducer - Sent sale event: SaleEvent{book_id=1, country_id=2, price=833.0850412818153, quantity=5, timestamp=1778783484189}
[kafka-producer-network-thread | producer-1] INFO is.project3.SaleEventProducer - Sent sale event: SaleEvent{book_id=5, country_id=4, price=9.218865758110784, quantity=5, timestamp=1778783484240}
[kafka-producer-network-thread | producer-1] INFO is.project3.SaleEventProducer - Sent sale event: SaleEvent{book_id=5, country_id=3, price=10.39252504206609, quantity=5, timestamp=1778783484292}
[kafka-producer-network-thread | producer-1] INFO is.project3.SaleEventProducer - Sent sale event: SaleEvent{book_id=1, country_id=3, price=902.9580979226328, quantity=1, timestamp=1778783484343}
[kafka-producer-network-thread | producer-1] INFO is.project3.SaleEventProducer - Sent sale event: SaleEvent{book_id=1, country_id=5, price=963.5128958163426, quantity=8, timestamp=1778783484393}
[kafka-producer-network-thread | producer-1] INFO is.project3.SaleEventProducer - Sent sale event: SaleEvent{book_id=3, country_id=4, price=81.06487868735105, quantity=4, timestamp=1778783484444}
[kafka-producer-network-thread | producer-1] INFO is.project3.SaleEventProducer - Sent sale event: SaleEvent{book_id=3, country_id=5, price=85.8540425589927, quantity=6, timestamp=1778783484499}
[kafka-producer-network-thread | producer-1] INFO is.project3.SaleEventProducer - Sent sale event: SaleEvent{book_id=5, country_id=2, price=10.63725713063521, quantity=4, timestamp=1778783484550}
[kafka-producer-network-thread | producer-1] INFO is.project3.SaleEventProducer - Sent sale event: SaleEvent{book_id=1, country_id=4, price=891.6348417290274, quantity=1, timestamp=1778783484600}
[kafka-producer-network-thread | producer-1] INFO is.project3.SaleEventProducer - Sent sale event: SaleEvent{book_id=3, country_id=1, price=76.14089157304969, quantity=10, timestamp=1778783484651}
[kafka-producer-network-thread | producer-1] INFO is.project3.SaleEventProducer - Sent sale event: SaleEvent{book_id=5, country_id=4, price=10.289288341658475, quantity=10, timestamp=1778783484702}
[kafka-producer-network-thread | producer-1] INFO is.project3.SaleEventProducer - Sent sale event: SaleEvent{book_id=5, country_id=5, price=10.577868050879893, quantity=9, timestamp=1778783484752}
[kafka-producer-network-thread | producer-1] INFO is.project3.SaleEventProducer - Sent sale event: SaleEvent{book_id=2, country_id=3, price=29.262899725105125, quantity=9, timestamp=1778783484804}
[kafka-producer-network-thread | producer-1] INFO is.project3.SaleEventProducer - Sent sale event: SaleEvent{book_id=1, country_id=2, price=839.5858614213458, quantity=7, timestamp=1778783484859}
[kafka-producer-network-thread | producer-1] INFO is.project3.SaleEventProducer - Sent sale event: SaleEvent{book_id=1, country_id=4, price=930.2927094211121, quantity=1, timestamp=1778783484910}
[kafka-producer-network-thread | producer-1] INFO is.project3.SaleEventProducer - Sent sale event: SaleEvent{book_id=4, country_id=4, price=296.710081767216, quantity=7, timestamp=1778783484963}
[kafka-producer-network-thread | producer-1] INFO is.project3.SaleEventProducer - Sent sale event: SaleEvent{book_id=5, country_id=5, price=10.503123695597475, quantity=5, timestamp=1778783485016}
[kafka-producer-network-thread | producer-1] INFO is.project3.SaleEventProducer - Sent sale event: SaleEvent{book_id=4, country_id=2, price=325.71314605174445, quantity=10, timestamp=1778783485067}
[kafka-producer-network-thread | producer-1] INFO is.project3.SaleEventProducer - Sent sale event: SaleEvent{book_id=4, country_id=4, price=271.0474167342185, quantity=8, timestamp=1778783485122}
[kafka-producer-network-thread | producer-1] INFO is.project3.SaleEventProducer - Sent sale event: SaleEvent{book_id=2, country_id=3, price=28.137910225980328, quantity=7, timestamp=1778783485175}
[kafka-producer-network-thread | producer-1] INFO is.project3.SaleEventProducer - Sent sale event: SaleEvent{book_id=5, country_id=3, price=9.62139230793561, quantity=8, timestamp=1778783485227}
[kafka-producer-network-thread | producer-1] INFO is.project3.SaleEventProducer - Sent sale event: SaleEvent{book_id=4, country_id=1, price=305.01596929542944, quantity=7, timestamp=1778783485277}
[kafka-producer-network-thread | producer-1] INFO is.project3.SaleEventProducer - Sent sale event: SaleEvent{book_id=1, country_id=2, price=910.57291493577, quantity=9, timestamp=1778783485328}
[kafka-producer-network-thread | producer-1] INFO is.project3.SaleEventProducer - Sent sale event: SaleEvent{book_id=4, country_id=5, price=282.20646346795405, quantity=5, timestamp=1778783485379}
[kafka-producer-network-thread | producer-1] INFO is.project3.SaleEventProducer - Sent sale event: SaleEvent{book_id=2, country_id=3, price=30.729878947783323, quantity=4, timestamp=1778783485430}
[kafka-producer-network-thread | producer-1] INFO is.project3.SaleEventProducer - Sent sale event: SaleEvent{book_id=3, country_id=4, price=85.09038717386737, quantity=7, timestamp=1778783485483}
[kafka-producer-network-thread | producer-1] INFO is.project3.SaleEventProducer - Sent sale event: SaleEvent{book_id=3, country_id=3, price=86.13663917962113, quantity=4, timestamp=1778783485538}
[kafka-producer-network-thread | producer-1] INFO is.project3.SaleEventProducer - Sent sale event: SaleEvent{book_id=3, country_id=2, price=84.91075825045536, quantity=6, timestamp=1778783485590}
[kafka-producer-network-thread | producer-1] INFO is.project3.SaleEventProducer - Sent sale event: SaleEvent{book_id=3, country_id=4, price=87.48803073348864, quantity=9, timestamp=1778783485641}
[kafka-producer-network-thread | producer-1] INFO is.project3.SaleEventProducer - Sent sale event: SaleEvent{book_id=2, country_id=2, price=29.497948304711713, quantity=6, timestamp=1778783485693}
[kafka-producer-network-thread | producer-1] INFO is.project3.SaleEventProducer - Sent sale event: SaleEvent{book_id=4, country_id=3, price=304.8458259154236, quantity=2, timestamp=1778783485747}
[kafka-producer-network-thread | producer-1] INFO is.project3.SaleEventProducer - Sent sale event: SaleEvent{book_id=3, country_id=2, price=72.93231369803394, quantity=10, timestamp=1778783485799}
[kafka-producer-network-thread | producer-1] INFO is.project3.SaleEventProducer - Sent sale event: SaleEvent{book_id=3, country_id=2, price=84.9462496285507, quantity=5, timestamp=1778783485851}
[kafka-producer-network-thread | producer-1] INFO is.project3.SaleEventProducer - Sent sale event: SaleEvent{book_id=4, country_id=1, price=316.39670335859563, quantity=6, timestamp=1778783485904}
[kafka-producer-network-thread | producer-1] INFO is.project3.SaleEventProducer - Sent sale event: SaleEvent{book_id=2, country_id=5, price=28.25719027992802, quantity=7, timestamp=1778783485958}
[kafka-producer-network-thread | producer-1] INFO is.project3.SaleEventProducer - Sent sale event: SaleEvent{book_id=5, country_id=4, price=9.938435194440336, quantity=7, timestamp=1778783486011}
[kafka-producer-network-thread | producer-1] INFO is.project3.SaleEventProducer - Sent sale event: SaleEvent{book_id=2, country_id=4, price=29.610630623281427, quantity=5, timestamp=1778783486065}
[kafka-producer-network-thread | producer-1] INFO is.project3.SaleEventProducer - Sent sale event: SaleEvent{book_id=4, country_id=1, price=284.43437998271384, quantity=3, timestamp=1778783486116}
[kafka-producer-network-thread | producer-1] INFO is.project3.SaleEventProducer - Sent sale event: SaleEvent{book_id=2, country_id=1, price=29.353166546250826, quantity=3, timestamp=1778783486166}
[kafka-producer-network-thread | producer-1] INFO is.project3.SaleEventProducer - Sent sale event: SaleEvent{book_id=3, country_id=4, price=72.80493797515558, quantity=6, timestamp=1778783486217}
[kafka-producer-network-thread | producer-1] INFO is.project3.SaleEventProducer - Sent sale event: SaleEvent{book_id=3, country_id=4, price=86.11045038884393, quantity=2, timestamp=1778783486268}
[kafka-producer-network-thread | producer-1] INFO is.project3.SaleEventProducer - Sent sale event: SaleEvent{book_id=3, country_id=4, price=72.21344108306292, quantity=3, timestamp=1778783486319}
[kafka-producer-network-thread | producer-1] INFO is.project3.SaleEventProducer - Sent sale event: SaleEvent{book_id=4, country_id=2, price=271.34674521447005, quantity=1, timestamp=1778783486370}
[kafka-producer-network-thread | producer-1] INFO is.project3.SaleEventProducer - Sent sale event: SaleEvent{book_id=5, country_id=1, price=9.96281170090869, quantity=3, timestamp=1778783486421}
[kafka-producer-network-thread | producer-1] INFO is.project3.SaleEventProducer - Sent sale event: SaleEvent{book_id=2, country_id=1, price=32.676193005045064, quantity=1, timestamp=1778783486471}
[kafka-producer-network-thread | producer-1] INFO is.project3.SaleEventProducer - Sent sale event: SaleEvent{book_id=5, country_id=2, price=9.527695581267865, quantity=7, timestamp=1778783486522}
[kafka-producer-network-thread | producer-1] INFO is.project3.SaleEventProducer - Sent sale event: SaleEvent{book_id=3, country_id=5, price=84.17751889579547, quantity=4, timestamp=1778783486572}
[kafka-producer-network-thread | producer-1] INFO is.project3.SaleEventProducer - Sent sale event: SaleEvent{book_id=5, country_id=4, price=9.748219104852566, quantity=5, timestamp=1778783486624}
[kafka-producer-network-thread | producer-1] INFO is.project3.SaleEventProducer - Sent sale event: SaleEvent{book_id=4, country_id=3, price=305.1922787390574, quantity=7, timestamp=1778783486674}
[kafka-producer-network-thread | producer-1] INFO is.project3.SaleEventProducer - Sent sale event: SaleEvent{book_id=1, country_id=2, price=893.81648762322, quantity=3, timestamp=1778783486725}
[kafka-producer-network-thread | producer-1] INFO is.project3.SaleEventProducer - Sent sale event: SaleEvent{book_id=5, country_id=3, price=10.648194364636522, quantity=9, timestamp=1778783486776}
[kafka-producer-network-thread | producer-1] INFO is.project3.SaleEventProducer - Sent sale event: SaleEvent{book_id=1, country_id=3, price=824.1367107969744, quantity=4, timestamp=1778783486829}
[kafka-producer-network-thread | producer-1] INFO is.project3.SaleEventProducer - Sent sale event: SaleEvent{book_id=1, country_id=3, price=920.9639231255571, quantity=3, timestamp=1778783486880}
[kafka-producer-network-thread | producer-1] INFO is.project3.SaleEventProducer - Sent sale event: SaleEvent{book_id=2, country_id=3, price=32.59473367950434, quantity=9, timestamp=1778783486932}
[kafka-producer-network-thread | producer-1] INFO is.project3.SaleEventProducer - Sent sale event: SaleEvent{book_id=4, country_id=1, price=315.1358203138211, quantity=3, timestamp=1778783486982}
[kafka-producer-network-thread | producer-1] INFO is.project3.SaleEventProducer - Sent sale event: SaleEvent{book_id=2, country_id=5, price=29.40965690938503, quantity=8, timestamp=1778783487033}
[kafka-producer-network-thread | producer-1] INFO is.project3.SaleEventProducer - Sent sale event: SaleEvent{book_id=4, country_id=2, price=295.02381742903333, quantity=8, timestamp=1778783487088}
[kafka-producer-network-thread | producer-1] INFO is.project3.SaleEventProducer - Sent sale event: SaleEvent{book_id=2, country_id=4, price=29.906513166947402, quantity=10, timestamp=1778783487139}
[kafka-producer-network-thread | producer-1] INFO is.project3.SaleEventProducer - Sent sale event: SaleEvent{book_id=2, country_id=4, price=29.06516947343292, quantity=3, timestamp=1778783487190}
[kafka-producer-network-thread | producer-1] INFO is.project3.SaleEventProducer - Sent sale event: SaleEvent{book_id=5, country_id=4, price=9.438810893412326, quantity=7, timestamp=1778783487240}
[kafka-producer-network-thread | producer-1] INFO is.project3.SaleEventProducer - Sent sale event: SaleEvent{book_id=2, country_id=2, price=31.684393373543724, quantity=4, timestamp=1778783487291}
[kafka-producer-network-thread | producer-1] INFO is.project3.SaleEventProducer - Sent sale event: SaleEvent{book_id=1, country_id=4, price=947.0981662372627, quantity=10, timestamp=1778783487341}
[kafka-producer-network-thread | producer-1] INFO is.project3.SaleEventProducer - Sent sale event: SaleEvent{book_id=2, country_id=1, price=32.79004471072935, quantity=5, timestamp=1778783487392}
[kafka-producer-network-thread | producer-1] INFO is.project3.SaleEventProducer - Sent sale event: SaleEvent{book_id=1, country_id=3, price=943.6239823760443, quantity=4, timestamp=1778783487442}
[kafka-producer-network-thread | producer-1] INFO is.project3.SaleEventProducer - Sent sale event: SaleEvent{book_id=2, country_id=5, price=30.382429437231707, quantity=8, timestamp=1778783487493}
[kafka-producer-network-thread | producer-1] INFO is.project3.SaleEventProducer - Sent sale event: SaleEvent{book_id=2, country_id=4, price=27.038721769446344, quantity=4, timestamp=1778783487543}
[kafka-producer-network-thread | producer-1] INFO is.project3.SaleEventProducer - Sent sale event: SaleEvent{book_id=4, country_id=4, price=328.63043357508434, quantity=8, timestamp=1778783487594}
[kafka-producer-network-thread | producer-1] INFO is.project3.SaleEventProducer - Sent sale event: SaleEvent{book_id=1, country_id=3, price=877.9305913187713, quantity=3, timestamp=1778783487645}
[kafka-producer-network-thread | producer-1] INFO is.project3.SaleEventProducer - Sent sale event: SaleEvent{book_id=4, country_id=5, price=273.5565033705444, quantity=8, timestamp=1778783487696}
[kafka-producer-network-thread | producer-1] INFO is.project3.SaleEventProducer - Sent sale event: SaleEvent{book_id=4, country_id=5, price=320.94355506083565, quantity=5, timestamp=1778783487746}
[kafka-producer-network-thread | producer-1] INFO is.project3.SaleEventProducer - Sent sale event: SaleEvent{book_id=4, country_id=2, price=326.4097597729228, quantity=3, timestamp=1778783487797}
[kafka-producer-network-thread | producer-1] INFO is.project3.SaleEventProducer - Sent sale event: SaleEvent{book_id=3, country_id=1, price=80.04992914968416, quantity=8, timestamp=1778783487848}
[kafka-producer-network-thread | producer-1] INFO is.project3.SaleEventProducer - Sent sale event: SaleEvent{book_id=1, country_id=1, price=970.888093573196, quantity=1, timestamp=1778783487899}
[kafka-producer-network-thread | producer-1] INFO is.project3.SaleEventProducer - Sent sale event: SaleEvent{book_id=4, country_id=4, price=299.07107444173994, quantity=3, timestamp=1778783487950}
[kafka-producer-network-thread | producer-1] INFO is.project3.SaleEventProducer - Sent sale event: SaleEvent{book_id=2, country_id=4, price=27.081743662411597, quantity=6, timestamp=1778783488000}
[kafka-producer-network-thread | producer-1] INFO is.project3.SaleEventProducer - Sent sale event: SaleEvent{book_id=3, country_id=4, price=83.40926337715203, quantity=2, timestamp=1778783488051}
[kafka-producer-network-thread | producer-1] INFO is.project3.SaleEventProducer - Sent sale event: SaleEvent{book_id=2, country_id=4, price=29.802662703452782, quantity=7, timestamp=1778783488102}
[kafka-producer-network-thread | producer-1] INFO is.project3.SaleEventProducer - Sent sale event: SaleEvent{book_id=3, country_id=2, price=77.37680598232105, quantity=5, timestamp=1778783488155}
[kafka-producer-network-thread | producer-1] INFO is.project3.SaleEventProducer - Sent sale event: SaleEvent{book_id=4, country_id=2, price=282.2399474481701, quantity=3, timestamp=1778783488206}
[kafka-producer-network-thread | producer-1] INFO is.project3.SaleEventProducer - Sent sale event: SaleEvent{book_id=5, country_id=2, price=10.882170119265558, quantity=1, timestamp=1778783488257}
[kafka-producer-network-thread | producer-1] INFO is.project3.SaleEventProducer - Sent sale event: SaleEvent{book_id=4, country_id=1, price=321.3955463883306, quantity=1, timestamp=1778783488307}
[kafka-producer-network-thread | producer-1] INFO is.project3.SaleEventProducer - Sent sale event: SaleEvent{book_id=1, country_id=3, price=817.9436052849138, quantity=7, timestamp=1778783488358}
[kafka-producer-network-thread | producer-1] INFO is.project3.SaleEventProducer - Sent sale event: SaleEvent{book_id=5, country_id=2, price=10.909994967486206, quantity=2, timestamp=1778783488409}
[kafka-producer-network-thread | producer-1] INFO is.project3.SaleEventProducer - Sent sale event: SaleEvent{book_id=5, country_id=3, price=9.522920560502333, quantity=1, timestamp=1778783488460}
[kafka-producer-network-thread | producer-1] INFO is.project3.SaleEventProducer - Sent sale event: SaleEvent{book_id=1, country_id=1, price=911.1392055775302, quantity=9, timestamp=1778783488511}
[kafka-producer-network-thread | producer-1] INFO is.project3.SaleEventProducer - Sent sale event: SaleEvent{book_id=2, country_id=5, price=29.758865483825225, quantity=2, timestamp=1778783488561}
[kafka-producer-network-thread | producer-1] INFO is.project3.SaleEventProducer - Sent sale event: SaleEvent{book_id=3, country_id=1, price=77.98943104640396, quantity=6, timestamp=1778783488613}
[kafka-producer-network-thread | producer-1] INFO is.project3.SaleEventProducer - Sent sale event: SaleEvent{book_id=4, country_id=3, price=303.2428254728605, quantity=2, timestamp=1778783488664}
[kafka-producer-network-thread | producer-1] INFO is.project3.SaleEventProducer - Sent sale event: SaleEvent{book_id=5, country_id=3, price=9.642234180834901, quantity=9, timestamp=1778783488714}
[kafka-producer-network-thread | producer-1] INFO is.project3.SaleEventProducer - Sent sale event: SaleEvent{book_id=4, country_id=3, price=326.4900008023507, quantity=2, timestamp=1778783488765}
[kafka-producer-network-thread | producer-1] INFO is.project3.SaleEventProducer - Sent sale event: SaleEvent{book_id=1, country_id=3, price=976.5973666512342, quantity=7, timestamp=1778783488816}
[kafka-producer-network-thread | producer-1] INFO is.project3.SaleEventProducer - Sent sale event: SaleEvent{book_id=5, country_id=2, price=9.215090515482613, quantity=7, timestamp=1778783488866}
[kafka-producer-network-thread | producer-1] INFO is.project3.SaleEventProducer - Sent sale event: SaleEvent{book_id=4, country_id=5, price=284.62406797375496, quantity=1, timestamp=1778783488917}
[kafka-producer-network-thread | producer-1] INFO is.project3.SaleEventProducer - Sent sale event: SaleEvent{book_id=3, country_id=2, price=75.06268222942761, quantity=1, timestamp=1778783488968}
[kafka-producer-network-thread | producer-1] INFO is.project3.SaleEventProducer - Sent sale event: SaleEvent{book_id=1, country_id=1, price=819.4786661080101, quantity=2, timestamp=1778783489021}
[kafka-producer-network-thread | producer-1] INFO is.project3.SaleEventProducer - Sent sale event: SaleEvent{book_id=1, country_id=1, price=912.3955826752019, quantity=8, timestamp=1778783489074}
[kafka-producer-network-thread | producer-1] INFO is.project3.SaleEventProducer - Sent sale event: SaleEvent{book_id=1, country_id=5, price=829.5109181539325, quantity=10, timestamp=1778783489126}
[kafka-producer-network-thread | producer-1] INFO is.project3.SaleEventProducer - Sent sale event: SaleEvent{book_id=5, country_id=1, price=10.464110838170118, quantity=8, timestamp=1778783489177}
[kafka-producer-network-thread | producer-1] INFO is.project3.SaleEventProducer - Sent sale event: SaleEvent{book_id=3, country_id=2, price=81.70355702305945, quantity=6, timestamp=1778783489229}
[kafka-producer-network-thread | producer-1] INFO is.project3.SaleEventProducer - Sent sale event: SaleEvent{book_id=5, country_id=1, price=9.821270269783417, quantity=4, timestamp=1778783489280}
[kafka-producer-network-thread | producer-1] INFO is.project3.SaleEventProducer - Sent sale event: SaleEvent{book_id=5, country_id=3, price=9.194125444221028, quantity=4, timestamp=1778783489331}
[kafka-producer-network-thread | producer-1] INFO is.project3.SaleEventProducer - Sent sale event: SaleEvent{book_id=3, country_id=5, price=87.44296118905413, quantity=8, timestamp=1778783489384}
[kafka-producer-network-thread | producer-1] INFO is.project3.SaleEventProducer - Sent sale event: SaleEvent{book_id=3, country_id=4, price=75.96683335253438, quantity=10, timestamp=1778783489434}
[kafka-producer-network-thread | producer-1] INFO is.project3.SaleEventProducer - Sent sale event: SaleEvent{book_id=4, country_id=1, price=301.64570809429244, quantity=5, timestamp=1778783489489}
[kafka-producer-network-thread | producer-1] INFO is.project3.SaleEventProducer - Sent sale event: SaleEvent{book_id=2, country_id=2, price=30.275504943830573, quantity=6, timestamp=1778783489542}
[kafka-producer-network-thread | producer-1] INFO is.project3.SaleEventProducer - Sent sale event: SaleEvent{book_id=3, country_id=5, price=81.87319669577592, quantity=7, timestamp=1778783489596}
[kafka-producer-network-thread | producer-1] INFO is.project3.SaleEventProducer - Sent sale event: SaleEvent{book_id=3, country_id=4, price=86.57747031999304, quantity=1, timestamp=1778783489648}
[kafka-producer-network-thread | producer-1] INFO is.project3.SaleEventProducer - Sent sale event: SaleEvent{book_id=5, country_id=2, price=10.38698779876248, quantity=6, timestamp=1778783489699}
[kafka-producer-network-thread | producer-1] INFO is.project3.SaleEventProducer - Sent sale event: SaleEvent{book_id=3, country_id=3, price=78.61172810343207, quantity=8, timestamp=1778783489750}
[kafka-producer-network-thread | producer-1] INFO is.project3.SaleEventProducer - Sent sale event: SaleEvent{book_id=5, country_id=2, price=10.505688723578698, quantity=8, timestamp=1778783489801}
[kafka-producer-network-thread | producer-1] INFO is.project3.SaleEventProducer - Sent sale event: SaleEvent{book_id=1, country_id=2, price=906.8175222919409, quantity=9, timestamp=1778783489851}
[kafka-producer-network-thread | producer-1] INFO is.project3.SaleEventProducer - Sent sale event: SaleEvent{book_id=4, country_id=4, price=283.8270703631507, quantity=6, timestamp=1778783489903}
[kafka-producer-network-thread | producer-1] INFO is.project3.SaleEventProducer - Sent sale event: SaleEvent{book_id=3, country_id=4, price=87.78846574153717, quantity=3, timestamp=1778783489954}
[kafka-producer-network-thread | producer-1] INFO is.project3.SaleEventProducer - Sent sale event: SaleEvent{book_id=2, country_id=3, price=32.574266563755096, quantity=5, timestamp=1778783490005}
[kafka-producer-network-thread | producer-1] INFO is.project3.SaleEventProducer - Sent sale event: SaleEvent{book_id=4, country_id=4, price=325.74200289714224, quantity=4, timestamp=1778783490056}
[kafka-producer-network-thread | producer-1] INFO is.project3.SaleEventProducer - Sent sale event: SaleEvent{book_id=5, country_id=5, price=9.357984098553029, quantity=2, timestamp=1778783490107}
[kafka-producer-network-thread | producer-1] INFO is.project3.SaleEventProducer - Sent sale event: SaleEvent{book_id=2, country_id=2, price=31.009848864579673, quantity=8, timestamp=1778783490160}
[kafka-producer-network-thread | producer-1] INFO is.project3.SaleEventProducer - Sent sale event: SaleEvent{book_id=4, country_id=4, price=303.3633788233229, quantity=2, timestamp=1778783490212}
[kafka-producer-network-thread | producer-1] INFO is.project3.SaleEventProducer - Sent sale event: SaleEvent{book_id=5, country_id=2, price=9.271491425266841, quantity=5, timestamp=1778783490264}
[kafka-producer-network-thread | producer-1] INFO is.project3.SaleEventProducer - Sent sale event: SaleEvent{book_id=2, country_id=1, price=32.21793759744656, quantity=9, timestamp=1778783490317}
[kafka-producer-network-thread | producer-1] INFO is.project3.SaleEventProducer - Sent sale event: SaleEvent{book_id=3, country_id=4, price=72.78178060777407, quantity=10, timestamp=1778783490368}
[kafka-producer-network-thread | producer-1] INFO is.project3.SaleEventProducer - Sent sale event: SaleEvent{book_id=4, country_id=5, price=288.4569966998313, quantity=8, timestamp=1778783490419}
[kafka-producer-network-thread | producer-1] INFO is.project3.SaleEventProducer - Sent sale event: SaleEvent{book_id=1, country_id=2, price=916.3513487569579, quantity=4, timestamp=1778783490470}
[kafka-producer-network-thread | producer-1] INFO is.project3.SaleEventProducer - Sent sale event: SaleEvent{book_id=5, country_id=3, price=9.833109777781207, quantity=1, timestamp=1778783490522}
[kafka-producer-network-thread | producer-1] INFO is.project3.SaleEventProducer - Sent sale event: SaleEvent{book_id=2, country_id=1, price=29.174021538504782, quantity=5, timestamp=1778783490576}
[kafka-producer-network-thread | producer-1] INFO is.project3.SaleEventProducer - Sent sale event: SaleEvent{book_id=5, country_id=3, price=9.64619695545985, quantity=4, timestamp=1778783490628}
[kafka-producer-network-thread | producer-1] INFO is.project3.SaleEventProducer - Sent sale event: SaleEvent{book_id=4, country_id=1, price=309.6681659211984, quantity=2, timestamp=1778783490681}
[kafka-producer-network-thread | producer-1] INFO is.project3.SaleEventProducer - Sent sale event: SaleEvent{book_id=5, country_id=2, price=10.51008136626367, quantity=7, timestamp=1778783490731}
[kafka-producer-network-thread | producer-1] INFO is.project3.SaleEventProducer - Sent sale event: SaleEvent{book_id=3, country_id=1, price=81.90830115559021, quantity=1, timestamp=1778783490784}
[kafka-producer-network-thread | producer-1] INFO is.project3.SaleEventProducer - Sent sale event: SaleEvent{book_id=4, country_id=1, price=312.4880483563058, quantity=5, timestamp=1778783490834}
[kafka-producer-network-thread | producer-1] INFO is.project3.SaleEventProducer - Sent sale event: SaleEvent{book_id=1, country_id=4, price=815.7032851390067, quantity=5, timestamp=1778783490885}
[kafka-producer-network-thread | producer-1] INFO is.project3.SaleEventProducer - Sent sale event: SaleEvent{book_id=5, country_id=4, price=10.406035781234234, quantity=4, timestamp=1778783490936}
[kafka-producer-network-thread | producer-1] INFO is.project3.SaleEventProducer - Sent sale event: SaleEvent{book_id=1, country_id=4, price=817.1720990128587, quantity=8, timestamp=1778783490987}
[kafka-producer-network-thread | producer-1] INFO is.project3.SaleEventProducer - Sent sale event: SaleEvent{book_id=5, country_id=4, price=10.454199571401139, quantity=9, timestamp=1778783491039}
[kafka-producer-network-thread | producer-1] INFO is.project3.SaleEventProducer - Sent sale event: SaleEvent{book_id=4, country_id=1, price=288.0396865309246, quantity=4, timestamp=1778783491090}
[kafka-producer-network-thread | producer-1] INFO is.project3.SaleEventProducer - Sent sale event: SaleEvent{book_id=2, country_id=2, price=28.098540400948117, quantity=6, timestamp=1778783491141}
[kafka-producer-network-thread | producer-1] INFO is.project3.SaleEventProducer - Sent sale event: SaleEvent{book_id=2, country_id=1, price=28.067813164556725, quantity=3, timestamp=1778783491192}
[kafka-producer-network-thread | producer-1] INFO is.project3.SaleEventProducer - Sent sale event: SaleEvent{book_id=1, country_id=2, price=872.0551398774244, quantity=1, timestamp=1778783491244}
[kafka-producer-network-thread | producer-1] INFO is.project3.SaleEventProducer - Sent sale event: SaleEvent{book_id=2, country_id=1, price=29.263529699210732, quantity=6, timestamp=1778783491295}
[kafka-producer-network-thread | producer-1] INFO is.project3.SaleEventProducer - Sent sale event: SaleEvent{book_id=5, country_id=4, price=10.942683515697807, quantity=3, timestamp=1778783491346}
[kafka-producer-network-thread | producer-1] INFO is.project3.SaleEventProducer - Sent sale event: SaleEvent{book_id=3, country_id=4, price=73.0921614681153, quantity=2, timestamp=1778783491397}
[kafka-producer-network-thread | producer-1] INFO is.project3.SaleEventProducer - Sent sale event: SaleEvent{book_id=1, country_id=1, price=836.4504199692492, quantity=9, timestamp=1778783491448}
[kafka-producer-network-thread | producer-1] INFO is.project3.SaleEventProducer - Sent sale event: SaleEvent{book_id=2, country_id=2, price=32.57955206906344, quantity=3, timestamp=1778783491502}
[kafka-producer-network-thread | producer-1] INFO is.project3.SaleEventProducer - Sent sale event: SaleEvent{book_id=5, country_id=1, price=9.923221723078735, quantity=4, timestamp=1778783491553}
[kafka-producer-network-thread | producer-1] INFO is.project3.SaleEventProducer - Sent sale event: SaleEvent{book_id=1, country_id=5, price=921.0338604295207, quantity=9, timestamp=1778783491603}
[kafka-producer-network-thread | producer-1] INFO is.project3.SaleEventProducer - Sent sale event: SaleEvent{book_id=1, country_id=3, price=938.3285490098772, quantity=5, timestamp=1778783491658}
[kafka-producer-network-thread | producer-1] INFO is.project3.SaleEventProducer - Sent sale event: SaleEvent{book_id=5, country_id=1, price=9.852637461695908, quantity=8, timestamp=1778783491709}
[kafka-producer-network-thread | producer-1] INFO is.project3.SaleEventProducer - Sent sale event: SaleEvent{book_id=3, country_id=2, price=87.13660391351891, quantity=7, timestamp=1778783491759}
[kafka-producer-network-thread | producer-1] INFO is.project3.SaleEventProducer - Sent sale event: SaleEvent{book_id=4, country_id=1, price=294.5540639484888, quantity=5, timestamp=1778783491810}
[kafka-producer-network-thread | producer-1] INFO is.project3.SaleEventProducer - Sent sale event: SaleEvent{book_id=2, country_id=4, price=27.353034223113607, quantity=10, timestamp=1778783491861}
[kafka-producer-network-thread | producer-1] INFO is.project3.SaleEventProducer - Sent sale event: SaleEvent{book_id=5, country_id=2, price=10.148424990164484, quantity=10, timestamp=1778783491911}
[kafka-producer-network-thread | producer-1] INFO is.project3.SaleEventProducer - Sent sale event: SaleEvent{book_id=2, country_id=1, price=28.186793562422896, quantity=10, timestamp=1778783491962}
[kafka-producer-network-thread | producer-1] INFO is.project3.SaleEventProducer - Sent sale event: SaleEvent{book_id=5, country_id=5, price=10.917256272964053, quantity=5, timestamp=1778783492014}
[kafka-producer-network-thread | producer-1] INFO is.project3.SaleEventProducer - Sent sale event: SaleEvent{book_id=5, country_id=4, price=10.768142558949494, quantity=6, timestamp=1778783492069}
[kafka-producer-network-thread | producer-1] INFO is.project3.SaleEventProducer - Sent sale event: SaleEvent{book_id=3, country_id=4, price=79.41349944200806, quantity=6, timestamp=1778783492124}
[kafka-producer-network-thread | producer-1] INFO is.project3.SaleEventProducer - Sent sale event: SaleEvent{book_id=3, country_id=2, price=77.04345861414002, quantity=3, timestamp=1778783492174}
[kafka-producer-network-thread | producer-1] INFO is.project3.SaleEventProducer - Sent sale event: SaleEvent{book_id=5, country_id=3, price=10.325686556324413, quantity=5, timestamp=1778783492226}
[kafka-producer-network-thread | producer-1] INFO is.project3.SaleEventProducer - Sent sale event: SaleEvent{book_id=1, country_id=2, price=902.3521473977921, quantity=4, timestamp=1778783492277}
[kafka-producer-network-thread | producer-1] INFO is.project3.SaleEventProducer - Sent sale event: SaleEvent{book_id=5, country_id=4, price=9.982607392652573, quantity=8, timestamp=1778783492328}
[kafka-producer-network-thread | producer-1] INFO is.project3.SaleEventProducer - Sent sale event: SaleEvent{book_id=1, country_id=3, price=985.5062017960473, quantity=1, timestamp=1778783492380}
[kafka-producer-network-thread | producer-1] INFO is.project3.SaleEventProducer - Sent sale event: SaleEvent{book_id=4, country_id=5, price=303.93838528162956, quantity=5, timestamp=1778783492434}
[kafka-producer-network-thread | producer-1] INFO is.project3.SaleEventProducer - Sent sale event: SaleEvent{book_id=4, country_id=1, price=320.5255746744571, quantity=2, timestamp=1778783492485}
[kafka-producer-network-thread | producer-1] INFO is.project3.SaleEventProducer - Sent sale event: SaleEvent{book_id=5, country_id=5, price=9.377895779110867, quantity=1, timestamp=1778783492536}
[kafka-producer-network-thread | producer-1] INFO is.project3.SaleEventProducer - Sent sale event: SaleEvent{book_id=2, country_id=5, price=31.10208453451685, quantity=2, timestamp=1778783492591}
[kafka-producer-network-thread | producer-1] INFO is.project3.SaleEventProducer - Sent sale event: SaleEvent{book_id=1, country_id=2, price=830.4254408454607, quantity=7, timestamp=1778783492641}
[kafka-producer-network-thread | producer-1] INFO is.project3.SaleEventProducer - Sent sale event: SaleEvent{book_id=3, country_id=1, price=72.98549808625108, quantity=7, timestamp=1778783492694}
[kafka-producer-network-thread | producer-1] INFO is.project3.SaleEventProducer - Sent sale event: SaleEvent{book_id=2, country_id=1, price=28.30872405102072, quantity=10, timestamp=1778783492747}
[kafka-producer-network-thread | producer-1] INFO is.project3.SaleEventProducer - Sent sale event: SaleEvent{book_id=5, country_id=3, price=10.2901547417441, quantity=9, timestamp=1778783492798}
[kafka-producer-network-thread | producer-1] INFO is.project3.SaleEventProducer - Sent sale event: SaleEvent{book_id=1, country_id=2, price=819.2337366744716, quantity=4, timestamp=1778783492850}
[kafka-producer-network-thread | producer-1] INFO is.project3.SaleEventProducer - Sent sale event: SaleEvent{book_id=3, country_id=4, price=83.89982842890231, quantity=5, timestamp=1778783492903}
[kafka-producer-network-thread | producer-1] INFO is.project3.SaleEventProducer - Sent sale event: SaleEvent{book_id=3, country_id=4, price=84.36462461187554, quantity=1, timestamp=1778783492957}
[kafka-producer-network-thread | producer-1] INFO is.project3.SaleEventProducer - Sent sale event: SaleEvent{book_id=2, country_id=1, price=31.326480339371063, quantity=10, timestamp=1778783493008}
[kafka-producer-network-thread | producer-1] INFO is.project3.SaleEventProducer - Sent sale event: SaleEvent{book_id=3, country_id=3, price=86.76972905011523, quantity=6, timestamp=1778783493063}
[kafka-producer-network-thread | producer-1] INFO is.project3.SaleEventProducer - Sent sale event: SaleEvent{book_id=4, country_id=5, price=311.19353422389247, quantity=4, timestamp=1778783493114}
[kafka-producer-network-thread | producer-1] INFO is.project3.SaleEventProducer - Sent sale event: SaleEvent{book_id=1, country_id=2, price=939.2553081280673, quantity=9, timestamp=1778783493168}
[kafka-producer-network-thread | producer-1] INFO is.project3.SaleEventProducer - Sent sale event: SaleEvent{book_id=4, country_id=3, price=290.25971377092617, quantity=8, timestamp=1778783493223}
[kafka-producer-network-thread | producer-1] INFO is.project3.SaleEventProducer - Sent sale event: SaleEvent{book_id=5, country_id=1, price=9.221436122488553, quantity=1, timestamp=1778783493278}
[kafka-producer-network-thread | producer-1] INFO is.project3.SaleEventProducer - Sent sale event: SaleEvent{book_id=1, country_id=5, price=842.2081421801976, quantity=1, timestamp=1778783493332}
[kafka-producer-network-thread | producer-1] INFO is.project3.SaleEventProducer - Sent sale event: SaleEvent{book_id=3, country_id=3, price=80.8075747624417, quantity=2, timestamp=1778783493386}
[kafka-producer-network-thread | producer-1] INFO is.project3.SaleEventProducer - Sent sale event: SaleEvent{book_id=3, country_id=5, price=84.56534508952475, quantity=9, timestamp=1778783493441}
[kafka-producer-network-thread | producer-1] INFO is.project3.SaleEventProducer - Sent sale event: SaleEvent{book_id=1, country_id=5, price=962.0463345000869, quantity=2, timestamp=1778783493495}
[kafka-producer-network-thread | producer-1] INFO is.project3.SaleEventProducer - Sent sale event: SaleEvent{book_id=2, country_id=3, price=27.94683594656807, quantity=1, timestamp=1778783493549}
[kafka-producer-network-thread | producer-1] INFO is.project3.SaleEventProducer - Sent sale event: SaleEvent{book_id=4, country_id=5, price=329.7046407594281, quantity=7, timestamp=1778783493600}
[kafka-producer-network-thread | producer-1] INFO is.project3.SaleEventProducer - Sent sale event: SaleEvent{book_id=1, country_id=3, price=965.3069505547883, quantity=9, timestamp=1778783493651}
[kafka-producer-network-thread | producer-1] INFO is.project3.SaleEventProducer - Sent sale event: SaleEvent{book_id=1, country_id=4, price=905.8851652282423, quantity=2, timestamp=1778783493705}
[kafka-producer-network-thread | producer-1] INFO is.project3.SaleEventProducer - Sent sale event: SaleEvent{book_id=2, country_id=1, price=31.07719027025961, quantity=1, timestamp=1778783493758}
[kafka-producer-network-thread | producer-1] INFO is.project3.SaleEventProducer - Sent sale event: SaleEvent{book_id=1, country_id=5, price=849.3270938291812, quantity=8, timestamp=1778783493809}
[kafka-producer-network-thread | producer-1] INFO is.project3.SaleEventProducer - Sent sale event: SaleEvent{book_id=5, country_id=1, price=10.709774437044372, quantity=4, timestamp=1778783493860}
[kafka-producer-network-thread | producer-1] INFO is.project3.SaleEventProducer - Sent sale event: SaleEvent{book_id=4, country_id=4, price=307.6418752680953, quantity=4, timestamp=1778783493915}
[kafka-producer-network-thread | producer-1] INFO is.project3.SaleEventProducer - Sent sale event: SaleEvent{book_id=2, country_id=2, price=30.965364198735855, quantity=1, timestamp=1778783493966}
[kafka-producer-network-thread | producer-1] INFO is.project3.SaleEventProducer - Sent sale event: SaleEvent{book_id=2, country_id=3, price=28.784822961568384, quantity=5, timestamp=1778783494019}
[kafka-producer-network-thread | producer-1] INFO is.project3.SaleEventProducer - Sent sale event: SaleEvent{book_id=4, country_id=3, price=292.2707111996241, quantity=1, timestamp=1778783494070}
[kafka-producer-network-thread | producer-1] INFO is.project3.SaleEventProducer - Sent sale event: SaleEvent{book_id=4, country_id=5, price=272.0176067703944, quantity=6, timestamp=1778783494124}
[kafka-producer-network-thread | producer-1] INFO is.project3.SaleEventProducer - Sent sale event: SaleEvent{book_id=5, country_id=2, price=9.537661221068111, quantity=3, timestamp=1778783494174}
[kafka-producer-network-thread | producer-1] INFO is.project3.SaleEventProducer - Sent sale event: SaleEvent{book_id=5, country_id=4, price=10.806416954357964, quantity=1, timestamp=1778783494225}
[kafka-producer-network-thread | producer-1] INFO is.project3.SaleEventProducer - Sent sale event: SaleEvent{book_id=1, country_id=1, price=844.1364936096094, quantity=10, timestamp=1778783494275}
[kafka-producer-network-thread | producer-1] INFO is.project3.SaleEventProducer - Sent sale event: SaleEvent{book_id=1, country_id=3, price=823.3527552482593, quantity=8, timestamp=1778783494326}
[kafka-producer-network-thread | producer-1] INFO is.project3.SaleEventProducer - Sent sale event: SaleEvent{book_id=4, country_id=5, price=320.863804967497, quantity=2, timestamp=1778783494376}
[kafka-producer-network-thread | producer-1] INFO is.project3.SaleEventProducer - Sent sale event: SaleEvent{book_id=5, country_id=4, price=9.80175026486414, quantity=10, timestamp=1778783494427}
[kafka-producer-network-thread | producer-1] INFO is.project3.SaleEventProducer - Sent sale event: SaleEvent{book_id=2, country_id=1, price=27.8534546433397, quantity=9, timestamp=1778783494477}
[kafka-producer-network-thread | producer-1] INFO is.project3.SaleEventProducer - Sent sale event: SaleEvent{book_id=5, country_id=4, price=10.280368515383932, quantity=7, timestamp=1778783494528}
[kafka-producer-network-thread | producer-1] INFO is.project3.SaleEventProducer - Sent sale event: SaleEvent{book_id=3, country_id=4, price=80.2901299182694, quantity=1, timestamp=1778783494583}
[kafka-producer-network-thread | producer-1] INFO is.project3.SaleEventProducer - Sent sale event: SaleEvent{book_id=2, country_id=5, price=31.50431163852339, quantity=10, timestamp=1778783494633}
[kafka-producer-network-thread | producer-1] INFO is.project3.SaleEventProducer - Sent sale event: SaleEvent{book_id=4, country_id=1, price=295.4493917315902, quantity=9, timestamp=1778783494687}
[kafka-producer-network-thread | producer-1] INFO is.project3.SaleEventProducer - Sent sale event: SaleEvent{book_id=4, country_id=5, price=286.2526165464229, quantity=9, timestamp=1778783494738}
[kafka-producer-network-thread | producer-1] INFO is.project3.SaleEventProducer - Sent sale event: SaleEvent{book_id=5, country_id=5, price=9.198445437346361, quantity=1, timestamp=1778783494789}
[kafka-producer-network-thread | producer-1] INFO is.project3.SaleEventProducer - Sent sale event: SaleEvent{book_id=1, country_id=5, price=863.0093045530015, quantity=4, timestamp=1778783494839}
[kafka-producer-network-thread | producer-1] INFO is.project3.SaleEventProducer - Sent sale event: SaleEvent{book_id=1, country_id=5, price=887.6125364320219, quantity=8, timestamp=1778783494891}
[kafka-producer-network-thread | producer-1] INFO is.project3.SaleEventProducer - Sent sale event: SaleEvent{book_id=2, country_id=4, price=32.20338084305044, quantity=10, timestamp=1778783494942}
[kafka-producer-network-thread | producer-1] INFO is.project3.SaleEventProducer - Sent sale event: SaleEvent{book_id=3, country_id=2, price=74.23486005772786, quantity=8, timestamp=1778783494993}
[kafka-producer-network-thread | producer-1] INFO is.project3.SaleEventProducer - Sent sale event: SaleEvent{book_id=5, country_id=4, price=9.79026099399674, quantity=8, timestamp=1778783495044}
[kafka-producer-network-thread | producer-1] INFO is.project3.SaleEventProducer - Sent sale event: SaleEvent{book_id=2, country_id=1, price=29.67976392968833, quantity=10, timestamp=1778783495095}
[kafka-producer-network-thread | producer-1] INFO is.project3.SaleEventProducer - Sent sale event: SaleEvent{book_id=5, country_id=5, price=10.219318297205517, quantity=10, timestamp=1778783495145}
[kafka-producer-network-thread | producer-1] INFO is.project3.SaleEventProducer - Sent sale event: SaleEvent{book_id=5, country_id=3, price=10.048007397540156, quantity=7, timestamp=1778783495196}
[kafka-producer-network-thread | producer-1] INFO is.project3.SaleEventProducer - Sent sale event: SaleEvent{book_id=3, country_id=1, price=86.54590039432303, quantity=7, timestamp=1778783495247}
[kafka-producer-network-thread | producer-1] INFO is.project3.SaleEventProducer - Sent sale event: SaleEvent{book_id=4, country_id=1, price=288.2003062134102, quantity=2, timestamp=1778783495298}
[kafka-producer-network-thread | producer-1] INFO is.project3.SaleEventProducer - Sent sale event: SaleEvent{book_id=1, country_id=1, price=919.6313486519525, quantity=2, timestamp=1778783495348}
[kafka-producer-network-thread | producer-1] INFO is.project3.SaleEventProducer - Sent sale event: SaleEvent{book_id=3, country_id=1, price=79.03069216390192, quantity=2, timestamp=1778783495399}
[kafka-producer-network-thread | producer-1] INFO is.project3.SaleEventProducer - Sent sale event: SaleEvent{book_id=4, country_id=3, price=271.61774958220224, quantity=8, timestamp=1778783495450}
[kafka-producer-network-thread | producer-1] INFO is.project3.SaleEventProducer - Sent sale event: SaleEvent{book_id=2, country_id=4, price=28.82774914363948, quantity=10, timestamp=1778783495500}
[kafka-producer-network-thread | producer-1] INFO is.project3.SaleEventProducer - Sent sale event: SaleEvent{book_id=1, country_id=3, price=908.8321575209454, quantity=10, timestamp=1778783495551}
[kafka-producer-network-thread | producer-1] INFO is.project3.SaleEventProducer - Sent sale event: SaleEvent{book_id=5, country_id=4, price=10.966101719190876, quantity=5, timestamp=1778783495601}
[kafka-producer-network-thread | producer-1] INFO is.project3.SaleEventProducer - Sent sale event: SaleEvent{book_id=3, country_id=5, price=81.88997187150666, quantity=7, timestamp=1778783495652}
[kafka-producer-network-thread | producer-1] INFO is.project3.SaleEventProducer - Sent sale event: SaleEvent{book_id=2, country_id=1, price=27.468589427391578, quantity=9, timestamp=1778783495702}
[kafka-producer-network-thread | producer-1] INFO is.project3.SaleEventProducer - Sent sale event: SaleEvent{book_id=2, country_id=2, price=27.526765724142734, quantity=3, timestamp=1778783495753}
[kafka-producer-network-thread | producer-1] INFO is.project3.SaleEventProducer - Sent sale event: SaleEvent{book_id=5, country_id=3, price=10.149868876254544, quantity=4, timestamp=1778783495804}
[kafka-producer-network-thread | producer-1] INFO is.project3.SaleEventProducer - Sent sale event: SaleEvent{book_id=3, country_id=4, price=78.45326490697758, quantity=5, timestamp=1778783496357}
[kafka-producer-network-thread | producer-1] INFO is.project3.SaleEventProducer - Sent sale event: SaleEvent{book_id=5, country_id=3, price=10.592321410065807, quantity=5, timestamp=1778783493596}
[kafka-producer-network-thread | producer-1] INFO is.project3.SaleEventProducer - Sent sale event: SaleEvent{book_id=3, country_id=5, price=80.26666076864798, quantity=5, timestamp=1778783493647}
[kafka-producer-network-thread | producer-1] INFO is.project3.SaleEventProducer - Sent sale event: SaleEvent{book_id=4, country_id=1, price=310.32226639343725, quantity=2, timestamp=1778783493701}
[kafka-producer-network-thread | producer-1] INFO is.project3.SaleEventProducer - Sent sale event: SaleEvent{book_id=2, country_id=5, price=29.47667029305394, quantity=2, timestamp=1778783493752}
[kafka-producer-network-thread | producer-1] INFO is.project3.SaleEventProducer - Sent sale event: SaleEvent{book_id=5, country_id=1, price=10.77955956316481, quantity=7, timestamp=1778783493802}
[kafka-producer-network-thread | producer-1] INFO is.project3.SaleEventProducer - Sent sale event: SaleEvent{book_id=4, country_id=4, price=276.20475299151235, quantity=7, timestamp=1778783493852}
[kafka-producer-network-thread | producer-1] INFO is.project3.SaleEventProducer - Sent sale event: SaleEvent{book_id=3, country_id=3, price=76.59236532508687, quantity=7, timestamp=1778783493903}
[kafka-producer-network-thread | producer-1] INFO is.project3.SaleEventProducer - Sent sale event: SaleEvent{book_id=2, country_id=4, price=31.088541009272657, quantity=10, timestamp=1778783493953}
[kafka-producer-network-thread | producer-1] INFO is.project3.SaleEventProducer - Sent sale event: SaleEvent{book_id=3, country_id=3, price=78.44202810308087, quantity=2, timestamp=1778783494004}
[kafka-producer-network-thread | producer-1] INFO is.project3.SaleEventProducer - Sent sale event: SaleEvent{book_id=5, country_id=4, price=10.01022826233299, quantity=10, timestamp=1778783494054}
[kafka-producer-network-thread | producer-1] INFO is.project3.SaleEventProducer - Sent sale event: SaleEvent{book_id=5, country_id=4, price=10.530725068644943, quantity=10, timestamp=1778783494104}
[kafka-producer-network-thread | producer-1] INFO is.project3.SaleEventProducer - Sent sale event: SaleEvent{book_id=5, country_id=5, price=10.763959470303659, quantity=10, timestamp=1778783494155}
[kafka-producer-network-thread | producer-1] INFO is.project3.SaleEventProducer - Sent sale event: SaleEvent{book_id=4, country_id=5, price=291.16062675807, quantity=1, timestamp=1778783494206}
[kafka-producer-network-thread | producer-1] INFO is.project3.SaleEventProducer - Sent sale event: SaleEvent{book_id=4, country_id=1, price=320.01879714048397, quantity=2, timestamp=1778783494256}
[kafka-producer-network-thread | producer-1] INFO is.project3.SaleEventProducer - Sent sale event: SaleEvent{book_id=4, country_id=2, price=311.66681240272686, quantity=5, timestamp=1778783494307}
[kafka-producer-network-thread | producer-1] INFO is.project3.SaleEventProducer - Sent sale event: SaleEvent{book_id=3, country_id=4, price=82.86160321921729, quantity=4, timestamp=1778783494358}
[kafka-producer-network-thread | producer-1] INFO is.project3.SaleEventProducer - Sent sale event: SaleEvent{book_id=3, country_id=2, price=73.11727827906577, quantity=6, timestamp=1778783494408}
[kafka-producer-network-thread | producer-1] INFO is.project3.SaleEventProducer - Sent sale event: SaleEvent{book_id=4, country_id=2, price=314.5014624396471, quantity=10, timestamp=1778783494459}
[kafka-producer-network-thread | producer-1] INFO is.project3.SaleEventProducer - Sent sale event: SaleEvent{book_id=5, country_id=2, price=9.462623854472945, quantity=2, timestamp=1778783494510}
[kafka-producer-network-thread | producer-1] INFO is.project3.SaleEventProducer - Sent sale event: SaleEvent{book_id=1, country_id=5, price=899.1695960470081, quantity=7, timestamp=1778783494562}
[kafka-producer-network-thread | producer-1] INFO is.project3.SaleEventProducer - Sent sale event: SaleEvent{book_id=1, country_id=2, price=810.1104938355351, quantity=7, timestamp=1778783494612}
[kafka-producer-network-thread | producer-1] INFO is.project3.SaleEventProducer - Sent sale event: SaleEvent{book_id=3, country_id=5, price=74.17963773717177, quantity=1, timestamp=1778783494662}
[kafka-producer-network-thread | producer-1] INFO is.project3.SaleEventProducer - Sent sale event: SaleEvent{book_id=1, country_id=4, price=958.3647819852966, quantity=1, timestamp=1778783494714}
[kafka-producer-network-thread | producer-1] INFO is.project3.SaleEventProducer - Sent sale event: SaleEvent{book_id=1, country_id=4, price=910.6167253244992, quantity=10, timestamp=1778783494764}
[kafka-producer-network-thread | producer-1] INFO is.project3.SaleEventProducer - Sent sale event: SaleEvent{book_id=4, country_id=1, price=298.4503204108953, quantity=6, timestamp=1778783494814}
[kafka-producer-network-thread | producer-1] INFO is.project3.SaleEventProducer - Sent sale event: SaleEvent{book_id=5, country_id=1, price=9.831069631247216, quantity=10, timestamp=1778783494866}
[kafka-producer-network-thread | producer-1] INFO is.project3.SaleEventProducer - Sent sale event: SaleEvent{book_id=3, country_id=3, price=73.66753966512397, quantity=7, timestamp=1778783494916}
[kafka-producer-network-thread | producer-1] INFO is.project3.SaleEventProducer - Sent sale event: SaleEvent{book_id=4, country_id=5, price=311.72644013168224, quantity=6, timestamp=1778783494967}
[kafka-producer-network-thread | producer-1] INFO is.project3.SaleEventProducer - Sent sale event: SaleEvent{book_id=5, country_id=1, price=10.162413103050769, quantity=8, timestamp=1778783495018}
[kafka-producer-network-thread | producer-1] INFO is.project3.SaleEventProducer - Sent sale event: SaleEvent{book_id=4, country_id=3, price=309.0851862975852, quantity=2, timestamp=1778783495068}
[kafka-producer-network-thread | producer-1] INFO is.project3.SaleEventProducer - Sent sale event: SaleEvent{book_id=1, country_id=1, price=936.715579771784, quantity=10, timestamp=1778783495119}
[kafka-producer-network-thread | producer-1] INFO is.project3.SaleEventProducer - Sent sale event: SaleEvent{book_id=5, country_id=4, price=9.055509043805236, quantity=7, timestamp=1778783495170}
[kafka-producer-network-thread | producer-1] INFO is.project3.SaleEventProducer - Sent sale event: SaleEvent{book_id=4, country_id=1, price=323.1846363062618, quantity=5, timestamp=1778783495221}
[kafka-producer-network-thread | producer-1] INFO is.project3.SaleEventProducer - Sent sale event: SaleEvent{book_id=2, country_id=5, price=28.760088873679862, quantity=1, timestamp=1778783495272}
[kafka-producer-network-thread | producer-1] INFO is.project3.SaleEventProducer - Sent sale event: SaleEvent{book_id=4, country_id=1, price=301.3585773074927, quantity=5, timestamp=1778783495322}
[kafka-producer-network-thread | producer-1] INFO is.project3.SaleEventProducer - Sent sale event: SaleEvent{book_id=4, country_id=5, price=274.2149968272741, quantity=5, timestamp=1778783495372}
[kafka-producer-network-thread | producer-1] INFO is.project3.SaleEventProducer - Sent sale event: SaleEvent{book_id=4, country_id=1, price=308.74719877217177, quantity=9, timestamp=1778783495423}
[kafka-producer-network-thread | producer-1] INFO is.project3.SaleEventProducer - Sent sale event: SaleEvent{book_id=2, country_id=4, price=28.860890747175375, quantity=1, timestamp=1778783495473}
[kafka-producer-network-thread | producer-1] INFO is.project3.SaleEventProducer - Sent sale event: SaleEvent{book_id=2, country_id=4, price=28.179548045643557, quantity=3, timestamp=1778783495524}
[kafka-producer-network-thread | producer-1] INFO is.project3.SaleEventProducer - Sent sale event: SaleEvent{book_id=1, country_id=2, price=873.6876678823115, quantity=2, timestamp=1778783495574}
[kafka-producer-network-thread | producer-1] INFO is.project3.SaleEventProducer - Sent sale event: SaleEvent{book_id=3, country_id=1, price=82.94723517031052, quantity=6, timestamp=1778783495625}
[kafka-producer-network-thread | producer-1] INFO is.project3.SaleEventProducer - Sent sale event: SaleEvent{book_id=4, country_id=3, price=309.5780714985018, quantity=6, timestamp=1778783495675}
[kafka-producer-network-thread | producer-1] INFO is.project3.SaleEventProducer - Sent sale event: SaleEvent{book_id=3, country_id=3, price=78.98095273095524, quantity=10, timestamp=1778783495727}
[kafka-producer-network-thread | producer-1] INFO is.project3.SaleEventProducer - Sent sale event: SaleEvent{book_id=2, country_id=4, price=31.06661139186517, quantity=8, timestamp=1778783495778}
[kafka-producer-network-thread | producer-1] INFO is.project3.SaleEventProducer - Sent sale event: SaleEvent{book_id=5, country_id=5, price=8.998151898432116, quantity=3, timestamp=1778783495829}
[kafka-producer-network-thread | producer-1] INFO is.project3.SaleEventProducer - Sent sale event: SaleEvent{book_id=5, country_id=5, price=10.705670469713942, quantity=10, timestamp=1778783495880}
[kafka-producer-network-thread | producer-1] INFO is.project3.SaleEventProducer - Sent sale event: SaleEvent{book_id=2, country_id=1, price=29.57613266560963, quantity=10, timestamp=1778783495931}
[kafka-producer-network-thread | producer-1] INFO is.project3.SaleEventProducer - Sent sale event: SaleEvent{book_id=5, country_id=2, price=10.330626498725838, quantity=2, timestamp=1778783495985}
[kafka-producer-network-thread | producer-1] INFO is.project3.SaleEventProducer - Sent sale event: SaleEvent{book_id=5, country_id=2, price=9.042663413280906, quantity=6, timestamp=1778783496036}
[kafka-producer-network-thread | producer-1] INFO is.project3.SaleEventProducer - Sent sale event: SaleEvent{book_id=1, country_id=3, price=949.3309841701715, quantity=6, timestamp=1778783496086}
[kafka-producer-network-thread | producer-1] INFO is.project3.SaleEventProducer - Sent sale event: SaleEvent{book_id=3, country_id=5, price=86.26732780135802, quantity=9, timestamp=1778783496137}
[kafka-producer-network-thread | producer-1] INFO is.project3.SaleEventProducer - Sent sale event: SaleEvent{book_id=3, country_id=1, price=79.94536854723474, quantity=1, timestamp=1778783496189}
[kafka-producer-network-thread | producer-1] INFO is.project3.SaleEventProducer - Sent sale event: SaleEvent{book_id=2, country_id=2, price=28.059632508736463, quantity=10, timestamp=1778783496239}
[kafka-producer-network-thread | producer-1] INFO is.project3.SaleEventProducer - Sent sale event: SaleEvent{book_id=2, country_id=4, price=31.446642410420754, quantity=4, timestamp=1778783496291}
[kafka-producer-network-thread | producer-1] INFO is.project3.SaleEventProducer - Sent sale event: SaleEvent{book_id=2, country_id=3, price=27.59057354728877, quantity=9, timestamp=1778783496342}
[kafka-producer-network-thread | producer-1] INFO is.project3.SaleEventProducer - Sent sale event: SaleEvent{book_id=4, country_id=3, price=301.75117439895587, quantity=2, timestamp=1778783496394}
[kafka-producer-network-thread | producer-1] INFO is.project3.SaleEventProducer - Sent sale event: SaleEvent{book_id=2, country_id=5, price=31.39747485746771, quantity=10, timestamp=1778783496445}
[kafka-producer-network-thread | producer-1] INFO is.project3.SaleEventProducer - Sent sale event: SaleEvent{book_id=5, country_id=3, price=9.417184861201964, quantity=2, timestamp=1778783496496}
[kafka-producer-network-thread | producer-1] INFO is.project3.SaleEventProducer - Sent sale event: SaleEvent{book_id=5, country_id=1, price=9.01217994317118, quantity=1, timestamp=1778783496547}
[kafka-producer-network-thread | producer-1] INFO is.project3.SaleEventProducer - Sent sale event: SaleEvent{book_id=3, country_id=1, price=87.31006123262654, quantity=7, timestamp=1778783496598}
[kafka-producer-network-thread | producer-1] INFO is.project3.SaleEventProducer - Sent sale event: SaleEvent{book_id=2, country_id=2, price=30.150838551360046, quantity=2, timestamp=1778783496650}
[kafka-producer-network-thread | producer-1] INFO is.project3.SaleEventProducer - Sent sale event: SaleEvent{book_id=5, country_id=1, price=9.767534037816722, quantity=5, timestamp=1778783496701}
[kafka-producer-network-thread | producer-1] INFO is.project3.SaleEventProducer - Sent sale event: SaleEvent{book_id=4, country_id=1, price=273.9486034127872, quantity=2, timestamp=1778783496751}
[kafka-producer-network-thread | producer-1] INFO is.project3.SaleEventProducer - Sent sale event: SaleEvent{book_id=2, country_id=5, price=30.958023656255182, quantity=2, timestamp=1778783496804}
[kafka-producer-network-thread | producer-1] INFO is.project3.SaleEventProducer - Sent sale event: SaleEvent{book_id=5, country_id=5, price=10.72310292482114, quantity=9, timestamp=1778783496857}
[kafka-producer-network-thread | producer-1] INFO is.project3.SaleEventProducer - Sent sale event: SaleEvent{book_id=3, country_id=4, price=80.1785089900214, quantity=1, timestamp=1778783496908}
[kafka-producer-network-thread | producer-1] INFO is.project3.SaleEventProducer - Sent sale event: SaleEvent{book_id=3, country_id=1, price=72.1741579220234, quantity=8, timestamp=1778783496959}
[kafka-producer-network-thread | producer-1] INFO is.project3.SaleEventProducer - Sent sale event: SaleEvent{book_id=2, country_id=4, price=28.916749376706807, quantity=10, timestamp=1778783497011}
[kafka-producer-network-thread | producer-1] INFO is.project3.SaleEventProducer - Sent sale event: SaleEvent{book_id=5, country_id=1, price=9.362604668238768, quantity=1, timestamp=1778783497061}
[kafka-producer-network-thread | producer-1] INFO is.project3.SaleEventProducer - Sent sale event: SaleEvent{book_id=2, country_id=5, price=27.75564324379221, quantity=7, timestamp=1778783497112}
[kafka-producer-network-thread | producer-1] INFO is.project3.SaleEventProducer - Sent sale event: SaleEvent{book_id=5, country_id=4, price=9.69315983057388, quantity=6, timestamp=1778783497163}
[kafka-producer-network-thread | producer-1] INFO is.project3.SaleEventProducer - Sent sale event: SaleEvent{book_id=4, country_id=2, price=299.14660028990687, quantity=6, timestamp=1778783497215}
[kafka-producer-network-thread | producer-1] INFO is.project3.SaleEventProducer - Sent sale event: SaleEvent{book_id=2, country_id=2, price=31.27645441138321, quantity=4, timestamp=1778783497266}
[kafka-producer-network-thread | producer-1] INFO is.project3.SaleEventProducer - Sent sale event: SaleEvent{book_id=1, country_id=4, price=913.8634113573598, quantity=5, timestamp=1778783497316}
[kafka-producer-network-thread | producer-1] INFO is.project3.SaleEventProducer - Sent sale event: SaleEvent{book_id=3, country_id=4, price=73.43738928572175, quantity=4, timestamp=1778783497366}
[kafka-producer-network-thread | producer-1] INFO is.project3.SaleEventProducer - Sent sale event: SaleEvent{book_id=1, country_id=1, price=954.1824191420479, quantity=7, timestamp=1778783497417}
[kafka-producer-network-thread | producer-1] INFO is.project3.SaleEventProducer - Sent sale event: SaleEvent{book_id=1, country_id=5, price=902.7385033254293, quantity=9, timestamp=1778783497468}
[kafka-producer-network-thread | producer-1] INFO is.project3.SaleEventProducer - Sent sale event: SaleEvent{book_id=3, country_id=2, price=76.40205793405794, quantity=1, timestamp=1778783497518}
[kafka-producer-network-thread | producer-1] INFO is.project3.SaleEventProducer - Sent sale event: SaleEvent{book_id=2, country_id=3, price=27.444421819516684, quantity=8, timestamp=1778783497569}
[kafka-producer-network-thread | producer-1] INFO is.project3.SaleEventProducer - Sent sale event: SaleEvent{book_id=2, country_id=4, price=27.881961389680555, quantity=9, timestamp=1778783497619}
[kafka-producer-network-thread | producer-1] INFO is.project3.SaleEventProducer - Sent sale event: SaleEvent{book_id=2, country_id=2, price=28.45470568952574, quantity=1, timestamp=1778783497670}
[kafka-producer-network-thread | producer-1] INFO is.project3.SaleEventProducer - Sent sale event: SaleEvent{book_id=4, country_id=1, price=315.5402155741747, quantity=5, timestamp=1778783497720}
[kafka-producer-network-thread | producer-1] INFO is.project3.SaleEventProducer - Sent sale event: SaleEvent{book_id=5, country_id=4, price=10.117226905405792, quantity=3, timestamp=1778783497771}
[kafka-producer-network-thread | producer-1] INFO is.project3.SaleEventProducer - Sent sale event: SaleEvent{book_id=5, country_id=1, price=9.275249915620881, quantity=6, timestamp=1778783497822}
[kafka-producer-network-thread | producer-1] INFO is.project3.SaleEventProducer - Sent sale event: SaleEvent{book_id=4, country_id=3, price=317.735246235928, quantity=9, timestamp=1778783497872}
[kafka-producer-network-thread | producer-1] INFO is.project3.SaleEventProducer - Sent sale event: SaleEvent{book_id=4, country_id=2, price=313.5378743543722, quantity=1, timestamp=1778783497922}
[kafka-producer-network-thread | producer-1] INFO is.project3.SaleEventProducer - Sent sale event: SaleEvent{book_id=5, country_id=1, price=10.813938193277705, quantity=10, timestamp=1778783497973}
[kafka-producer-network-thread | producer-1] INFO is.project3.SaleEventProducer - Sent sale event: SaleEvent{book_id=2, country_id=3, price=28.781077950638664, quantity=1, timestamp=1778783498023}
[kafka-producer-network-thread | producer-1] INFO is.project3.SaleEventProducer - Sent sale event: SaleEvent{book_id=2, country_id=2, price=27.49958345505338, quantity=3, timestamp=1778783498074}
[kafka-producer-network-thread | producer-1] INFO is.project3.SaleEventProducer - Sent sale event: SaleEvent{book_id=2, country_id=2, price=27.85223183361183, quantity=8, timestamp=1778783498124}
[kafka-producer-network-thread | producer-1] INFO is.project3.SaleEventProducer - Sent sale event: SaleEvent{book_id=4, country_id=5, price=297.1661678507718, quantity=4, timestamp=1778783498174}
[kafka-producer-network-thread | producer-1] INFO is.project3.SaleEventProducer - Sent sale event: SaleEvent{book_id=2, country_id=3, price=30.770581708557557, quantity=2, timestamp=1778783498225}
[kafka-producer-network-thread | producer-1] INFO is.project3.SaleEventProducer - Sent sale event: SaleEvent{book_id=3, country_id=5, price=78.21916125749102, quantity=9, timestamp=1778783498275}
[kafka-producer-network-thread | producer-1] INFO is.project3.SaleEventProducer - Sent sale event: SaleEvent{book_id=1, country_id=2, price=833.813519833569, quantity=10, timestamp=1778783498327}
[kafka-producer-network-thread | producer-1] INFO is.project3.SaleEventProducer - Sent sale event: SaleEvent{book_id=4, country_id=2, price=292.0837643726391, quantity=6, timestamp=1778783498378}
[kafka-producer-network-thread | producer-1] INFO is.project3.SaleEventProducer - Sent sale event: SaleEvent{book_id=2, country_id=4, price=28.42766445548735, quantity=4, timestamp=1778783498429}
[kafka-producer-network-thread | producer-1] INFO is.project3.SaleEventProducer - Sent sale event: SaleEvent{book_id=2, country_id=4, price=28.27035662567139, quantity=9, timestamp=1778783498481}
[kafka-producer-network-thread | producer-1] INFO is.project3.SaleEventProducer - Sent sale event: SaleEvent{book_id=2, country_id=3, price=30.602824525233586, quantity=4, timestamp=1778783498532}
[kafka-producer-network-thread | producer-1] INFO is.project3.SaleEventProducer - Sent sale event: SaleEvent{book_id=5, country_id=3, price=10.183152768776367, quantity=10, timestamp=1778783498583}
[kafka-producer-network-thread | producer-1] INFO is.project3.SaleEventProducer - Sent sale event: SaleEvent{book_id=5, country_id=1, price=9.645538852639504, quantity=3, timestamp=1778783498634}
[kafka-producer-network-thread | producer-1] INFO is.project3.SaleEventProducer - Sent sale event: SaleEvent{book_id=3, country_id=1, price=78.7912842196349, quantity=7, timestamp=1778783498684}
[kafka-producer-network-thread | producer-1] INFO is.project3.SaleEventProducer - Sent sale event: SaleEvent{book_id=3, country_id=4, price=76.03986494837415, quantity=6, timestamp=1778783498735}
[kafka-producer-network-thread | producer-1] INFO is.project3.SaleEventProducer - Sent sale event: SaleEvent{book_id=4, country_id=1, price=302.7029016623984, quantity=2, timestamp=1778783498786}
[kafka-producer-network-thread | producer-1] INFO is.project3.SaleEventProducer - Sent sale event: SaleEvent{book_id=4, country_id=2, price=302.75682167125, quantity=6, timestamp=1778783498836}
[kafka-producer-network-thread | producer-1] INFO is.project3.SaleEventProducer - Sent sale event: SaleEvent{book_id=1, country_id=1, price=885.9277685617851, quantity=10, timestamp=1778783498888}
[kafka-producer-network-thread | producer-1] INFO is.project3.SaleEventProducer - Sent sale event: SaleEvent{book_id=2, country_id=5, price=29.28953246799536, quantity=4, timestamp=1778783498939}
[kafka-producer-network-thread | producer-1] INFO is.project3.SaleEventProducer - Sent sale event: SaleEvent{book_id=1, country_id=2, price=890.2930990402203, quantity=8, timestamp=1778783498990}
[kafka-producer-network-thread | producer-1] INFO is.project3.SaleEventProducer - Sent sale event: SaleEvent{book_id=1, country_id=3, price=933.0218950896987, quantity=7, timestamp=1778783499041}
[kafka-producer-network-thread | producer-1] INFO is.project3.SaleEventProducer - Sent sale event: SaleEvent{book_id=1, country_id=2, price=872.3939334792714, quantity=9, timestamp=1778783499092}
[kafka-producer-network-thread | producer-1] INFO is.project3.SaleEventProducer - Sent sale event: SaleEvent{book_id=2, country_id=2, price=28.5940440028982, quantity=2, timestamp=1778783499142}
[kafka-producer-network-thread | producer-1] INFO is.project3.SaleEventProducer - Sent sale event: SaleEvent{book_id=3, country_id=1, price=73.26178255376584, quantity=8, timestamp=1778783499192}
[kafka-producer-network-thread | producer-1] INFO is.project3.SaleEventProducer - Sent sale event: SaleEvent{book_id=3, country_id=4, price=83.58407099117498, quantity=5, timestamp=1778783499244}
[kafka-producer-network-thread | producer-1] INFO is.project3.SaleEventProducer - Sent sale event: SaleEvent{book_id=3, country_id=4, price=80.02374596116486, quantity=5, timestamp=1778783499296}
[kafka-producer-network-thread | producer-1] INFO is.project3.SaleEventProducer - Sent sale event: SaleEvent{book_id=5, country_id=4, price=10.090272311709663, quantity=9, timestamp=1778783499346}
[kafka-producer-network-thread | producer-1] INFO is.project3.SaleEventProducer - Sent sale event: SaleEvent{book_id=4, country_id=1, price=325.8792872271018, quantity=2, timestamp=1778783499398}
[kafka-producer-network-thread | producer-1] INFO is.project3.SaleEventProducer - Sent sale event: SaleEvent{book_id=3, country_id=2, price=80.59665929614607, quantity=7, timestamp=1778783499449}
[kafka-producer-network-thread | producer-1] INFO is.project3.SaleEventProducer - Sent sale event: SaleEvent{book_id=3, country_id=3, price=77.20567151398544, quantity=6, timestamp=1778783499501}
[kafka-producer-network-thread | producer-1] INFO is.project3.SaleEventProducer - Sent sale event: SaleEvent{book_id=2, country_id=3, price=32.61892891850854, quantity=4, timestamp=1778783499552}
[kafka-producer-network-thread | producer-1] INFO is.project3.SaleEventProducer - Sent sale event: SaleEvent{book_id=3, country_id=5, price=81.98936219806518, quantity=2, timestamp=1778783499604}
[kafka-producer-network-thread | producer-1] INFO is.project3.SaleEventProducer - Sent sale event: SaleEvent{book_id=2, country_id=3, price=27.125721053873143, quantity=9, timestamp=1778783499656}
[kafka-producer-network-thread | producer-1] INFO is.project3.SaleEventProducer - Sent sale event: SaleEvent{book_id=1, country_id=5, price=958.5915815329474, quantity=7, timestamp=1778783499708}
[kafka-producer-network-thread | producer-1] INFO is.project3.SaleEventProducer - Sent sale event: SaleEvent{book_id=1, country_id=1, price=879.9052093136225, quantity=6, timestamp=1778783499761}
[kafka-producer-network-thread | producer-1] INFO is.project3.SaleEventProducer - Sent sale event: SaleEvent{book_id=3, country_id=2, price=74.6773330822837, quantity=10, timestamp=1778783499812}
[kafka-producer-network-thread | producer-1] INFO is.project3.SaleEventProducer - Sent sale event: SaleEvent{book_id=5, country_id=3, price=10.908399991926093, quantity=5, timestamp=1778783499863}
[kafka-producer-network-thread | producer-1] INFO is.project3.SaleEventProducer - Sent sale event: SaleEvent{book_id=1, country_id=3, price=923.0681696622086, quantity=9, timestamp=1778783499916}
[kafka-producer-network-thread | producer-1] INFO is.project3.SaleEventProducer - Sent sale event: SaleEvent{book_id=5, country_id=2, price=9.615607292234497, quantity=1, timestamp=1778783499967}
[kafka-producer-network-thread | producer-1] INFO is.project3.SaleEventProducer - Sent sale event: SaleEvent{book_id=1, country_id=1, price=916.3923170843948, quantity=2, timestamp=1778783500018}
[kafka-producer-network-thread | producer-1] INFO is.project3.SaleEventProducer - Sent sale event: SaleEvent{book_id=5, country_id=5, price=9.064377294693672, quantity=1, timestamp=1778783500070}
[kafka-producer-network-thread | producer-1] INFO is.project3.SaleEventProducer - Sent sale event: SaleEvent{book_id=4, country_id=3, price=309.6689428760669, quantity=4, timestamp=1778783500121}
[kafka-producer-network-thread | producer-1] INFO is.project3.SaleEventProducer - Sent sale event: SaleEvent{book_id=5, country_id=1, price=10.968438506712648, quantity=5, timestamp=1778783500172}
[kafka-producer-network-thread | producer-1] INFO is.project3.SaleEventProducer - Sent sale event: SaleEvent{book_id=5, country_id=3, price=9.611485978915082, quantity=3, timestamp=1778783500222}
[kafka-producer-network-thread | producer-1] INFO is.project3.SaleEventProducer - Sent sale event: SaleEvent{book_id=3, country_id=3, price=76.70519650320242, quantity=3, timestamp=1778783500274}
[kafka-producer-network-thread | producer-1] INFO is.project3.SaleEventProducer - Sent sale event: SaleEvent{book_id=4, country_id=3, price=299.9786367971471, quantity=3, timestamp=1778783500324}
[kafka-producer-network-thread | producer-1] INFO is.project3.SaleEventProducer - Sent sale event: SaleEvent{book_id=5, country_id=1, price=9.496466279560465, quantity=1, timestamp=1778783500377}
[kafka-producer-network-thread | producer-1] INFO is.project3.SaleEventProducer - Sent sale event: SaleEvent{book_id=3, country_id=3, price=85.32104224728336, quantity=4, timestamp=1778783500427}
[kafka-producer-network-thread | producer-1] INFO is.project3.SaleEventProducer - Sent sale event: SaleEvent{book_id=4, country_id=5, price=291.5852112390541, quantity=4, timestamp=1778783500480}
[kafka-producer-network-thread | producer-1] INFO is.project3.SaleEventProducer - Sent sale event: SaleEvent{book_id=5, country_id=4, price=9.257164942659115, quantity=10, timestamp=1778783500532}
[kafka-producer-network-thread | producer-1] INFO is.project3.SaleEventProducer - Sent sale event: SaleEvent{book_id=5, country_id=4, price=10.183597335555419, quantity=3, timestamp=1778783500583}
[kafka-producer-network-thread | producer-1] INFO is.project3.SaleEventProducer - Sent sale event: SaleEvent{book_id=4, country_id=1, price=303.876446767002, quantity=10, timestamp=1778783500638}
[kafka-producer-network-thread | producer-1] INFO is.project3.SaleEventProducer - Sent sale event: SaleEvent{book_id=1, country_id=4, price=859.8179634306899, quantity=1, timestamp=1778783500689}
[kafka-producer-network-thread | producer-1] INFO is.project3.SaleEventProducer - Sent sale event: SaleEvent{book_id=2, country_id=2, price=27.229903249075925, quantity=5, timestamp=1778783500744}
[kafka-producer-network-thread | producer-1] INFO is.project3.SaleEventProducer - Sent sale event: SaleEvent{book_id=4, country_id=3, price=299.5408607199847, quantity=10, timestamp=1778783500796}
[kafka-producer-network-thread | producer-1] INFO is.project3.SaleEventProducer - Sent sale event: SaleEvent{book_id=3, country_id=1, price=82.34690607108382, quantity=4, timestamp=1778783500851}
[kafka-producer-network-thread | producer-1] INFO is.project3.SaleEventProducer - Sent sale event: SaleEvent{book_id=3, country_id=2, price=73.78067098974644, quantity=3, timestamp=1778783500905}
[kafka-producer-network-thread | producer-1] INFO is.project3.SaleEventProducer - Sent sale event: SaleEvent{book_id=3, country_id=4, price=75.0246598591148, quantity=8, timestamp=1778783500956}
[kafka-producer-network-thread | producer-1] INFO is.project3.SaleEventProducer - Sent sale event: SaleEvent{book_id=5, country_id=1, price=10.876620449653867, quantity=10, timestamp=1778783501006}
[kafka-producer-network-thread | producer-1] INFO is.project3.SaleEventProducer - Sent sale event: SaleEvent{book_id=2, country_id=5, price=28.247716171825157, quantity=8, timestamp=1778783501057}
[kafka-producer-network-thread | producer-1] INFO is.project3.SaleEventProducer - Sent sale event: SaleEvent{book_id=1, country_id=5, price=820.409218382659, quantity=5, timestamp=1778783501108}
[kafka-producer-network-thread | producer-1] INFO is.project3.SaleEventProducer - Sent sale event: SaleEvent{book_id=5, country_id=5, price=10.621160673707788, quantity=3, timestamp=1778783501159}
[kafka-producer-network-thread | producer-1] INFO is.project3.SaleEventProducer - Sent sale event: SaleEvent{book_id=2, country_id=1, price=27.376145430286552, quantity=1, timestamp=1778783501210}
[kafka-producer-network-thread | producer-1] INFO is.project3.SaleEventProducer - Sent sale event: SaleEvent{book_id=5, country_id=4, price=10.43779244108523, quantity=6, timestamp=1778783501261}
[kafka-producer-network-thread | producer-1] INFO is.project3.SaleEventProducer - Sent sale event: SaleEvent{book_id=5, country_id=2, price=10.698313582309144, quantity=4, timestamp=1778783501312}
[kafka-producer-network-thread | producer-1] INFO is.project3.SaleEventProducer - Sent sale event: SaleEvent{book_id=5, country_id=2, price=9.659082045299398, quantity=3, timestamp=1778783501362}
[kafka-producer-network-thread | producer-1] INFO is.project3.SaleEventProducer - Sent sale event: SaleEvent{book_id=1, country_id=3, price=946.830080573064, quantity=8, timestamp=1778783501412}
[kafka-producer-network-thread | producer-1] INFO is.project3.SaleEventProducer - Sent sale event: SaleEvent{book_id=1, country_id=2, price=900.1824485024056, quantity=7, timestamp=1778783501463}
[kafka-producer-network-thread | producer-1] INFO is.project3.SaleEventProducer - Sent sale event: SaleEvent{book_id=4, country_id=4, price=302.9692290528492, quantity=8, timestamp=1778783501513}
[kafka-producer-network-thread | producer-1] INFO is.project3.SaleEventProducer - Sent sale event: SaleEvent{book_id=5, country_id=4, price=10.365880407807927, quantity=8, timestamp=1778783501564}
[kafka-producer-network-thread | producer-1] INFO is.project3.SaleEventProducer - Sent sale event: SaleEvent{book_id=4, country_id=4, price=324.67346488825586, quantity=5, timestamp=1778783501614}
[kafka-producer-network-thread | producer-1] INFO is.project3.SaleEventProducer - Sent sale event: SaleEvent{book_id=3, country_id=4, price=82.86979897722107, quantity=9, timestamp=1778783501665}
[kafka-producer-network-thread | producer-1] INFO is.project3.SaleEventProducer - Sent sale event: SaleEvent{book_id=2, country_id=2, price=27.361850849632727, quantity=4, timestamp=1778783501715}
[kafka-producer-network-thread | producer-1] INFO is.project3.SaleEventProducer - Sent sale event: SaleEvent{book_id=2, country_id=5, price=27.888981527851406, quantity=4, timestamp=1778783501766}
[kafka-producer-network-thread | producer-1] INFO is.project3.SaleEventProducer - Sent sale event: SaleEvent{book_id=1, country_id=1, price=959.1570851845049, quantity=9, timestamp=1778783501816}
[kafka-producer-network-thread | producer-1] INFO is.project3.SaleEventProducer - Sent sale event: SaleEvent{book_id=5, country_id=4, price=9.968630929491209, quantity=3, timestamp=1778783501868}
[kafka-producer-network-thread | producer-1] INFO is.project3.SaleEventProducer - Sent sale event: SaleEvent{book_id=5, country_id=2, price=10.06664248352437, quantity=9, timestamp=1778783501918}
[kafka-producer-network-thread | producer-1] INFO is.project3.SaleEventProducer - Sent sale event: SaleEvent{book_id=2, country_id=5, price=29.48382732257586, quantity=7, timestamp=1778783501969}
[kafka-producer-network-thread | producer-1] INFO is.project3.SaleEventProducer - Sent sale event: SaleEvent{book_id=5, country_id=3, price=9.421776384642381, quantity=6, timestamp=1778783502020}
[kafka-producer-network-thread | producer-1] INFO is.project3.SaleEventProducer - Sent sale event: SaleEvent{book_id=5, country_id=1, price=9.791762964674987, quantity=7, timestamp=1778783502071}
[kafka-producer-network-thread | producer-1] INFO is.project3.SaleEventProducer - Sent sale event: SaleEvent{book_id=4, country_id=2, price=271.5345529473583, quantity=10, timestamp=1778783502123}
[kafka-producer-network-thread | producer-1] INFO is.project3.SaleEventProducer - Sent sale event: SaleEvent{book_id=2, country_id=2, price=31.974078757913375, quantity=3, timestamp=1778783502174}
[kafka-producer-network-thread | producer-1] INFO is.project3.SaleEventProducer - Sent sale event: SaleEvent{book_id=5, country_id=3, price=9.938605195379823, quantity=8, timestamp=1778783502226}
[kafka-producer-network-thread | producer-1] INFO is.project3.SaleEventProducer - Sent sale event: SaleEvent{book_id=4, country_id=1, price=275.9867899887111, quantity=10, timestamp=1778783502277}
[kafka-producer-network-thread | producer-1] INFO is.project3.SaleEventProducer - Sent sale event: SaleEvent{book_id=3, country_id=3, price=82.07268695816137, quantity=4, timestamp=1778783502328}
[kafka-producer-network-thread | producer-1] INFO is.project3.SaleEventProducer - Sent sale event: SaleEvent{book_id=3, country_id=2, price=74.17207087071296, quantity=9, timestamp=1778783502378}
[kafka-producer-network-thread | producer-1] INFO is.project3.SaleEventProducer - Sent sale event: SaleEvent{book_id=3, country_id=2, price=79.84931542953466, quantity=1, timestamp=1778783502429}
[kafka-producer-network-thread | producer-1] INFO is.project3.SaleEventProducer - Sent sale event: SaleEvent{book_id=1, country_id=3, price=937.4716684496052, quantity=6, timestamp=1778783502479}
[kafka-producer-network-thread | producer-1] INFO is.project3.SaleEventProducer - Sent sale event: SaleEvent{book_id=3, country_id=3, price=85.07240705693859, quantity=1, timestamp=1778783502530}
[kafka-producer-network-thread | producer-1] INFO is.project3.SaleEventProducer - Sent sale event: SaleEvent{book_id=4, country_id=5, price=272.7324702033614, quantity=3, timestamp=1778783502580}
[kafka-producer-network-thread | producer-1] INFO is.project3.SaleEventProducer - Sent sale event: SaleEvent{book_id=3, country_id=1, price=74.39012954172328, quantity=8, timestamp=1778783502631}
[kafka-producer-network-thread | producer-1] INFO is.project3.SaleEventProducer - Sent sale event: SaleEvent{book_id=4, country_id=5, price=288.8046516907685, quantity=7, timestamp=1778783502681}
[kafka-producer-network-thread | producer-1] INFO is.project3.SaleEventProducer - Sent sale event: SaleEvent{book_id=2, country_id=5, price=28.29133241770457, quantity=3, timestamp=1778783502732}
[kafka-producer-network-thread | producer-1] INFO is.project3.SaleEventProducer - Sent sale event: SaleEvent{book_id=1, country_id=1, price=942.1923369098059, quantity=2, timestamp=1778783502782}
[kafka-producer-network-thread | producer-1] INFO is.project3.SaleEventProducer - Sent sale event: SaleEvent{book_id=4, country_id=5, price=317.4075167546749, quantity=9, timestamp=1778783502832}
[kafka-producer-network-thread | producer-1] INFO is.project3.SaleEventProducer - Sent sale event: SaleEvent{book_id=3, country_id=5, price=84.6374119134864, quantity=7, timestamp=1778783502883}
[kafka-producer-network-thread | producer-1] INFO is.project3.SaleEventProducer - Sent sale event: SaleEvent{book_id=2, country_id=4, price=31.16954817566112, quantity=5, timestamp=1778783502933}
[kafka-producer-network-thread | producer-1] INFO is.project3.SaleEventProducer - Sent sale event: SaleEvent{book_id=1, country_id=1, price=888.5011802847804, quantity=5, timestamp=1778783502984}
[kafka-producer-network-thread | producer-1] INFO is.project3.SaleEventProducer - Sent sale event: SaleEvent{book_id=1, country_id=1, price=960.8090402296715, quantity=9, timestamp=1778783503035}
[kafka-producer-network-thread | producer-1] INFO is.project3.SaleEventProducer - Sent sale event: SaleEvent{book_id=1, country_id=1, price=973.1579999642776, quantity=4, timestamp=1778783503087}
[kafka-producer-network-thread | producer-1] INFO is.project3.SaleEventProducer - Sent sale event: SaleEvent{book_id=1, country_id=5, price=865.9038298091803, quantity=6, timestamp=1778783503139}
[kafka-producer-network-thread | producer-1] INFO is.project3.SaleEventProducer - Sent sale event: SaleEvent{book_id=5, country_id=5, price=9.86572626592644, quantity=10, timestamp=1778783503190}
[kafka-producer-network-thread | producer-1] INFO is.project3.SaleEventProducer - Sent sale event: SaleEvent{book_id=4, country_id=5, price=296.1550157528961, quantity=10, timestamp=1778783503244}
[kafka-producer-network-thread | producer-1] INFO is.project3.SaleEventProducer - Sent sale event: SaleEvent{book_id=5, country_id=4, price=9.837837184658, quantity=6, timestamp=1778783503295}
[kafka-producer-network-thread | producer-1] INFO is.project3.SaleEventProducer - Sent sale event: SaleEvent{book_id=3, country_id=2, price=74.47494935511844, quantity=1, timestamp=1778783503345}
[kafka-producer-network-thread | producer-1] INFO is.project3.SaleEventProducer - Sent sale event: SaleEvent{book_id=4, country_id=3, price=328.8711313050379, quantity=6, timestamp=1778783503396}
[kafka-producer-network-thread | producer-1] INFO is.project3.SaleEventProducer - Sent sale event: SaleEvent{book_id=5, country_id=4, price=9.64578532941255, quantity=4, timestamp=1778783503447}
[kafka-producer-network-thread | producer-1] INFO is.project3.SaleEventProducer - Sent sale event: SaleEvent{book_id=1, country_id=2, price=811.3973259560362, quantity=1, timestamp=1778783503499}
[kafka-producer-network-thread | producer-1] INFO is.project3.SaleEventProducer - Sent sale event: SaleEvent{book_id=3, country_id=1, price=76.66699017219925, quantity=8, timestamp=1778783503550}
[kafka-producer-network-thread | producer-1] INFO is.project3.SaleEventProducer - Sent sale event: SaleEvent{book_id=3, country_id=2, price=83.5707151394874, quantity=9, timestamp=1778783503602}
[kafka-producer-network-thread | producer-1] INFO is.project3.SaleEventProducer - Sent sale event: SaleEvent{book_id=3, country_id=1, price=80.94634273776971, quantity=6, timestamp=1778783503652}
[kafka-producer-network-thread | producer-1] INFO is.project3.SaleEventProducer - Sent sale event: SaleEvent{book_id=5, country_id=2, price=9.504099406648292, quantity=1, timestamp=1778783503702}
[kafka-producer-network-thread | producer-1] INFO is.project3.SaleEventProducer - Sent sale event: SaleEvent{book_id=1, country_id=4, price=923.3294439889966, quantity=9, timestamp=1778783503753}
[kafka-producer-network-thread | producer-1] INFO is.project3.SaleEventProducer - Sent sale event: SaleEvent{book_id=5, country_id=1, price=9.511134229523094, quantity=1, timestamp=1778783503803}
[kafka-producer-network-thread | producer-1] INFO is.project3.SaleEventProducer - Sent sale event: SaleEvent{book_id=4, country_id=2, price=273.3612584526402, quantity=7, timestamp=1778783503854}
[kafka-producer-network-thread | producer-1] INFO is.project3.SaleEventProducer - Sent sale event: SaleEvent{book_id=3, country_id=4, price=82.7765805330498, quantity=1, timestamp=1778783503904}
[kafka-producer-network-thread | producer-1] INFO is.project3.SaleEventProducer - Sent sale event: SaleEvent{book_id=4, country_id=1, price=290.1421004006553, quantity=3, timestamp=1778783503955}
[kafka-producer-network-thread | producer-1] INFO is.project3.SaleEventProducer - Sent sale event: SaleEvent{book_id=3, country_id=5, price=84.05402474256431, quantity=1, timestamp=1778783504005}
[kafka-producer-network-thread | producer-1] INFO is.project3.SaleEventProducer - Sent sale event: SaleEvent{book_id=4, country_id=5, price=291.2165499724943, quantity=10, timestamp=1778783504056}
[kafka-producer-network-thread | producer-1] INFO is.project3.SaleEventProducer - Sent sale event: SaleEvent{book_id=4, country_id=5, price=289.61348437643744, quantity=1, timestamp=1778783504106}
[kafka-producer-network-thread | producer-1] INFO is.project3.SaleEventProducer - Sent sale event: SaleEvent{book_id=3, country_id=1, price=84.1863487712011, quantity=7, timestamp=1778783504157}
[kafka-producer-network-thread | producer-1] INFO is.project3.SaleEventProducer - Sent sale event: SaleEvent{book_id=4, country_id=1, price=292.1211635448667, quantity=4, timestamp=1778783504208}
[kafka-producer-network-thread | producer-1] INFO is.project3.SaleEventProducer - Sent sale event: SaleEvent{book_id=2, country_id=1, price=27.557228823475832, quantity=7, timestamp=1778783504258}
[kafka-producer-network-thread | producer-1] INFO is.project3.SaleEventProducer - Sent sale event: SaleEvent{book_id=3, country_id=4, price=84.55956052394083, quantity=2, timestamp=1778783504309}
[kafka-producer-network-thread | producer-1] INFO is.project3.SaleEventProducer - Sent sale event: SaleEvent{book_id=1, country_id=2, price=905.9447738231478, quantity=3, timestamp=1778783504360}
[kafka-producer-network-thread | producer-1] INFO is.project3.SaleEventProducer - Sent sale event: SaleEvent{book_id=1, country_id=3, price=828.7994469483708, quantity=10, timestamp=1778783504410}
[kafka-producer-network-thread | producer-1] INFO is.project3.SaleEventProducer - Sent sale event: SaleEvent{book_id=1, country_id=1, price=877.0248371427698, quantity=6, timestamp=1778783504461}
[kafka-producer-network-thread | producer-1] INFO is.project3.SaleEventProducer - Sent sale event: SaleEvent{book_id=2, country_id=4, price=30.211068684549712, quantity=6, timestamp=1778783504511}
[kafka-producer-network-thread | producer-1] INFO is.project3.SaleEventProducer - Sent sale event: SaleEvent{book_id=4, country_id=4, price=270.15127005975756, quantity=6, timestamp=1778783504562}
[kafka-producer-network-thread | producer-1] INFO is.project3.SaleEventProducer - Sent sale event: SaleEvent{book_id=1, country_id=3, price=966.9749670446524, quantity=6, timestamp=1778783504612}
[kafka-producer-network-thread | producer-1] INFO is.project3.SaleEventProducer - Sent sale event: SaleEvent{book_id=5, country_id=2, price=9.100661258882099, quantity=3, timestamp=1778783504663}
[kafka-producer-network-thread | producer-1] INFO is.project3.SaleEventProducer - Sent sale event: SaleEvent{book_id=4, country_id=3, price=319.48655184650914, quantity=8, timestamp=1778783504713}
[kafka-producer-network-thread | producer-1] INFO is.project3.SaleEventProducer - Sent sale event: SaleEvent{book_id=2, country_id=3, price=30.128382627301015, quantity=2, timestamp=1778783504764}
[kafka-producer-network-thread | producer-1] INFO is.project3.SaleEventProducer - Sent sale event: SaleEvent{book_id=1, country_id=1, price=902.559364332676, quantity=9, timestamp=1778783504814}
[kafka-producer-network-thread | producer-1] INFO is.project3.SaleEventProducer - Sent sale event: SaleEvent{book_id=4, country_id=3, price=294.7332298477149, quantity=4, timestamp=1778783504865}
[kafka-producer-network-thread | producer-1] INFO is.project3.SaleEventProducer - Sent sale event: SaleEvent{book_id=2, country_id=1, price=27.142009776113785, quantity=1, timestamp=1778783504915}
[kafka-producer-network-thread | producer-1] INFO is.project3.SaleEventProducer - Sent sale event: SaleEvent{book_id=5, country_id=4, price=9.505786380349178, quantity=6, timestamp=1778783504965}
[kafka-producer-network-thread | producer-1] INFO is.project3.SaleEventProducer - Sent sale event: SaleEvent{book_id=4, country_id=5, price=312.41240058206694, quantity=3, timestamp=1778783505016}
[kafka-producer-network-thread | producer-1] INFO is.project3.SaleEventProducer - Sent sale event: SaleEvent{book_id=1, country_id=1, price=837.9030631906656, quantity=9, timestamp=1778783505067}
[kafka-producer-network-thread | producer-1] INFO is.project3.SaleEventProducer - Sent sale event: SaleEvent{book_id=5, country_id=2, price=10.026104120333029, quantity=6, timestamp=1778783505117}
[kafka-producer-network-thread | producer-1] INFO is.project3.SaleEventProducer - Sent sale event: SaleEvent{book_id=3, country_id=3, price=84.02340111635064, quantity=5, timestamp=1778783505168}
[kafka-producer-network-thread | producer-1] INFO is.project3.SaleEventProducer - Sent sale event: SaleEvent{book_id=3, country_id=5, price=83.7345979383851, quantity=10, timestamp=1778783505218}
[kafka-producer-network-thread | producer-1] INFO is.project3.SaleEventProducer - Sent sale event: SaleEvent{book_id=3, country_id=3, price=79.76171838907028, quantity=9, timestamp=1778783505269}
[kafka-producer-network-thread | producer-1] INFO is.project3.SaleEventProducer - Sent sale event: SaleEvent{book_id=1, country_id=2, price=853.6098997286202, quantity=9, timestamp=1778783505319}
[kafka-producer-network-thread | producer-1] INFO is.project3.SaleEventProducer - Sent sale event: SaleEvent{book_id=2, country_id=5, price=28.557888169387958, quantity=9, timestamp=1778783505370}
[kafka-producer-network-thread | producer-1] INFO is.project3.SaleEventProducer - Sent sale event: SaleEvent{book_id=3, country_id=5, price=78.16594812415279, quantity=2, timestamp=1778783505421}
[kafka-producer-network-thread | producer-1] INFO is.project3.SaleEventProducer - Sent sale event: SaleEvent{book_id=1, country_id=2, price=885.9906561992256, quantity=4, timestamp=1778783505471}
[kafka-producer-network-thread | producer-1] INFO is.project3.SaleEventProducer - Sent sale event: SaleEvent{book_id=2, country_id=1, price=32.29415397701468, quantity=8, timestamp=1778783505521}
[kafka-producer-network-thread | producer-1] INFO is.project3.SaleEventProducer - Sent sale event: SaleEvent{book_id=3, country_id=4, price=77.37171138710042, quantity=4, timestamp=1778783505572}
[kafka-producer-network-thread | producer-1] INFO is.project3.SaleEventProducer - Sent sale event: SaleEvent{book_id=2, country_id=3, price=28.93250442762979, quantity=3, timestamp=1778783505622}
[kafka-producer-network-thread | producer-1] INFO is.project3.SaleEventProducer - Sent sale event: SaleEvent{book_id=4, country_id=1, price=279.6843182372216, quantity=9, timestamp=1778783505672}
[kafka-producer-network-thread | producer-1] INFO is.project3.SaleEventProducer - Sent sale event: SaleEvent{book_id=4, country_id=5, price=273.45768421413584, quantity=10, timestamp=1778783505723}
[kafka-producer-network-thread | producer-1] INFO is.project3.SaleEventProducer - Sent sale event: SaleEvent{book_id=2, country_id=5, price=28.92557631085794, quantity=2, timestamp=1778783505773}
[kafka-producer-network-thread | producer-1] INFO is.project3.SaleEventProducer - Sent sale event: SaleEvent{book_id=5, country_id=4, price=9.389801569610542, quantity=7, timestamp=1778783505824}
[kafka-producer-network-thread | producer-1] INFO is.project3.SaleEventProducer - Sent sale event: SaleEvent{book_id=4, country_id=4, price=273.1242134895267, quantity=6, timestamp=1778783505874}
[kafka-producer-network-thread | producer-1] INFO is.project3.SaleEventProducer - Sent sale event: SaleEvent{book_id=1, country_id=2, price=984.900475487485, quantity=8, timestamp=1778783505925}
[kafka-producer-network-thread | producer-1] INFO is.project3.SaleEventProducer - Sent sale event: SaleEvent{book_id=4, country_id=3, price=322.7911827413183, quantity=3, timestamp=1778783505975}
[kafka-producer-network-thread | producer-1] INFO is.project3.SaleEventProducer - Sent sale event: SaleEvent{book_id=4, country_id=4, price=295.20150090594086, quantity=10, timestamp=1778783506027}
[kafka-producer-network-thread | producer-1] INFO is.project3.SaleEventProducer - Sent sale event: SaleEvent{book_id=2, country_id=4, price=27.568026890619898, quantity=7, timestamp=1778783506077}
[kafka-producer-network-thread | producer-1] INFO is.project3.SaleEventProducer - Sent sale event: SaleEvent{book_id=5, country_id=1, price=9.814480405212606, quantity=5, timestamp=1778783506128}
[kafka-producer-network-thread | producer-1] INFO is.project3.SaleEventProducer - Sent sale event: SaleEvent{book_id=3, country_id=3, price=74.09613144078334, quantity=7, timestamp=1778783506179}
[kafka-producer-network-thread | producer-1] INFO is.project3.SaleEventProducer - Sent sale event: SaleEvent{book_id=2, country_id=5, price=29.18633060439854, quantity=5, timestamp=1778783506230}
[kafka-producer-network-thread | producer-1] INFO is.project3.SaleEventProducer - Sent sale event: SaleEvent{book_id=4, country_id=3, price=284.6611167444813, quantity=1, timestamp=1778783506281}
[kafka-producer-network-thread | producer-1] INFO is.project3.SaleEventProducer - Sent sale event: SaleEvent{book_id=2, country_id=1, price=29.63530015721532, quantity=1, timestamp=1778783506331}
[kafka-producer-network-thread | producer-1] INFO is.project3.SaleEventProducer - Sent sale event: SaleEvent{book_id=4, country_id=4, price=300.8150498919796, quantity=3, timestamp=1778783506382}
[kafka-producer-network-thread | producer-1] INFO is.project3.SaleEventProducer - Sent sale event: SaleEvent{book_id=3, country_id=5, price=73.22589186777479, quantity=3, timestamp=1778783506432}
[kafka-producer-network-thread | producer-1] INFO is.project3.SaleEventProducer - Sent sale event: SaleEvent{book_id=4, country_id=2, price=323.8034277296068, quantity=9, timestamp=1778783506483}
[kafka-producer-network-thread | producer-1] INFO is.project3.SaleEventProducer - Sent sale event: SaleEvent{book_id=4, country_id=1, price=321.6817686678858, quantity=5, timestamp=1778783506536}
[kafka-producer-network-thread | producer-1] INFO is.project3.SaleEventProducer - Sent sale event: SaleEvent{book_id=1, country_id=1, price=873.73658238657, quantity=4, timestamp=1778783506586}
[kafka-producer-network-thread | producer-1] INFO is.project3.SaleEventProducer - Sent sale event: SaleEvent{book_id=3, country_id=1, price=75.69826043730795, quantity=6, timestamp=1778783506637}
[kafka-producer-network-thread | producer-1] INFO is.project3.SaleEventProducer - Sent sale event: SaleEvent{book_id=1, country_id=5, price=886.749845761142, quantity=5, timestamp=1778783506688}
[kafka-producer-network-thread | producer-1] INFO is.project3.SaleEventProducer - Sent sale event: SaleEvent{book_id=2, country_id=3, price=28.139698472455844, quantity=3, timestamp=1778783506739}
[kafka-producer-network-thread | producer-1] INFO is.project3.SaleEventProducer - Sent sale event: SaleEvent{book_id=2, country_id=2, price=32.13910687761768, quantity=6, timestamp=1778783506790}
[kafka-producer-network-thread | producer-1] INFO is.project3.SaleEventProducer - Sent sale event: SaleEvent{book_id=5, country_id=4, price=10.512854051293125, quantity=9, timestamp=1778783506841}
[kafka-producer-network-thread | producer-1] INFO is.project3.SaleEventProducer - Sent sale event: SaleEvent{book_id=5, country_id=1, price=10.130952111779246, quantity=2, timestamp=1778783506892}
[kafka-producer-network-thread | producer-1] INFO is.project3.SaleEventProducer - Sent sale event: SaleEvent{book_id=5, country_id=3, price=10.699937902927624, quantity=10, timestamp=1778783506942}
[kafka-producer-network-thread | producer-1] INFO is.project3.SaleEventProducer - Sent sale event: SaleEvent{book_id=2, country_id=2, price=31.967943578626723, quantity=2, timestamp=1778783506993}
[kafka-producer-network-thread | producer-1] INFO is.project3.SaleEventProducer - Sent sale event: SaleEvent{book_id=2, country_id=3, price=31.147486893136534, quantity=3, timestamp=1778783507043}
[kafka-producer-network-thread | producer-1] INFO is.project3.SaleEventProducer - Sent sale event: SaleEvent{book_id=1, country_id=3, price=927.3705976282581, quantity=8, timestamp=1778783507094}
[kafka-producer-network-thread | producer-1] INFO is.project3.SaleEventProducer - Sent sale event: SaleEvent{book_id=4, country_id=2, price=296.05759140466034, quantity=5, timestamp=1778783507144}
[kafka-producer-network-thread | producer-1] INFO is.project3.SaleEventProducer - Sent sale event: SaleEvent{book_id=4, country_id=2, price=305.67490013862135, quantity=10, timestamp=1778783507195}
[kafka-producer-network-thread | producer-1] INFO is.project3.SaleEventProducer - Sent sale event: SaleEvent{book_id=3, country_id=4, price=87.76314107526208, quantity=7, timestamp=1778783507245}
[kafka-producer-network-thread | producer-1] INFO is.project3.SaleEventProducer - Sent sale event: SaleEvent{book_id=1, country_id=3, price=935.3767120621987, quantity=7, timestamp=1778783507296}
[kafka-producer-network-thread | producer-1] INFO is.project3.SaleEventProducer - Sent sale event: SaleEvent{book_id=4, country_id=2, price=314.27612187620406, quantity=9, timestamp=1778783507347}
[kafka-producer-network-thread | producer-1] INFO is.project3.SaleEventProducer - Sent sale event: SaleEvent{book_id=4, country_id=2, price=288.0871599399922, quantity=10, timestamp=1778783507398}
[kafka-producer-network-thread | producer-1] INFO is.project3.SaleEventProducer - Sent sale event: SaleEvent{book_id=3, country_id=2, price=87.59863685965506, quantity=5, timestamp=1778783507449}
[kafka-producer-network-thread | producer-1] INFO is.project3.SaleEventProducer - Sent sale event: SaleEvent{book_id=3, country_id=3, price=73.81853689269035, quantity=9, timestamp=1778783507500}
[kafka-producer-network-thread | producer-1] INFO is.project3.SaleEventProducer - Sent sale event: SaleEvent{book_id=1, country_id=4, price=981.657655071579, quantity=3, timestamp=1778783507551}
[kafka-producer-network-thread | producer-1] INFO is.project3.SaleEventProducer - Sent sale event: SaleEvent{book_id=4, country_id=3, price=319.5007225142754, quantity=4, timestamp=1778783507602}
[kafka-producer-network-thread | producer-1] INFO is.project3.SaleEventProducer - Sent sale event: SaleEvent{book_id=5, country_id=5, price=10.688584346814144, quantity=4, timestamp=1778783507653}
[kafka-producer-network-thread | producer-1] INFO is.project3.SaleEventProducer - Sent sale event: SaleEvent{book_id=5, country_id=4, price=9.255502281378444, quantity=8, timestamp=1778783507703}
[kafka-producer-network-thread | producer-1] INFO is.project3.SaleEventProducer - Sent sale event: SaleEvent{book_id=3, country_id=3, price=76.34443162640505, quantity=2, timestamp=1778783507756}
[kafka-producer-network-thread | producer-1] INFO is.project3.SaleEventProducer - Sent sale event: SaleEvent{book_id=4, country_id=1, price=315.11094521755, quantity=8, timestamp=1778783507809}
[kafka-producer-network-thread | producer-1] INFO is.project3.SaleEventProducer - Sent sale event: SaleEvent{book_id=4, country_id=3, price=317.27005799584003, quantity=5, timestamp=1778783507862}
[kafka-producer-network-thread | producer-1] INFO is.project3.SaleEventProducer - Sent sale event: SaleEvent{book_id=2, country_id=1, price=27.84322578613692, quantity=4, timestamp=1778783507912}
[kafka-producer-network-thread | producer-1] INFO is.project3.SaleEventProducer - Sent sale event: SaleEvent{book_id=2, country_id=1, price=31.89846904995649, quantity=9, timestamp=1778783507962}
[kafka-producer-network-thread | producer-1] INFO is.project3.SaleEventProducer - Sent sale event: SaleEvent{book_id=3, country_id=2, price=79.11504193576127, quantity=1, timestamp=1778783508014}
[kafka-producer-network-thread | producer-1] INFO is.project3.SaleEventProducer - Sent sale event: SaleEvent{book_id=4, country_id=2, price=298.38494882038316, quantity=6, timestamp=1778783508065}
[kafka-producer-network-thread | producer-1] INFO is.project3.SaleEventProducer - Sent sale event: SaleEvent{book_id=1, country_id=1, price=901.6272243597123, quantity=1, timestamp=1778783508116}
[kafka-producer-network-thread | producer-1] INFO is.project3.SaleEventProducer - Sent sale event: SaleEvent{book_id=1, country_id=3, price=978.8704975111173, quantity=3, timestamp=1778783508167}
[kafka-producer-network-thread | producer-1] INFO is.project3.SaleEventProducer - Sent sale event: SaleEvent{book_id=2, country_id=4, price=30.55748290445048, quantity=9, timestamp=1778783508218}
[kafka-producer-network-thread | producer-1] INFO is.project3.SaleEventProducer - Sent sale event: SaleEvent{book_id=1, country_id=5, price=925.845003478178, quantity=8, timestamp=1778783508269}
[kafka-producer-network-thread | producer-1] INFO is.project3.SaleEventProducer - Sent sale event: SaleEvent{book_id=4, country_id=1, price=316.4595273475618, quantity=6, timestamp=1778783508320}
[kafka-producer-network-thread | producer-1] INFO is.project3.SaleEventProducer - Sent sale event: SaleEvent{book_id=4, country_id=1, price=297.90644454925365, quantity=3, timestamp=1778783508371}
[kafka-producer-network-thread | producer-1] INFO is.project3.SaleEventProducer - Sent sale event: SaleEvent{book_id=4, country_id=3, price=289.01580929061237, quantity=1, timestamp=1778783508422}
[kafka-producer-network-thread | producer-1] INFO is.project3.SaleEventProducer - Sent sale event: SaleEvent{book_id=1, country_id=1, price=973.8592580167508, quantity=2, timestamp=1778783508473}
[kafka-producer-network-thread | producer-1] INFO is.project3.SaleEventProducer - Sent sale event: SaleEvent{book_id=4, country_id=4, price=270.4832125482486, quantity=2, timestamp=1778783508526}
[kafka-producer-network-thread | producer-1] INFO is.project3.SaleEventProducer - Sent sale event: SaleEvent{book_id=2, country_id=3, price=29.34205817389403, quantity=8, timestamp=1778783508577}
[kafka-producer-network-thread | producer-1] INFO is.project3.SaleEventProducer - Sent sale event: SaleEvent{book_id=3, country_id=1, price=74.89679448988909, quantity=5, timestamp=1778783508630}
[kafka-producer-network-thread | producer-1] INFO is.project3.SaleEventProducer - Sent sale event: SaleEvent{book_id=3, country_id=2, price=85.39584785840667, quantity=4, timestamp=1778783508681}
[kafka-producer-network-thread | producer-1] INFO is.project3.SaleEventProducer - Sent sale event: SaleEvent{book_id=4, country_id=1, price=329.61782921767315, quantity=5, timestamp=1778783508734}
[kafka-producer-network-thread | producer-1] INFO is.project3.SaleEventProducer - Sent sale event: SaleEvent{book_id=2, country_id=2, price=32.39243986005939, quantity=10, timestamp=1778783508785}
[kafka-producer-network-thread | producer-1] INFO is.project3.SaleEventProducer - Sent sale event: SaleEvent{book_id=2, country_id=1, price=27.762592446778534, quantity=6, timestamp=1778783508837}
[kafka-producer-network-thread | producer-1] INFO is.project3.SaleEventProducer - Sent sale event: SaleEvent{book_id=3, country_id=5, price=74.35904901156061, quantity=7, timestamp=1778783508889}
[kafka-producer-network-thread | producer-1] INFO is.project3.SaleEventProducer - Sent sale event: SaleEvent{book_id=5, country_id=2, price=10.830838022622496, quantity=8, timestamp=1778783508939}
[kafka-producer-network-thread | producer-1] INFO is.project3.SaleEventProducer - Sent sale event: SaleEvent{book_id=1, country_id=3, price=850.5663747527457, quantity=7, timestamp=1778783508991}
[kafka-producer-network-thread | producer-1] INFO is.project3.SaleEventProducer - Sent sale event: SaleEvent{book_id=4, country_id=5, price=289.4721358549055, quantity=9, timestamp=1778783509044}
[kafka-producer-network-thread | producer-1] INFO is.project3.SaleEventProducer - Sent sale event: SaleEvent{book_id=5, country_id=4, price=9.309637259983862, quantity=10, timestamp=1778783509095}
[kafka-producer-network-thread | producer-1] INFO is.project3.SaleEventProducer - Sent sale event: SaleEvent{book_id=1, country_id=4, price=987.2970882535041, quantity=9, timestamp=1778783509146}
[kafka-producer-network-thread | producer-1] INFO is.project3.SaleEventProducer - Sent sale event: SaleEvent{book_id=2, country_id=1, price=31.399337464598975, quantity=1, timestamp=1778783509196}
[kafka-producer-network-thread | producer-1] INFO is.project3.SaleEventProducer - Sent sale event: SaleEvent{book_id=1, country_id=5, price=892.434342891656, quantity=7, timestamp=1778783509247}
[kafka-producer-network-thread | producer-1] INFO is.project3.SaleEventProducer - Sent sale event: SaleEvent{book_id=4, country_id=2, price=283.34305700921567, quantity=3, timestamp=1778783509298}
[kafka-producer-network-thread | producer-1] INFO is.project3.SaleEventProducer - Sent sale event: SaleEvent{book_id=2, country_id=5, price=28.709542752501243, quantity=7, timestamp=1778783509349}
[kafka-producer-network-thread | producer-1] INFO is.project3.SaleEventProducer - Sent sale event: SaleEvent{book_id=4, country_id=4, price=306.96513460568303, quantity=8, timestamp=1778783509399}
[kafka-producer-network-thread | producer-1] INFO is.project3.SaleEventProducer - Sent sale event: SaleEvent{book_id=2, country_id=1, price=31.773188652931765, quantity=4, timestamp=1778783509450}
[kafka-producer-network-thread | producer-1] INFO is.project3.SaleEventProducer - Sent sale event: SaleEvent{book_id=3, country_id=1, price=86.6534397202481, quantity=3, timestamp=1778783509503}
[kafka-producer-network-thread | producer-1] INFO is.project3.SaleEventProducer - Sent sale event: SaleEvent{book_id=5, country_id=2, price=9.67876612800045, quantity=4, timestamp=1778783509557}
[kafka-producer-network-thread | producer-1] INFO is.project3.SaleEventProducer - Sent sale event: SaleEvent{book_id=1, country_id=1, price=974.7290617404341, quantity=9, timestamp=1778783509609}
[kafka-producer-network-thread | producer-1] INFO is.project3.SaleEventProducer - Sent sale event: SaleEvent{book_id=1, country_id=4, price=939.4293114778212, quantity=7, timestamp=1778783509663}
[kafka-producer-network-thread | producer-1] INFO is.project3.SaleEventProducer - Sent sale event: SaleEvent{book_id=4, country_id=1, price=288.63961068896225, quantity=6, timestamp=1778783509717}
[kafka-producer-network-thread | producer-1] INFO is.project3.SaleEventProducer - Sent sale event: SaleEvent{book_id=1, country_id=1, price=896.8987688911034, quantity=9, timestamp=1778783509769}
[kafka-producer-network-thread | producer-1] INFO is.project3.SaleEventProducer - Sent sale event: SaleEvent{book_id=3, country_id=4, price=80.50983950130603, quantity=7, timestamp=1778783509822}
[kafka-producer-network-thread | producer-1] INFO is.project3.SaleEventProducer - Sent sale event: SaleEvent{book_id=4, country_id=2, price=275.36290680056834, quantity=3, timestamp=1778783509877}
[kafka-producer-network-thread | producer-1] INFO is.project3.SaleEventProducer - Sent sale event: SaleEvent{book_id=5, country_id=4, price=9.522233988347741, quantity=8, timestamp=1778783509931}
[kafka-producer-network-thread | producer-1] INFO is.project3.SaleEventProducer - Sent sale event: SaleEvent{book_id=1, country_id=3, price=810.0838453024917, quantity=6, timestamp=1778783509985}
[kafka-producer-network-thread | producer-1] INFO is.project3.SaleEventProducer - Sent sale event: SaleEvent{book_id=5, country_id=5, price=9.575059666098246, quantity=9, timestamp=1778783510039}
[kafka-producer-network-thread | producer-1] INFO is.project3.SaleEventProducer - Sent sale event: SaleEvent{book_id=5, country_id=3, price=9.70996673159679, quantity=7, timestamp=1778783510093}
[kafka-producer-network-thread | producer-1] INFO is.project3.SaleEventProducer - Sent sale event: SaleEvent{book_id=1, country_id=2, price=970.1894986713098, quantity=8, timestamp=1778783510147}
[kafka-producer-network-thread | producer-1] INFO is.project3.SaleEventProducer - Sent sale event: SaleEvent{book_id=2, country_id=2, price=32.95373405727881, quantity=6, timestamp=1778783510199}
[kafka-producer-network-thread | producer-1] INFO is.project3.SaleEventProducer - Sent sale event: SaleEvent{book_id=5, country_id=3, price=10.797884539275323, quantity=5, timestamp=1778783510250}
[kafka-producer-network-thread | producer-1] INFO is.project3.SaleEventProducer - Sent sale event: SaleEvent{book_id=4, country_id=3, price=271.0862298357616, quantity=2, timestamp=1778783510303}
[kafka-producer-network-thread | producer-1] INFO is.project3.SaleEventProducer - Sent sale event: SaleEvent{book_id=1, country_id=5, price=836.3938013639914, quantity=10, timestamp=1778783510355}
[kafka-producer-network-thread | producer-1] INFO is.project3.SaleEventProducer - Sent sale event: SaleEvent{book_id=4, country_id=5, price=314.3201761100578, quantity=4, timestamp=1778783510408}
[kafka-producer-network-thread | producer-1] INFO is.project3.SaleEventProducer - Sent sale event: SaleEvent{book_id=3, country_id=2, price=81.9166906287317, quantity=2, timestamp=1778783510458}
[kafka-producer-network-thread | producer-1] INFO is.project3.SaleEventProducer - Sent sale event: SaleEvent{book_id=3, country_id=2, price=86.50008396473375, quantity=10, timestamp=1778783510510}
[kafka-producer-network-thread | producer-1] INFO is.project3.SaleEventProducer - Sent sale event: SaleEvent{book_id=3, country_id=2, price=83.21468635262245, quantity=1, timestamp=1778783510562}
[kafka-producer-network-thread | producer-1] INFO is.project3.SaleEventProducer - Sent sale event: SaleEvent{book_id=4, country_id=1, price=313.4905745498605, quantity=3, timestamp=1778783510613}
[kafka-producer-network-thread | producer-1] INFO is.project3.SaleEventProducer - Sent sale event: SaleEvent{book_id=3, country_id=3, price=81.17669309699289, quantity=5, timestamp=1778783510666}
[kafka-producer-network-thread | producer-1] INFO is.project3.SaleEventProducer - Sent sale event: SaleEvent{book_id=2, country_id=1, price=27.95194389725316, quantity=3, timestamp=1778783510717}
[kafka-producer-network-thread | producer-1] INFO is.project3.SaleEventProducer - Sent sale event: SaleEvent{book_id=1, country_id=3, price=871.0728243762821, quantity=5, timestamp=1778783510768}
[kafka-producer-network-thread | producer-1] INFO is.project3.SaleEventProducer - Sent sale event: SaleEvent{book_id=4, country_id=4, price=306.781619829783, quantity=9, timestamp=1778783510820}
[kafka-producer-network-thread | producer-1] INFO is.project3.SaleEventProducer - Sent sale event: SaleEvent{book_id=2, country_id=1, price=28.070695027068176, quantity=10, timestamp=1778783510871}
[kafka-producer-network-thread | producer-1] INFO is.project3.SaleEventProducer - Sent sale event: SaleEvent{book_id=2, country_id=3, price=28.225851036848912, quantity=3, timestamp=1778783510922}
[kafka-producer-network-thread | producer-1] INFO is.project3.SaleEventProducer - Sent sale event: SaleEvent{book_id=3, country_id=3, price=76.83896229095824, quantity=6, timestamp=1778783510974}
[kafka-producer-network-thread | producer-1] INFO is.project3.SaleEventProducer - Sent sale event: SaleEvent{book_id=3, country_id=5, price=74.28417149923915, quantity=7, timestamp=1778783511025}
[kafka-producer-network-thread | producer-1] INFO is.project3.SaleEventProducer - Sent sale event: SaleEvent{book_id=3, country_id=5, price=86.24775668903598, quantity=6, timestamp=1778783511077}
[kafka-producer-network-thread | producer-1] INFO is.project3.SaleEventProducer - Sent sale event: SaleEvent{book_id=5, country_id=2, price=9.932670558018792, quantity=4, timestamp=1778783511129}
[kafka-producer-network-thread | producer-1] INFO is.project3.SaleEventProducer - Sent sale event: SaleEvent{book_id=5, country_id=2, price=9.585056667254351, quantity=2, timestamp=1778783511180}
[kafka-producer-network-thread | producer-1] INFO is.project3.SaleEventProducer - Sent sale event: SaleEvent{book_id=3, country_id=3, price=75.59274774959344, quantity=8, timestamp=1778783511232}
[kafka-producer-network-thread | producer-1] INFO is.project3.SaleEventProducer - Sent sale event: SaleEvent{book_id=2, country_id=1, price=32.859059571435, quantity=3, timestamp=1778783511282}
[kafka-producer-network-thread | producer-1] INFO is.project3.SaleEventProducer - Sent sale event: SaleEvent{book_id=2, country_id=5, price=29.938389596796988, quantity=8, timestamp=1778783511332}
[kafka-producer-network-thread | producer-1] INFO is.project3.SaleEventProducer - Sent sale event: SaleEvent{book_id=5, country_id=2, price=9.879560178894225, quantity=5, timestamp=1778783511383}
[kafka-producer-network-thread | producer-1] INFO is.project3.SaleEventProducer - Sent sale event: SaleEvent{book_id=3, country_id=5, price=75.7896613307433, quantity=3, timestamp=1778783511433}
[kafka-producer-network-thread | producer-1] INFO is.project3.SaleEventProducer - Sent sale event: SaleEvent{book_id=2, country_id=4, price=30.16482863834851, quantity=4, timestamp=1778783511484}
[kafka-producer-network-thread | producer-1] INFO is.project3.SaleEventProducer - Sent sale event: SaleEvent{book_id=5, country_id=4, price=10.75270927377522, quantity=7, timestamp=1778783511534}
[kafka-producer-network-thread | producer-1] INFO is.project3.SaleEventProducer - Sent sale event: SaleEvent{book_id=1, country_id=1, price=887.5328475240784, quantity=3, timestamp=1778783511586}
[kafka-producer-network-thread | producer-1] INFO is.project3.SaleEventProducer - Sent sale event: SaleEvent{book_id=2, country_id=2, price=31.837646530136617, quantity=2, timestamp=1778783511637}
[kafka-producer-network-thread | producer-1] INFO is.project3.SaleEventProducer - Sent sale event: SaleEvent{book_id=4, country_id=3, price=293.7225366466526, quantity=3, timestamp=1778783511688}
[kafka-producer-network-thread | producer-1] INFO is.project3.SaleEventProducer - Sent sale event: SaleEvent{book_id=5, country_id=1, price=10.470773692899835, quantity=2, timestamp=1778783511739}
[kafka-producer-network-thread | producer-1] INFO is.project3.SaleEventProducer - Sent sale event: SaleEvent{book_id=1, country_id=3, price=876.4871185259991, quantity=7, timestamp=1778783511791}
[kafka-producer-network-thread | producer-1] INFO is.project3.SaleEventProducer - Sent sale event: SaleEvent{book_id=5, country_id=5, price=10.497969384493265, quantity=4, timestamp=1778783511842}
[kafka-producer-network-thread | producer-1] INFO is.project3.SaleEventProducer - Sent sale event: SaleEvent{book_id=2, country_id=4, price=29.836897337207088, quantity=8, timestamp=1778783511893}
[kafka-producer-network-thread | producer-1] INFO is.project3.SaleEventProducer - Sent sale event: SaleEvent{book_id=2, country_id=2, price=27.67996278037635, quantity=5, timestamp=1778783511944}
[kafka-producer-network-thread | producer-1] INFO is.project3.SaleEventProducer - Sent sale event: SaleEvent{book_id=5, country_id=3, price=9.910392856370397, quantity=1, timestamp=1778783511995}
[kafka-producer-network-thread | producer-1] INFO is.project3.SaleEventProducer - Sent sale event: SaleEvent{book_id=2, country_id=1, price=28.81799030678621, quantity=2, timestamp=1778783512045}
[kafka-producer-network-thread | producer-1] INFO is.project3.SaleEventProducer - Sent sale event: SaleEvent{book_id=2, country_id=3, price=28.283066244026617, quantity=10, timestamp=1778783512099}
[kafka-producer-network-thread | producer-1] INFO is.project3.SaleEventProducer - Sent sale event: SaleEvent{book_id=4, country_id=1, price=276.6039262690649, quantity=1, timestamp=1778783512150}
[kafka-producer-network-thread | producer-1] INFO is.project3.SaleEventProducer - Sent sale event: SaleEvent{book_id=2, country_id=1, price=29.386412710412426, quantity=4, timestamp=1778783512202}
[kafka-producer-network-thread | producer-1] INFO is.project3.SaleEventProducer - Sent sale event: SaleEvent{book_id=2, country_id=5, price=29.671779773634835, quantity=7, timestamp=1778783512253}
[kafka-producer-network-thread | producer-1] INFO is.project3.SaleEventProducer - Sent sale event: SaleEvent{book_id=1, country_id=4, price=837.8424920325391, quantity=5, timestamp=1778783512305}
[kafka-producer-network-thread | producer-1] INFO is.project3.SaleEventProducer - Sent sale event: SaleEvent{book_id=4, country_id=1, price=298.0063158502378, quantity=1, timestamp=1778783512355}
[kafka-producer-network-thread | producer-1] INFO is.project3.SaleEventProducer - Sent sale event: SaleEvent{book_id=1, country_id=2, price=864.3404208211572, quantity=2, timestamp=1778783512406}
[kafka-producer-network-thread | producer-1] INFO is.project3.SaleEventProducer - Sent sale event: SaleEvent{book_id=5, country_id=2, price=9.297442275560929, quantity=2, timestamp=1778783512457}
[kafka-producer-network-thread | producer-1] INFO is.project3.SaleEventProducer - Sent sale event: SaleEvent{book_id=4, country_id=4, price=282.47081121463117, quantity=1, timestamp=1778783512508}
[kafka-producer-network-thread | producer-1] INFO is.project3.SaleEventProducer - Sent sale event: SaleEvent{book_id=5, country_id=5, price=9.26711336358782, quantity=9, timestamp=1778783512559}
[kafka-producer-network-thread | producer-1] INFO is.project3.SaleEventProducer - Sent sale event: SaleEvent{book_id=3, country_id=1, price=85.55314770242671, quantity=7, timestamp=1778783512610}
[kafka-producer-network-thread | producer-1] INFO is.project3.SaleEventProducer - Sent sale event: SaleEvent{book_id=3, country_id=2, price=73.68030665537145, quantity=6, timestamp=1778783512662}
[kafka-producer-network-thread | producer-1] INFO is.project3.SaleEventProducer - Sent sale event: SaleEvent{book_id=4, country_id=3, price=291.6109164913196, quantity=1, timestamp=1778783512712}
[kafka-producer-network-thread | producer-1] INFO is.project3.SaleEventProducer - Sent sale event: SaleEvent{book_id=5, country_id=3, price=10.599807576800467, quantity=4, timestamp=1778783512762}
[kafka-producer-network-thread | producer-1] INFO is.project3.SaleEventProducer - Sent sale event: SaleEvent{book_id=4, country_id=5, price=312.0252307616325, quantity=9, timestamp=1778783512813}
[kafka-producer-network-thread | producer-1] INFO is.project3.SaleEventProducer - Sent sale event: SaleEvent{book_id=5, country_id=1, price=9.610221262321636, quantity=5, timestamp=1778783512864}
[kafka-producer-network-thread | producer-1] INFO is.project3.SaleEventProducer - Sent sale event: SaleEvent{book_id=3, country_id=4, price=85.02225118078577, quantity=1, timestamp=1778783512914}
[kafka-producer-network-thread | producer-1] INFO is.project3.SaleEventProducer - Sent sale event: SaleEvent{book_id=4, country_id=4, price=318.1515592885808, quantity=6, timestamp=1778783512965}
[kafka-producer-network-thread | producer-1] INFO is.project3.SaleEventProducer - Sent sale event: SaleEvent{book_id=4, country_id=2, price=292.2593464288916, quantity=6, timestamp=1778783513016}
[kafka-producer-network-thread | producer-1] INFO is.project3.SaleEventProducer - Sent sale event: SaleEvent{book_id=5, country_id=5, price=10.925858432415266, quantity=9, timestamp=1778783513066}
[kafka-producer-network-thread | producer-1] INFO is.project3.SaleEventProducer - Sent sale event: SaleEvent{book_id=4, country_id=2, price=326.84356851037006, quantity=4, timestamp=1778783513117}
[kafka-producer-network-thread | producer-1] INFO is.project3.SaleEventProducer - Sent sale event: SaleEvent{book_id=5, country_id=4, price=10.177545341584203, quantity=5, timestamp=1778783513168}
[kafka-producer-network-thread | producer-1] INFO is.project3.SaleEventProducer - Sent sale event: SaleEvent{book_id=2, country_id=5, price=29.851461259453963, quantity=2, timestamp=1778783513219}
[kafka-producer-network-thread | producer-1] INFO is.project3.SaleEventProducer - Sent sale event: SaleEvent{book_id=4, country_id=5, price=277.10872262695517, quantity=6, timestamp=1778783513270}
[kafka-producer-network-thread | producer-1] INFO is.project3.SaleEventProducer - Sent sale event: SaleEvent{book_id=3, country_id=1, price=72.40165087828926, quantity=7, timestamp=1778783513320}
[kafka-producer-network-thread | producer-1] INFO is.project3.SaleEventProducer - Sent sale event: SaleEvent{book_id=2, country_id=5, price=29.822550792426195, quantity=6, timestamp=1778783513371}
[kafka-producer-network-thread | producer-1] INFO is.project3.SaleEventProducer - Sent sale event: SaleEvent{book_id=5, country_id=4, price=9.719726259322293, quantity=1, timestamp=1778783513422}
[kafka-producer-network-thread | producer-1] INFO is.project3.SaleEventProducer - Sent sale event: SaleEvent{book_id=3, country_id=2, price=83.48782072127172, quantity=7, timestamp=1778783513472}
[kafka-producer-network-thread | producer-1] INFO is.project3.SaleEventProducer - Sent sale event: SaleEvent{book_id=4, country_id=5, price=288.28052781759504, quantity=10, timestamp=1778783513522}
[kafka-producer-network-thread | producer-1] INFO is.project3.SaleEventProducer - Sent sale event: SaleEvent{book_id=3, country_id=4, price=77.43179672560527, quantity=1, timestamp=1778783513574}
[kafka-producer-network-thread | producer-1] INFO is.project3.SaleEventProducer - Sent sale event: SaleEvent{book_id=4, country_id=2, price=319.6320181742886, quantity=10, timestamp=1778783513626}
[kafka-producer-network-thread | producer-1] INFO is.project3.SaleEventProducer - Sent sale event: SaleEvent{book_id=3, country_id=4, price=72.36975269021966, quantity=7, timestamp=1778783513679}
[kafka-producer-network-thread | producer-1] INFO is.project3.SaleEventProducer - Sent sale event: SaleEvent{book_id=2, country_id=1, price=28.42801411976715, quantity=10, timestamp=1778783513733}
[kafka-producer-network-thread | producer-1] INFO is.project3.SaleEventProducer - Sent sale event: SaleEvent{book_id=5, country_id=3, price=9.4991821411291, quantity=4, timestamp=1778783513787}
[kafka-producer-network-thread | producer-1] INFO is.project3.SaleEventProducer - Sent sale event: SaleEvent{book_id=5, country_id=5, price=10.77554468404337, quantity=4, timestamp=1778783513841}
[kafka-producer-network-thread | producer-1] INFO is.project3.SaleEventProducer - Sent sale event: SaleEvent{book_id=2, country_id=2, price=30.94616409516658, quantity=4, timestamp=1778783513895}
[kafka-producer-network-thread | producer-1] INFO is.project3.SaleEventProducer - Sent sale event: SaleEvent{book_id=1, country_id=1, price=848.4276492312557, quantity=3, timestamp=1778783513946}
[kafka-producer-network-thread | producer-1] INFO is.project3.SaleEventProducer - Sent sale event: SaleEvent{book_id=5, country_id=1, price=9.923865895084576, quantity=5, timestamp=1778783513997}
[kafka-producer-network-thread | producer-1] INFO is.project3.SaleEventProducer - Sent sale event: SaleEvent{book_id=2, country_id=2, price=30.460499117629556, quantity=1, timestamp=1778783514048}
[kafka-producer-network-thread | producer-1] INFO is.project3.SaleEventProducer - Sent sale event: SaleEvent{book_id=2, country_id=3, price=31.553146512850212, quantity=5, timestamp=1778783514103}
[kafka-producer-network-thread | producer-1] INFO is.project3.SaleEventProducer - Sent sale event: SaleEvent{book_id=5, country_id=3, price=10.469886332814582, quantity=9, timestamp=1778783514154}
[kafka-producer-network-thread | producer-1] INFO is.project3.SaleEventProducer - Sent sale event: SaleEvent{book_id=4, country_id=1, price=285.53259973941084, quantity=3, timestamp=1778783514206}
[kafka-producer-network-thread | producer-1] INFO is.project3.SaleEventProducer - Sent sale event: SaleEvent{book_id=3, country_id=5, price=87.1717071289651, quantity=1, timestamp=1778783514258}
[kafka-producer-network-thread | producer-1] INFO is.project3.SaleEventProducer - Sent sale event: SaleEvent{book_id=2, country_id=4, price=31.953876131695168, quantity=8, timestamp=1778783514312}
[kafka-producer-network-thread | producer-1] INFO is.project3.SaleEventProducer - Sent sale event: SaleEvent{book_id=2, country_id=2, price=27.23341941230678, quantity=9, timestamp=1778783514363}
[kafka-producer-network-thread | producer-1] INFO is.project3.SaleEventProducer - Sent sale event: SaleEvent{book_id=4, country_id=4, price=285.882669003291, quantity=2, timestamp=1778783514413}
[kafka-producer-network-thread | producer-1] INFO is.project3.SaleEventProducer - Sent sale event: SaleEvent{book_id=2, country_id=1, price=31.042269142272605, quantity=3, timestamp=1778783514464}
[kafka-producer-network-thread | producer-1] INFO is.project3.SaleEventProducer - Sent sale event: SaleEvent{book_id=3, country_id=5, price=81.66882684027898, quantity=2, timestamp=1778783514515}
[kafka-producer-network-thread | producer-1] INFO is.project3.SaleEventProducer - Sent sale event: SaleEvent{book_id=3, country_id=5, price=79.07960374944516, quantity=2, timestamp=1778783514565}
[kafka-producer-network-thread | producer-1] INFO is.project3.SaleEventProducer - Sent sale event: SaleEvent{book_id=2, country_id=4, price=31.912797643642993, quantity=4, timestamp=1778783514616}
[kafka-producer-network-thread | producer-1] INFO is.project3.SaleEventProducer - Sent sale event: SaleEvent{book_id=1, country_id=3, price=905.8846025377966, quantity=2, timestamp=1778783514666}
[kafka-producer-network-thread | producer-1] INFO is.project3.SaleEventProducer - Sent sale event: SaleEvent{book_id=1, country_id=4, price=946.3131093634285, quantity=3, timestamp=1778783514717}
[kafka-producer-network-thread | producer-1] INFO is.project3.SaleEventProducer - Sent sale event: SaleEvent{book_id=1, country_id=2, price=838.8159901674192, quantity=7, timestamp=1778783514768}
[kafka-producer-network-thread | producer-1] INFO is.project3.SaleEventProducer - Sent sale event: SaleEvent{book_id=3, country_id=5, price=76.0172988524842, quantity=9, timestamp=1778783514819}
[kafka-producer-network-thread | producer-1] INFO is.project3.SaleEventProducer - Sent sale event: SaleEvent{book_id=3, country_id=1, price=79.4873136732119, quantity=6, timestamp=1778783514870}
[kafka-producer-network-thread | producer-1] INFO is.project3.SaleEventProducer - Sent sale event: SaleEvent{book_id=5, country_id=1, price=9.929172531028211, quantity=3, timestamp=1778783514921}
[kafka-producer-network-thread | producer-1] INFO is.project3.SaleEventProducer - Sent sale event: SaleEvent{book_id=1, country_id=3, price=940.1652362165358, quantity=8, timestamp=1778783514972}
[kafka-producer-network-thread | producer-1] INFO is.project3.SaleEventProducer - Sent sale event: SaleEvent{book_id=1, country_id=1, price=953.9122892981599, quantity=7, timestamp=1778783515023}
[kafka-producer-network-thread | producer-1] INFO is.project3.SaleEventProducer - Sent sale event: SaleEvent{book_id=5, country_id=4, price=9.31542580880971, quantity=9, timestamp=1778783515073}
[kafka-producer-network-thread | producer-1] INFO is.project3.SaleEventProducer - Sent sale event: SaleEvent{book_id=4, country_id=3, price=290.3719200422418, quantity=3, timestamp=1778783515124}
[kafka-producer-network-thread | producer-1] INFO is.project3.SaleEventProducer - Sent sale event: SaleEvent{book_id=4, country_id=2, price=277.5055870694131, quantity=7, timestamp=1778783515174}
[kafka-producer-network-thread | producer-1] INFO is.project3.SaleEventProducer - Sent sale event: SaleEvent{book_id=1, country_id=5, price=985.720814362755, quantity=8, timestamp=1778783515225}
[kafka-producer-network-thread | producer-1] INFO is.project3.SaleEventProducer - Sent sale event: SaleEvent{book_id=2, country_id=4, price=30.26906530539515, quantity=7, timestamp=1778783515276}
[kafka-producer-network-thread | producer-1] INFO is.project3.SaleEventProducer - Sent sale event: SaleEvent{book_id=1, country_id=2, price=835.2329538718157, quantity=4, timestamp=1778783515327}
[kafka-producer-network-thread | producer-1] INFO is.project3.SaleEventProducer - Sent sale event: SaleEvent{book_id=3, country_id=3, price=79.32306356787645, quantity=8, timestamp=1778783515378}
[kafka-producer-network-thread | producer-1] INFO is.project3.SaleEventProducer - Sent sale event: SaleEvent{book_id=4, country_id=2, price=310.62388372362744, quantity=1, timestamp=1778783515428}
[kafka-producer-network-thread | producer-1] INFO is.project3.SaleEventProducer - Sent sale event: SaleEvent{book_id=5, country_id=2, price=10.85165589712667, quantity=4, timestamp=1778783515479}
[kafka-producer-network-thread | producer-1] INFO is.project3.SaleEventProducer - Sent sale event: SaleEvent{book_id=4, country_id=4, price=313.644523158461, quantity=2, timestamp=1778783515530}
[kafka-producer-network-thread | producer-1] INFO is.project3.SaleEventProducer - Sent sale event: SaleEvent{book_id=2, country_id=3, price=29.238876996686518, quantity=2, timestamp=1778783515580}
[kafka-producer-network-thread | producer-1] INFO is.project3.SaleEventProducer - Sent sale event: SaleEvent{book_id=5, country_id=4, price=9.078962921937356, quantity=5, timestamp=1778783515631}
[kafka-producer-network-thread | producer-1] INFO is.project3.SaleEventProducer - Sent sale event: SaleEvent{book_id=4, country_id=5, price=327.76378386563624, quantity=1, timestamp=1778783515682}
[kafka-producer-network-thread | producer-1] INFO is.project3.SaleEventProducer - Sent sale event: SaleEvent{book_id=1, country_id=5, price=938.968251837509, quantity=10, timestamp=1778783515732}
[kafka-producer-network-thread | producer-1] INFO is.project3.SaleEventProducer - Sent sale event: SaleEvent{book_id=5, country_id=2, price=10.791537356681028, quantity=10, timestamp=1778783515783}
[kafka-producer-network-thread | producer-1] INFO is.project3.SaleEventProducer - Sent sale event: SaleEvent{book_id=2, country_id=3, price=28.71759885243547, quantity=2, timestamp=1778783515834}
[kafka-producer-network-thread | producer-1] INFO is.project3.SaleEventProducer - Sent sale event: SaleEvent{book_id=3, country_id=5, price=74.59510750407946, quantity=2, timestamp=1778783515884}
[kafka-producer-network-thread | producer-1] INFO is.project3.SaleEventProducer - Sent sale event: SaleEvent{book_id=1, country_id=4, price=907.5985582299447, quantity=1, timestamp=1778783515935}
[kafka-producer-network-thread | producer-1] INFO is.project3.SaleEventProducer - Sent sale event: SaleEvent{book_id=5, country_id=3, price=9.397928299991529, quantity=2, timestamp=1778783515985}
[kafka-producer-network-thread | producer-1] INFO is.project3.SaleEventProducer - Sent sale event: SaleEvent{book_id=3, country_id=4, price=86.53474284903344, quantity=10, timestamp=1778783516036}
[kafka-producer-network-thread | producer-1] INFO is.project3.SaleEventProducer - Sent sale event: SaleEvent{book_id=5, country_id=2, price=10.393953505586722, quantity=5, timestamp=1778783516087}
[kafka-producer-network-thread | producer-1] INFO is.project3.SaleEventProducer - Sent sale event: SaleEvent{book_id=2, country_id=4, price=29.3014282656434, quantity=2, timestamp=1778783516138}
[kafka-producer-network-thread | producer-1] INFO is.project3.SaleEventProducer - Sent sale event: SaleEvent{book_id=2, country_id=1, price=30.744416139667223, quantity=3, timestamp=1778783516189}
[kafka-producer-network-thread | producer-1] INFO is.project3.SaleEventProducer - Sent sale event: SaleEvent{book_id=4, country_id=4, price=311.7219685751019, quantity=1, timestamp=1778783516240}
[kafka-producer-network-thread | producer-1] INFO is.project3.SaleEventProducer - Sent sale event: SaleEvent{book_id=5, country_id=4, price=9.058652306351537, quantity=9, timestamp=1778783516291}
[kafka-producer-network-thread | producer-1] INFO is.project3.SaleEventProducer - Sent sale event: SaleEvent{book_id=4, country_id=4, price=312.10269248307645, quantity=1, timestamp=1778783516342}
[kafka-producer-network-thread | producer-1] INFO is.project3.SaleEventProducer - Sent sale event: SaleEvent{book_id=4, country_id=5, price=288.1114523149072, quantity=3, timestamp=1778783516393}
[kafka-producer-network-thread | producer-1] INFO is.project3.SaleEventProducer - Sent sale event: SaleEvent{book_id=2, country_id=3, price=31.68783167583955, quantity=6, timestamp=1778783516444}
[kafka-producer-network-thread | producer-1] INFO is.project3.SaleEventProducer - Sent sale event: SaleEvent{book_id=5, country_id=2, price=9.267346339819719, quantity=6, timestamp=1778783516495}
[kafka-producer-network-thread | producer-1] INFO is.project3.SaleEventProducer - Sent sale event: SaleEvent{book_id=1, country_id=3, price=988.83324997768, quantity=2, timestamp=1778783516545}
[kafka-producer-network-thread | producer-1] INFO is.project3.SaleEventProducer - Sent sale event: SaleEvent{book_id=2, country_id=4, price=30.49461279472398, quantity=3, timestamp=1778783516596}
[kafka-producer-network-thread | producer-1] INFO is.project3.SaleEventProducer - Sent sale event: SaleEvent{book_id=1, country_id=4, price=974.4399588222917, quantity=4, timestamp=1778783516647}
[kafka-producer-network-thread | producer-1] INFO is.project3.SaleEventProducer - Sent sale event: SaleEvent{book_id=5, country_id=4, price=9.545752102433363, quantity=7, timestamp=1778783516698}
[kafka-producer-network-thread | producer-1] INFO is.project3.SaleEventProducer - Sent sale event: SaleEvent{book_id=1, country_id=1, price=819.8411549463319, quantity=8, timestamp=1778783516748}
[kafka-producer-network-thread | producer-1] INFO is.project3.SaleEventProducer - Sent sale event: SaleEvent{book_id=1, country_id=1, price=884.899274867986, quantity=5, timestamp=1778783516799}
[kafka-producer-network-thread | producer-1] INFO is.project3.SaleEventProducer - Sent sale event: SaleEvent{book_id=5, country_id=4, price=10.670630785758027, quantity=10, timestamp=1778783516850}
[kafka-producer-network-thread | producer-1] INFO is.project3.SaleEventProducer - Sent sale event: SaleEvent{book_id=3, country_id=1, price=72.84669776970901, quantity=1, timestamp=1778783516901}
[kafka-producer-network-thread | producer-1] INFO is.project3.SaleEventProducer - Sent sale event: SaleEvent{book_id=1, country_id=3, price=902.40456053777, quantity=6, timestamp=1778783516953}
[kafka-producer-network-thread | producer-1] INFO is.project3.SaleEventProducer - Sent sale event: SaleEvent{book_id=4, country_id=5, price=285.32944375411796, quantity=8, timestamp=1778783517008}
[kafka-producer-network-thread | producer-1] INFO is.project3.SaleEventProducer - Sent sale event: SaleEvent{book_id=1, country_id=2, price=970.0160284567819, quantity=9, timestamp=1778783517060}
[kafka-producer-network-thread | producer-1] INFO is.project3.SaleEventProducer - Sent sale event: SaleEvent{book_id=1, country_id=5, price=848.9293268028401, quantity=2, timestamp=1778783517111}
[kafka-producer-network-thread | producer-1] INFO is.project3.SaleEventProducer - Sent sale event: SaleEvent{book_id=4, country_id=1, price=308.1450528394181, quantity=4, timestamp=1778783517162}
[kafka-producer-network-thread | producer-1] INFO is.project3.SaleEventProducer - Sent sale event: SaleEvent{book_id=4, country_id=3, price=304.9903396082633, quantity=3, timestamp=1778783517213}
[kafka-producer-network-thread | producer-1] INFO is.project3.SaleEventProducer - Sent sale event: SaleEvent{book_id=5, country_id=4, price=10.52664529645106, quantity=10, timestamp=1778783517263}
[kafka-producer-network-thread | producer-1] INFO is.project3.SaleEventProducer - Sent sale event: SaleEvent{book_id=1, country_id=1, price=900.609091593717, quantity=8, timestamp=1778783517314}
[kafka-producer-network-thread | producer-1] INFO is.project3.SaleEventProducer - Sent sale event: SaleEvent{book_id=3, country_id=1, price=78.19364422332026, quantity=6, timestamp=1778783517368}
[kafka-producer-network-thread | producer-1] INFO is.project3.SaleEventProducer - Sent sale event: SaleEvent{book_id=1, country_id=2, price=985.3461904963706, quantity=1, timestamp=1778783517419}
[kafka-producer-network-thread | producer-1] INFO is.project3.SaleEventProducer - Sent sale event: SaleEvent{book_id=5, country_id=2, price=9.847381893303337, quantity=10, timestamp=1778783517472}
[kafka-producer-network-thread | producer-1] INFO is.project3.SaleEventProducer - Sent sale event: SaleEvent{book_id=1, country_id=4, price=976.1302217504337, quantity=10, timestamp=1778783517525}
[kafka-producer-network-thread | producer-1] INFO is.project3.SaleEventProducer - Sent sale event: SaleEvent{book_id=4, country_id=5, price=317.10969167530544, quantity=3, timestamp=1778783517580}
[kafka-producer-network-thread | producer-1] INFO is.project3.SaleEventProducer - Sent sale event: SaleEvent{book_id=1, country_id=3, price=980.4624983470841, quantity=1, timestamp=1778783517631}
[kafka-producer-network-thread | producer-1] INFO is.project3.SaleEventProducer - Sent sale event: SaleEvent{book_id=5, country_id=5, price=10.187116888714458, quantity=10, timestamp=1778783517685}
[kafka-producer-network-thread | producer-1] INFO is.project3.SaleEventProducer - Sent sale event: SaleEvent{book_id=2, country_id=2, price=29.643697944892892, quantity=5, timestamp=1778783517736}
[kafka-producer-network-thread | producer-1] INFO is.project3.SaleEventProducer - Sent sale event: SaleEvent{book_id=1, country_id=5, price=978.9663204609335, quantity=10, timestamp=1778783517787}
[kafka-producer-network-thread | producer-1] INFO is.project3.SaleEventProducer - Sent sale event: SaleEvent{book_id=2, country_id=5, price=31.647742487762024, quantity=10, timestamp=1778783517840}
[kafka-producer-network-thread | producer-1] INFO is.project3.SaleEventProducer - Sent sale event: SaleEvent{book_id=2, country_id=1, price=30.17230574417283, quantity=4, timestamp=1778783517894}
[kafka-producer-network-thread | producer-1] INFO is.project3.SaleEventProducer - Sent sale event: SaleEvent{book_id=1, country_id=1, price=857.8572651561284, quantity=6, timestamp=1778783517945}
[kafka-producer-network-thread | producer-1] INFO is.project3.SaleEventProducer - Sent sale event: SaleEvent{book_id=5, country_id=2, price=10.11919617257943, quantity=9, timestamp=1778783517995}
[kafka-producer-network-thread | producer-1] INFO is.project3.SaleEventProducer - Sent sale event: SaleEvent{book_id=3, country_id=5, price=77.94877671594683, quantity=6, timestamp=1778783518046}
[kafka-producer-network-thread | producer-1] INFO is.project3.SaleEventProducer - Sent sale event: SaleEvent{book_id=3, country_id=2, price=83.07655085449008, quantity=4, timestamp=1778783518097}
[kafka-producer-network-thread | producer-1] INFO is.project3.SaleEventProducer - Sent sale event: SaleEvent{book_id=3, country_id=1, price=80.81656842101884, quantity=3, timestamp=1778783518148}
[kafka-producer-network-thread | producer-1] INFO is.project3.SaleEventProducer - Sent sale event: SaleEvent{book_id=3, country_id=2, price=79.68218427620036, quantity=1, timestamp=1778783518199}
[kafka-producer-network-thread | producer-1] INFO is.project3.SaleEventProducer - Sent sale event: SaleEvent{book_id=1, country_id=3, price=905.3304065083529, quantity=5, timestamp=1778783518250}
[kafka-producer-network-thread | producer-1] INFO is.project3.SaleEventProducer - Sent sale event: SaleEvent{book_id=1, country_id=2, price=972.0983113914453, quantity=10, timestamp=1778783518301}
[kafka-producer-network-thread | producer-1] INFO is.project3.SaleEventProducer - Sent sale event: SaleEvent{book_id=2, country_id=2, price=32.678434441206655, quantity=4, timestamp=1778783518352}
[kafka-producer-network-thread | producer-1] INFO is.project3.SaleEventProducer - Sent sale event: SaleEvent{book_id=2, country_id=4, price=32.34859548004535, quantity=10, timestamp=1778783518403}
[kafka-producer-network-thread | producer-1] INFO is.project3.SaleEventProducer - Sent sale event: SaleEvent{book_id=4, country_id=1, price=326.89129982196476, quantity=1, timestamp=1778783518453}
[kafka-producer-network-thread | producer-1] INFO is.project3.SaleEventProducer - Sent sale event: SaleEvent{book_id=5, country_id=4, price=10.403906116355508, quantity=10, timestamp=1778783518504}
[kafka-producer-network-thread | producer-1] INFO is.project3.SaleEventProducer - Sent sale event: SaleEvent{book_id=4, country_id=4, price=279.476159925029, quantity=1, timestamp=1778783518554}
[kafka-producer-network-thread | producer-1] INFO is.project3.SaleEventProducer - Sent sale event: SaleEvent{book_id=1, country_id=1, price=904.9851504668056, quantity=6, timestamp=1778783518605}
[kafka-producer-network-thread | producer-1] INFO is.project3.SaleEventProducer - Sent sale event: SaleEvent{book_id=1, country_id=4, price=930.6964627309668, quantity=1, timestamp=1778783518656}
[kafka-producer-network-thread | producer-1] INFO is.project3.SaleEventProducer - Sent sale event: SaleEvent{book_id=5, country_id=4, price=9.561459003701943, quantity=3, timestamp=1778783518706}
[kafka-producer-network-thread | producer-1] INFO is.project3.SaleEventProducer - Sent sale event: SaleEvent{book_id=4, country_id=5, price=295.39387197935355, quantity=1, timestamp=1778783518757}
[kafka-producer-network-thread | producer-1] INFO is.project3.SaleEventProducer - Sent sale event: SaleEvent{book_id=5, country_id=5, price=10.159178661608466, quantity=7, timestamp=1778783518808}
[kafka-producer-network-thread | producer-1] INFO is.project3.SaleEventProducer - Sent sale event: SaleEvent{book_id=4, country_id=5, price=329.3492630909679, quantity=10, timestamp=1778783518859}
[kafka-producer-network-thread | producer-1] INFO is.project3.SaleEventProducer - Sent sale event: SaleEvent{book_id=4, country_id=1, price=290.83724177622497, quantity=10, timestamp=1778783518910}
[kafka-producer-network-thread | producer-1] INFO is.project3.SaleEventProducer - Sent sale event: SaleEvent{book_id=5, country_id=3, price=9.921879442914422, quantity=8, timestamp=1778783518960}
[kafka-producer-network-thread | producer-1] INFO is.project3.SaleEventProducer - Sent sale event: SaleEvent{book_id=3, country_id=3, price=80.24336695596176, quantity=8, timestamp=1778783519012}
[kafka-producer-network-thread | producer-1] INFO is.project3.SaleEventProducer - Sent sale event: SaleEvent{book_id=3, country_id=5, price=81.75448126211933, quantity=4, timestamp=1778783519062}
[kafka-producer-network-thread | producer-1] INFO is.project3.SaleEventProducer - Sent sale event: SaleEvent{book_id=4, country_id=5, price=307.61477988147726, quantity=2, timestamp=1778783519112}
[kafka-producer-network-thread | producer-1] INFO is.project3.SaleEventProducer - Sent sale event: SaleEvent{book_id=4, country_id=5, price=314.35115588216524, quantity=9, timestamp=1778783519163}
[kafka-producer-network-thread | producer-1] INFO is.project3.SaleEventProducer - Sent sale event: SaleEvent{book_id=5, country_id=1, price=9.012069402253953, quantity=8, timestamp=1778783519213}
[kafka-producer-network-thread | producer-1] INFO is.project3.SaleEventProducer - Sent sale event: SaleEvent{book_id=1, country_id=1, price=868.9774985330604, quantity=7, timestamp=1778783519264}
[kafka-producer-network-thread | producer-1] INFO is.project3.SaleEventProducer - Sent sale event: SaleEvent{book_id=1, country_id=3, price=946.0816405264129, quantity=6, timestamp=1778783519314}
[kafka-producer-network-thread | producer-1] INFO is.project3.SaleEventProducer - Sent sale event: SaleEvent{book_id=1, country_id=5, price=915.4369144062836, quantity=10, timestamp=1778783519365}
[kafka-producer-network-thread | producer-1] INFO is.project3.SaleEventProducer - Sent sale event: SaleEvent{book_id=5, country_id=3, price=10.525848142711446, quantity=7, timestamp=1778783519415}
[kafka-producer-network-thread | producer-1] INFO is.project3.SaleEventProducer - Sent sale event: SaleEvent{book_id=2, country_id=5, price=31.482684832354625, quantity=3, timestamp=1778783519466}
[kafka-producer-network-thread | producer-1] INFO is.project3.SaleEventProducer - Sent sale event: SaleEvent{book_id=3, country_id=4, price=87.39294236522161, quantity=3, timestamp=1778783519517}
[kafka-producer-network-thread | producer-1] INFO is.project3.SaleEventProducer - Sent sale event: SaleEvent{book_id=3, country_id=2, price=87.07767326714315, quantity=9, timestamp=1778783519567}
[kafka-producer-network-thread | producer-1] INFO is.project3.SaleEventProducer - Sent sale event: SaleEvent{book_id=3, country_id=1, price=79.06513484774526, quantity=6, timestamp=1778783519618}
[kafka-producer-network-thread | producer-1] INFO is.project3.SaleEventProducer - Sent sale event: SaleEvent{book_id=5, country_id=4, price=10.04429951751881, quantity=10, timestamp=1778783519669}
[kafka-producer-network-thread | producer-1] INFO is.project3.SaleEventProducer - Sent sale event: SaleEvent{book_id=3, country_id=3, price=78.61059296269147, quantity=3, timestamp=1778783519720}
[kafka-producer-network-thread | producer-1] INFO is.project3.SaleEventProducer - Sent sale event: SaleEvent{book_id=2, country_id=3, price=32.958325511285636, quantity=3, timestamp=1778783519771}
[kafka-producer-network-thread | producer-1] INFO is.project3.SaleEventProducer - Sent sale event: SaleEvent{book_id=2, country_id=2, price=27.124590225998713, quantity=1, timestamp=1778783519822}
[kafka-producer-network-thread | producer-1] INFO is.project3.SaleEventProducer - Sent sale event: SaleEvent{book_id=1, country_id=2, price=824.3568847426573, quantity=3, timestamp=1778783519873}
[kafka-producer-network-thread | producer-1] INFO is.project3.SaleEventProducer - Sent sale event: SaleEvent{book_id=4, country_id=1, price=295.8982886320068, quantity=4, timestamp=1778783519923}
[kafka-producer-network-thread | producer-1] INFO is.project3.SaleEventProducer - Sent sale event: SaleEvent{book_id=1, country_id=3, price=929.2989932662291, quantity=10, timestamp=1778783519974}
[kafka-producer-network-thread | producer-1] INFO is.project3.SaleEventProducer - Sent sale event: SaleEvent{book_id=3, country_id=4, price=75.64847653995353, quantity=5, timestamp=1778783520024}
[kafka-producer-network-thread | producer-1] INFO is.project3.SaleEventProducer - Sent sale event: SaleEvent{book_id=3, country_id=5, price=74.21650511943893, quantity=2, timestamp=1778783520075}
[kafka-producer-network-thread | producer-1] INFO is.project3.SaleEventProducer - Sent sale event: SaleEvent{book_id=5, country_id=1, price=10.048355918877187, quantity=10, timestamp=1778783520125}
[kafka-producer-network-thread | producer-1] INFO is.project3.SaleEventProducer - Sent sale event: SaleEvent{book_id=5, country_id=4, price=9.246748891752372, quantity=10, timestamp=1778783520176}
[kafka-producer-network-thread | producer-1] INFO is.project3.SaleEventProducer - Sent sale event: SaleEvent{book_id=5, country_id=5, price=10.410869422973171, quantity=3, timestamp=1778783520227}
[kafka-producer-network-thread | producer-1] INFO is.project3.SaleEventProducer - Sent sale event: SaleEvent{book_id=5, country_id=1, price=10.11444309526946, quantity=2, timestamp=1778783520278}
[kafka-producer-network-thread | producer-1] INFO is.project3.SaleEventProducer - Sent sale event: SaleEvent{book_id=4, country_id=1, price=313.4747225303778, quantity=3, timestamp=1778783520329}
[kafka-producer-network-thread | producer-1] INFO is.project3.SaleEventProducer - Sent sale event: SaleEvent{book_id=3, country_id=2, price=86.03686528792998, quantity=7, timestamp=1778783520380}
[kafka-producer-network-thread | producer-1] INFO is.project3.SaleEventProducer - Sent sale event: SaleEvent{book_id=1, country_id=2, price=964.0427800913515, quantity=7, timestamp=1778783520431}
[kafka-producer-network-thread | producer-1] INFO is.project3.SaleEventProducer - Sent sale event: SaleEvent{book_id=4, country_id=2, price=286.4215654333711, quantity=7, timestamp=1778783520482}
[kafka-producer-network-thread | producer-1] INFO is.project3.SaleEventProducer - Sent sale event: SaleEvent{book_id=1, country_id=4, price=809.996845594645, quantity=9, timestamp=1778783520532}
[kafka-producer-network-thread | producer-1] INFO is.project3.SaleEventProducer - Sent sale event: SaleEvent{book_id=5, country_id=1, price=10.530289566019318, quantity=10, timestamp=1778783520582}
[kafka-producer-network-thread | producer-1] INFO is.project3.SaleEventProducer - Sent sale event: SaleEvent{book_id=4, country_id=1, price=290.40204975606235, quantity=3, timestamp=1778783520633}
[kafka-producer-network-thread | producer-1] INFO is.project3.SaleEventProducer - Sent sale event: SaleEvent{book_id=1, country_id=4, price=952.4116900504455, quantity=9, timestamp=1778783520683}
[kafka-producer-network-thread | producer-1] INFO is.project3.SaleEventProducer - Sent sale event: SaleEvent{book_id=5, country_id=3, price=10.622372111462287, quantity=7, timestamp=1778783520733}
[kafka-producer-network-thread | producer-1] INFO is.project3.SaleEventProducer - Sent sale event: SaleEvent{book_id=2, country_id=2, price=31.07855006278511, quantity=7, timestamp=1778783520784}
[kafka-producer-network-thread | producer-1] INFO is.project3.SaleEventProducer - Sent sale event: SaleEvent{book_id=2, country_id=5, price=30.602049902889803, quantity=6, timestamp=1778783520834}
[kafka-producer-network-thread | producer-1] INFO is.project3.SaleEventProducer - Sent sale event: SaleEvent{book_id=1, country_id=5, price=911.6069368867384, quantity=4, timestamp=1778783520885}
[kafka-producer-network-thread | producer-1] INFO is.project3.SaleEventProducer - Sent sale event: SaleEvent{book_id=3, country_id=1, price=74.8095053159715, quantity=5, timestamp=1778783520936}
[kafka-producer-network-thread | producer-1] INFO is.project3.SaleEventProducer - Sent sale event: SaleEvent{book_id=4, country_id=2, price=317.80155182316304, quantity=4, timestamp=1778783520986}
[kafka-producer-network-thread | producer-1] INFO is.project3.SaleEventProducer - Sent sale event: SaleEvent{book_id=3, country_id=1, price=83.97408590689679, quantity=7, timestamp=1778783521037}
[kafka-producer-network-thread | producer-1] INFO is.project3.SaleEventProducer - Sent sale event: SaleEvent{book_id=4, country_id=1, price=270.26141877624883, quantity=3, timestamp=1778783521088}
[kafka-producer-network-thread | producer-1] INFO is.project3.SaleEventProducer - Sent sale event: SaleEvent{book_id=5, country_id=1, price=10.710930911602839, quantity=2, timestamp=1778783521139}
[kafka-producer-network-thread | producer-1] INFO is.project3.SaleEventProducer - Sent sale event: SaleEvent{book_id=4, country_id=1, price=272.8486080973538, quantity=8, timestamp=1778783521190}
[kafka-producer-network-thread | producer-1] INFO is.project3.SaleEventProducer - Sent sale event: SaleEvent{book_id=4, country_id=2, price=327.17261093542174, quantity=4, timestamp=1778783521241}
[kafka-producer-network-thread | producer-1] INFO is.project3.SaleEventProducer - Sent sale event: SaleEvent{book_id=3, country_id=2, price=72.99720093204324, quantity=6, timestamp=1778783521292}
[kafka-producer-network-thread | producer-1] INFO is.project3.SaleEventProducer - Sent sale event: SaleEvent{book_id=1, country_id=4, price=959.7668819508256, quantity=3, timestamp=1778783521342}
[kafka-producer-network-thread | producer-1] INFO is.project3.SaleEventProducer - Sent sale event: SaleEvent{book_id=2, country_id=3, price=30.50070606735946, quantity=1, timestamp=1778783521393}
[kafka-producer-network-thread | producer-1] INFO is.project3.SaleEventProducer - Sent sale event: SaleEvent{book_id=2, country_id=4, price=31.4071859939592, quantity=7, timestamp=1778783521443}
[kafka-producer-network-thread | producer-1] INFO is.project3.SaleEventProducer - Sent sale event: SaleEvent{book_id=4, country_id=4, price=277.84114686044114, quantity=8, timestamp=1778783521493}
[kafka-producer-network-thread | producer-1] INFO is.project3.SaleEventProducer - Sent sale event: SaleEvent{book_id=1, country_id=3, price=934.2988337136578, quantity=8, timestamp=1778783521544}
[kafka-producer-network-thread | producer-1] INFO is.project3.SaleEventProducer - Sent sale event: SaleEvent{book_id=3, country_id=4, price=75.5936120684407, quantity=5, timestamp=1778783521594}
[kafka-producer-network-thread | producer-1] INFO is.project3.SaleEventProducer - Sent sale event: SaleEvent{book_id=2, country_id=4, price=28.037550446028725, quantity=4, timestamp=1778783521645}
[kafka-producer-network-thread | producer-1] INFO is.project3.SaleEventProducer - Sent sale event: SaleEvent{book_id=3, country_id=2, price=83.58298977631274, quantity=2, timestamp=1778783521695}
[kafka-producer-network-thread | producer-1] INFO is.project3.SaleEventProducer - Sent sale event: SaleEvent{book_id=5, country_id=2, price=10.91530695572729, quantity=8, timestamp=1778783521746}
[kafka-producer-network-thread | producer-1] INFO is.project3.SaleEventProducer - Sent sale event: SaleEvent{book_id=3, country_id=4, price=73.91511741960544, quantity=1, timestamp=1778783521797}
[kafka-producer-network-thread | producer-1] INFO is.project3.SaleEventProducer - Sent sale event: SaleEvent{book_id=2, country_id=3, price=30.33101274324843, quantity=2, timestamp=1778783521848}
[kafka-producer-network-thread | producer-1] INFO is.project3.SaleEventProducer - Sent sale event: SaleEvent{book_id=4, country_id=1, price=294.23629720093555, quantity=9, timestamp=1778783521898}
[kafka-producer-network-thread | producer-1] INFO is.project3.SaleEventProducer - Sent sale event: SaleEvent{book_id=3, country_id=3, price=79.46403371543349, quantity=2, timestamp=1778783521949}
[kafka-producer-network-thread | producer-1] INFO is.project3.SaleEventProducer - Sent sale event: SaleEvent{book_id=3, country_id=4, price=78.29980764554956, quantity=7, timestamp=1778783522000}
[kafka-producer-network-thread | producer-1] INFO is.project3.SaleEventProducer - Sent sale event: SaleEvent{book_id=5, country_id=5, price=9.887646327890552, quantity=5, timestamp=1778783522051}
[kafka-producer-network-thread | producer-1] INFO is.project3.SaleEventProducer - Sent sale event: SaleEvent{book_id=2, country_id=1, price=32.48654608257748, quantity=9, timestamp=1778783522102}
[kafka-producer-network-thread | producer-1] INFO is.project3.SaleEventProducer - Sent sale event: SaleEvent{book_id=5, country_id=4, price=9.510771964946409, quantity=5, timestamp=1778783522153}
[kafka-producer-network-thread | producer-1] INFO is.project3.SaleEventProducer - Sent sale event: SaleEvent{book_id=3, country_id=4, price=78.39637029681546, quantity=9, timestamp=1778783522203}
[kafka-producer-network-thread | producer-1] INFO is.project3.SaleEventProducer - Sent sale event: SaleEvent{book_id=4, country_id=5, price=273.11010463697977, quantity=6, timestamp=1778783522254}
[kafka-producer-network-thread | producer-1] INFO is.project3.SaleEventProducer - Sent sale event: SaleEvent{book_id=2, country_id=5, price=27.27040054750332, quantity=9, timestamp=1778783522304}
[kafka-producer-network-thread | producer-1] INFO is.project3.SaleEventProducer - Sent sale event: SaleEvent{book_id=3, country_id=5, price=82.41385333050061, quantity=9, timestamp=1778783522355}
[kafka-producer-network-thread | producer-1] INFO is.project3.SaleEventProducer - Sent sale event: SaleEvent{book_id=5, country_id=1, price=10.285424356465523, quantity=2, timestamp=1778783522405}
[kafka-producer-network-thread | producer-1] INFO is.project3.SaleEventProducer - Sent sale event: SaleEvent{book_id=2, country_id=5, price=31.670898876150638, quantity=8, timestamp=1778783522456}
[kafka-producer-network-thread | producer-1] INFO is.project3.SaleEventProducer - Sent sale event: SaleEvent{book_id=5, country_id=4, price=10.60273252446347, quantity=6, timestamp=1778783522506}
[kafka-producer-network-thread | producer-1] INFO is.project3.SaleEventProducer - Sent sale event: SaleEvent{book_id=2, country_id=4, price=29.315403156112804, quantity=6, timestamp=1778783522557}
[kafka-producer-network-thread | producer-1] INFO is.project3.SaleEventProducer - Sent sale event: SaleEvent{book_id=1, country_id=2, price=856.1119930166783, quantity=10, timestamp=1778783522608}
[kafka-producer-network-thread | producer-1] INFO is.project3.SaleEventProducer - Sent sale event: SaleEvent{book_id=1, country_id=1, price=944.149221356839, quantity=5, timestamp=1778783522659}
[kafka-producer-network-thread | producer-1] INFO is.project3.SaleEventProducer - Sent sale event: SaleEvent{book_id=2, country_id=5, price=30.937551225290708, quantity=8, timestamp=1778783522710}
[kafka-producer-network-thread | producer-1] INFO is.project3.SaleEventProducer - Sent sale event: SaleEvent{book_id=5, country_id=5, price=10.255028923792622, quantity=5, timestamp=1778783522761}
[kafka-producer-network-thread | producer-1] INFO is.project3.SaleEventProducer - Sent sale event: SaleEvent{book_id=4, country_id=5, price=281.1729749374578, quantity=4, timestamp=1778783522812}
[kafka-producer-network-thread | producer-1] INFO is.project3.SaleEventProducer - Sent sale event: SaleEvent{book_id=4, country_id=4, price=296.73549818506524, quantity=1, timestamp=1778783522862}
[kafka-producer-network-thread | producer-1] INFO is.project3.SaleEventProducer - Sent sale event: SaleEvent{book_id=4, country_id=1, price=305.52672538103945, quantity=7, timestamp=1778783522913}
[kafka-producer-network-thread | producer-1] INFO is.project3.SaleEventProducer - Sent sale event: SaleEvent{book_id=1, country_id=1, price=898.2948917829948, quantity=3, timestamp=1778783522963}
[kafka-producer-network-thread | producer-1] INFO is.project3.SaleEventProducer - Sent sale event: SaleEvent{book_id=1, country_id=1, price=828.6168968678489, quantity=9, timestamp=1778783523016}
[kafka-producer-network-thread | producer-1] INFO is.project3.SaleEventProducer - Sent sale event: SaleEvent{book_id=3, country_id=4, price=73.20366080562734, quantity=8, timestamp=1778783523066}
[kafka-producer-network-thread | producer-1] INFO is.project3.SaleEventProducer - Sent sale event: SaleEvent{book_id=4, country_id=3, price=284.1942967812509, quantity=6, timestamp=1778783523117}
[kafka-producer-network-thread | producer-1] INFO is.project3.SaleEventProducer - Sent sale event: SaleEvent{book_id=2, country_id=4, price=27.219657099507874, quantity=7, timestamp=1778783523169}
[kafka-producer-network-thread | producer-1] INFO is.project3.SaleEventProducer - Sent sale event: SaleEvent{book_id=2, country_id=1, price=32.10738923611936, quantity=5, timestamp=1778783523221}
[kafka-producer-network-thread | producer-1] INFO is.project3.SaleEventProducer - Sent sale event: SaleEvent{book_id=4, country_id=4, price=277.5140007189912, quantity=7, timestamp=1778783523274}
[kafka-producer-network-thread | producer-1] INFO is.project3.SaleEventProducer - Sent sale event: SaleEvent{book_id=1, country_id=1, price=854.7916833159857, quantity=2, timestamp=1778783523328}
[kafka-producer-network-thread | producer-1] INFO is.project3.SaleEventProducer - Sent sale event: SaleEvent{book_id=2, country_id=4, price=31.143835111336678, quantity=5, timestamp=1778783523379}
[kafka-producer-network-thread | producer-1] INFO is.project3.SaleEventProducer - Sent sale event: SaleEvent{book_id=2, country_id=5, price=29.753336418830212, quantity=1, timestamp=1778783523430}
[kafka-producer-network-thread | producer-1] INFO is.project3.SaleEventProducer - Sent sale event: SaleEvent{book_id=4, country_id=1, price=273.5919132988454, quantity=8, timestamp=1778783523481}
[kafka-producer-network-thread | producer-1] INFO is.project3.SaleEventProducer - Sent sale event: SaleEvent{book_id=2, country_id=2, price=28.23062626569351, quantity=6, timestamp=1778783523532}
[kafka-producer-network-thread | producer-1] INFO is.project3.SaleEventProducer - Sent sale event: SaleEvent{book_id=1, country_id=1, price=986.1258742559163, quantity=3, timestamp=1778783524075}
[kafka-producer-network-thread | producer-1] INFO is.project3.SaleEventProducer - Sent sale event: SaleEvent{book_id=3, country_id=1, price=84.3736009472285, quantity=8, timestamp=1778783521323}
[kafka-producer-network-thread | producer-1] INFO is.project3.SaleEventProducer - Sent sale event: SaleEvent{book_id=3, country_id=4, price=87.7507067539608, quantity=3, timestamp=1778783521374}
[kafka-producer-network-thread | producer-1] INFO is.project3.SaleEventProducer - Sent sale event: SaleEvent{book_id=3, country_id=1, price=86.43262811674164, quantity=1, timestamp=1778783521424}
[kafka-producer-network-thread | producer-1] INFO is.project3.SaleEventProducer - Sent sale event: SaleEvent{book_id=1, country_id=2, price=936.6257423261976, quantity=1, timestamp=1778783521475}
[kafka-producer-network-thread | producer-1] INFO is.project3.SaleEventProducer - Sent sale event: SaleEvent{book_id=2, country_id=2, price=28.696182299029385, quantity=6, timestamp=1778783521525}
[kafka-producer-network-thread | producer-1] INFO is.project3.SaleEventProducer - Sent sale event: SaleEvent{book_id=5, country_id=1, price=9.152319105721169, quantity=5, timestamp=1778783521576}
[kafka-producer-network-thread | producer-1] INFO is.project3.SaleEventProducer - Sent sale event: SaleEvent{book_id=4, country_id=5, price=295.4598918330401, quantity=6, timestamp=1778783521627}
[kafka-producer-network-thread | producer-1] INFO is.project3.SaleEventProducer - Sent sale event: SaleEvent{book_id=5, country_id=2, price=9.451190170617917, quantity=6, timestamp=1778783521677}
[kafka-producer-network-thread | producer-1] INFO is.project3.SaleEventProducer - Sent sale event: SaleEvent{book_id=2, country_id=4, price=32.5085956101714, quantity=10, timestamp=1778783521729}
[kafka-producer-network-thread | producer-1] INFO is.project3.SaleEventProducer - Sent sale event: SaleEvent{book_id=3, country_id=3, price=86.42751135190558, quantity=2, timestamp=1778783521779}
[kafka-producer-network-thread | producer-1] INFO is.project3.SaleEventProducer - Sent sale event: SaleEvent{book_id=2, country_id=4, price=32.79680719409062, quantity=6, timestamp=1778783521830}
[kafka-producer-network-thread | producer-1] INFO is.project3.SaleEventProducer - Sent sale event: SaleEvent{book_id=5, country_id=4, price=9.119850233046924, quantity=7, timestamp=1778783521881}
[kafka-producer-network-thread | producer-1] INFO is.project3.SaleEventProducer - Sent sale event: SaleEvent{book_id=2, country_id=1, price=28.802559041402986, quantity=6, timestamp=1778783521932}
[kafka-producer-network-thread | producer-1] INFO is.project3.SaleEventProducer - Sent sale event: SaleEvent{book_id=4, country_id=3, price=280.91936356781486, quantity=10, timestamp=1778783521982}
[kafka-producer-network-thread | producer-1] INFO is.project3.SaleEventProducer - Sent sale event: SaleEvent{book_id=2, country_id=1, price=32.40286404453007, quantity=6, timestamp=1778783522033}
[kafka-producer-network-thread | producer-1] INFO is.project3.SaleEventProducer - Sent sale event: SaleEvent{book_id=2, country_id=3, price=30.87981129381458, quantity=4, timestamp=1778783522083}
[kafka-producer-network-thread | producer-1] INFO is.project3.SaleEventProducer - Sent sale event: SaleEvent{book_id=4, country_id=2, price=321.3598729917678, quantity=3, timestamp=1778783522134}
[kafka-producer-network-thread | producer-1] INFO is.project3.SaleEventProducer - Sent sale event: SaleEvent{book_id=4, country_id=4, price=313.54834682259025, quantity=7, timestamp=1778783522185}
[kafka-producer-network-thread | producer-1] INFO is.project3.SaleEventProducer - Sent sale event: SaleEvent{book_id=5, country_id=4, price=10.811289352830512, quantity=9, timestamp=1778783522235}
[kafka-producer-network-thread | producer-1] INFO is.project3.SaleEventProducer - Sent sale event: SaleEvent{book_id=1, country_id=4, price=983.8798583525006, quantity=5, timestamp=1778783522286}
[kafka-producer-network-thread | producer-1] INFO is.project3.SaleEventProducer - Sent sale event: SaleEvent{book_id=5, country_id=5, price=10.090577286042048, quantity=6, timestamp=1778783522337}
[kafka-producer-network-thread | producer-1] INFO is.project3.SaleEventProducer - Sent sale event: SaleEvent{book_id=5, country_id=5, price=9.427904306136591, quantity=9, timestamp=1778783522388}
[kafka-producer-network-thread | producer-1] INFO is.project3.SaleEventProducer - Sent sale event: SaleEvent{book_id=1, country_id=3, price=970.990659002899, quantity=5, timestamp=1778783522439}
[kafka-producer-network-thread | producer-1] INFO is.project3.SaleEventProducer - Sent sale event: SaleEvent{book_id=2, country_id=4, price=32.49112268501425, quantity=4, timestamp=1778783522490}
[kafka-producer-network-thread | producer-1] INFO is.project3.SaleEventProducer - Sent sale event: SaleEvent{book_id=3, country_id=2, price=84.98443750770285, quantity=10, timestamp=1778783522541}
[kafka-producer-network-thread | producer-1] INFO is.project3.SaleEventProducer - Sent sale event: SaleEvent{book_id=3, country_id=1, price=87.0646264023219, quantity=4, timestamp=1778783522592}
[kafka-producer-network-thread | producer-1] INFO is.project3.SaleEventProducer - Sent sale event: SaleEvent{book_id=2, country_id=2, price=32.205258073045826, quantity=3, timestamp=1778783522643}
[kafka-producer-network-thread | producer-1] INFO is.project3.SaleEventProducer - Sent sale event: SaleEvent{book_id=1, country_id=3, price=819.4663089470619, quantity=1, timestamp=1778783522693}
[kafka-producer-network-thread | producer-1] INFO is.project3.SaleEventProducer - Sent sale event: SaleEvent{book_id=4, country_id=5, price=286.18495692074436, quantity=1, timestamp=1778783522743}
[kafka-producer-network-thread | producer-1] INFO is.project3.SaleEventProducer - Sent sale event: SaleEvent{book_id=2, country_id=5, price=29.697358741908488, quantity=3, timestamp=1778783522794}
[kafka-producer-network-thread | producer-1] INFO is.project3.SaleEventProducer - Sent sale event: SaleEvent{book_id=3, country_id=5, price=73.10733934298956, quantity=8, timestamp=1778783522845}
[kafka-producer-network-thread | producer-1] INFO is.project3.SaleEventProducer - Sent sale event: SaleEvent{book_id=2, country_id=1, price=27.572719480540787, quantity=3, timestamp=1778783522895}
[kafka-producer-network-thread | producer-1] INFO is.project3.SaleEventProducer - Sent sale event: SaleEvent{book_id=3, country_id=5, price=79.41826051103527, quantity=2, timestamp=1778783522946}
[kafka-producer-network-thread | producer-1] INFO is.project3.SaleEventProducer - Sent sale event: SaleEvent{book_id=2, country_id=3, price=29.29108397645914, quantity=10, timestamp=1778783522997}
[kafka-producer-network-thread | producer-1] INFO is.project3.SaleEventProducer - Sent sale event: SaleEvent{book_id=4, country_id=2, price=292.5804876423988, quantity=6, timestamp=1778783523048}
[kafka-producer-network-thread | producer-1] INFO is.project3.SaleEventProducer - Sent sale event: SaleEvent{book_id=2, country_id=1, price=27.59818735419032, quantity=10, timestamp=1778783523098}
[kafka-producer-network-thread | producer-1] INFO is.project3.SaleEventProducer - Sent sale event: SaleEvent{book_id=3, country_id=3, price=74.39175678466829, quantity=4, timestamp=1778783523149}
[kafka-producer-network-thread | producer-1] INFO is.project3.SaleEventProducer - Sent sale event: SaleEvent{book_id=4, country_id=2, price=312.7548004815775, quantity=3, timestamp=1778783523201}
[kafka-producer-network-thread | producer-1] INFO is.project3.SaleEventProducer - Sent sale event: SaleEvent{book_id=3, country_id=5, price=83.4536127078175, quantity=5, timestamp=1778783523252}
[kafka-producer-network-thread | producer-1] INFO is.project3.SaleEventProducer - Sent sale event: SaleEvent{book_id=1, country_id=1, price=864.9326464558447, quantity=4, timestamp=1778783523302}
[kafka-producer-network-thread | producer-1] INFO is.project3.SaleEventProducer - Sent sale event: SaleEvent{book_id=3, country_id=2, price=80.01001596095772, quantity=1, timestamp=1778783523352}
[kafka-producer-network-thread | producer-1] INFO is.project3.SaleEventProducer - Sent sale event: SaleEvent{book_id=3, country_id=1, price=82.51248589373411, quantity=8, timestamp=1778783523403}
[kafka-producer-network-thread | producer-1] INFO is.project3.SaleEventProducer - Sent sale event: SaleEvent{book_id=5, country_id=3, price=9.246789934170033, quantity=3, timestamp=1778783523453}
[kafka-producer-network-thread | producer-1] INFO is.project3.SaleEventProducer - Sent sale event: SaleEvent{book_id=1, country_id=4, price=988.2210006551124, quantity=2, timestamp=1778783523504}
[kafka-producer-network-thread | producer-1] INFO is.project3.SaleEventProducer - Sent sale event: SaleEvent{book_id=2, country_id=5, price=30.99699655989482, quantity=1, timestamp=1778783523554}
[kafka-producer-network-thread | producer-1] INFO is.project3.SaleEventProducer - Sent sale event: SaleEvent{book_id=3, country_id=1, price=73.1932072565779, quantity=2, timestamp=1778783523605}
[kafka-producer-network-thread | producer-1] INFO is.project3.SaleEventProducer - Sent sale event: SaleEvent{book_id=3, country_id=4, price=76.9921425447809, quantity=7, timestamp=1778783523656}
[kafka-producer-network-thread | producer-1] INFO is.project3.SaleEventProducer - Sent sale event: SaleEvent{book_id=2, country_id=3, price=28.64590221420525, quantity=6, timestamp=1778783523706}
[kafka-producer-network-thread | producer-1] INFO is.project3.SaleEventProducer - Sent sale event: SaleEvent{book_id=5, country_id=2, price=9.231501890877258, quantity=8, timestamp=1778783523757}
[kafka-producer-network-thread | producer-1] INFO is.project3.SaleEventProducer - Sent sale event: SaleEvent{book_id=1, country_id=2, price=954.6188664614234, quantity=4, timestamp=1778783523808}
[kafka-producer-network-thread | producer-1] INFO is.project3.SaleEventProducer - Sent sale event: SaleEvent{book_id=2, country_id=5, price=27.328061181801377, quantity=10, timestamp=1778783523860}
[kafka-producer-network-thread | producer-1] INFO is.project3.SaleEventProducer - Sent sale event: SaleEvent{book_id=3, country_id=3, price=86.76102339762832, quantity=3, timestamp=1778783523911}
[kafka-producer-network-thread | producer-1] INFO is.project3.SaleEventProducer - Sent sale event: SaleEvent{book_id=1, country_id=1, price=976.280068555357, quantity=6, timestamp=1778783523963}
[kafka-producer-network-thread | producer-1] INFO is.project3.SaleEventProducer - Sent sale event: SaleEvent{book_id=1, country_id=5, price=817.0940526499932, quantity=7, timestamp=1778783524014}
[kafka-producer-network-thread | producer-1] INFO is.project3.SaleEventProducer - Sent sale event: SaleEvent{book_id=5, country_id=5, price=9.656726278115073, quantity=8, timestamp=1778783524065}
[kafka-producer-network-thread | producer-1] INFO is.project3.SaleEventProducer - Sent sale event: SaleEvent{book_id=4, country_id=4, price=299.60138519397697, quantity=7, timestamp=1778783524116}
[kafka-producer-network-thread | producer-1] INFO is.project3.SaleEventProducer - Sent sale event: SaleEvent{book_id=4, country_id=3, price=275.15852048832716, quantity=8, timestamp=1778783524169}
[kafka-producer-network-thread | producer-1] INFO is.project3.SaleEventProducer - Sent sale event: SaleEvent{book_id=4, country_id=3, price=286.9131112184415, quantity=9, timestamp=1778783524224}
[kafka-producer-network-thread | producer-1] INFO is.project3.SaleEventProducer - Sent sale event: SaleEvent{book_id=2, country_id=4, price=32.857979990795215, quantity=3, timestamp=1778783524276}
[kafka-producer-network-thread | producer-1] INFO is.project3.SaleEventProducer - Sent sale event: SaleEvent{book_id=1, country_id=3, price=892.3595598887241, quantity=8, timestamp=1778783524329}
[kafka-producer-network-thread | producer-1] INFO is.project3.SaleEventProducer - Sent sale event: SaleEvent{book_id=2, country_id=4, price=32.625718036371076, quantity=10, timestamp=1778783524381}
[kafka-producer-network-thread | producer-1] INFO is.project3.SaleEventProducer - Sent sale event: SaleEvent{book_id=1, country_id=3, price=926.0059068991743, quantity=8, timestamp=1778783524436}
[kafka-producer-network-thread | producer-1] INFO is.project3.SaleEventProducer - Sent sale event: SaleEvent{book_id=2, country_id=4, price=32.16832602513713, quantity=8, timestamp=1778783524486}
[kafka-producer-network-thread | producer-1] INFO is.project3.SaleEventProducer - Sent sale event: SaleEvent{book_id=3, country_id=1, price=72.98839122727335, quantity=4, timestamp=1778783524537}
[kafka-producer-network-thread | producer-1] INFO is.project3.SaleEventProducer - Sent sale event: SaleEvent{book_id=4, country_id=5, price=322.60825486144273, quantity=5, timestamp=1778783524589}
[kafka-producer-network-thread | producer-1] INFO is.project3.SaleEventProducer - Sent sale event: SaleEvent{book_id=1, country_id=2, price=954.6337253406903, quantity=10, timestamp=1778783524640}
[kafka-producer-network-thread | producer-1] INFO is.project3.SaleEventProducer - Sent sale event: SaleEvent{book_id=2, country_id=5, price=31.364806600872434, quantity=2, timestamp=1778783524691}
[kafka-producer-network-thread | producer-1] INFO is.project3.SaleEventProducer - Sent sale event: SaleEvent{book_id=3, country_id=4, price=79.9691467360315, quantity=4, timestamp=1778783524743}
[kafka-producer-network-thread | producer-1] INFO is.project3.SaleEventProducer - Sent sale event: SaleEvent{book_id=4, country_id=4, price=321.1186307030652, quantity=3, timestamp=1778783524798}
[kafka-producer-network-thread | producer-1] INFO is.project3.SaleEventProducer - Sent sale event: SaleEvent{book_id=2, country_id=3, price=30.23929983700058, quantity=1, timestamp=1778783524848}
[kafka-producer-network-thread | producer-1] INFO is.project3.SaleEventProducer - Sent sale event: SaleEvent{book_id=2, country_id=2, price=29.607137408430575, quantity=6, timestamp=1778783524899}
[kafka-producer-network-thread | producer-1] INFO is.project3.SaleEventProducer - Sent sale event: SaleEvent{book_id=3, country_id=3, price=79.69162845097493, quantity=5, timestamp=1778783524950}
[kafka-producer-network-thread | producer-1] INFO is.project3.SaleEventProducer - Sent sale event: SaleEvent{book_id=5, country_id=1, price=10.473816536474544, quantity=3, timestamp=1778783525001}
[kafka-producer-network-thread | producer-1] INFO is.project3.SaleEventProducer - Sent sale event: SaleEvent{book_id=1, country_id=4, price=928.2179674311712, quantity=4, timestamp=1778783525051}
[kafka-producer-network-thread | producer-1] INFO is.project3.SaleEventProducer - Sent sale event: SaleEvent{book_id=1, country_id=3, price=989.9386649739683, quantity=5, timestamp=1778783525102}
[kafka-producer-network-thread | producer-1] INFO is.project3.SaleEventProducer - Sent sale event: SaleEvent{book_id=1, country_id=1, price=822.6207863766253, quantity=1, timestamp=1778783525152}
[kafka-producer-network-thread | producer-1] INFO is.project3.SaleEventProducer - Sent sale event: SaleEvent{book_id=2, country_id=2, price=31.902133373029812, quantity=8, timestamp=1778783525203}
[kafka-producer-network-thread | producer-1] INFO is.project3.SaleEventProducer - Sent sale event: SaleEvent{book_id=4, country_id=3, price=271.02368407110947, quantity=10, timestamp=1778783525253}
[kafka-producer-network-thread | producer-1] INFO is.project3.SaleEventProducer - Sent sale event: SaleEvent{book_id=4, country_id=3, price=301.73881753250134, quantity=7, timestamp=1778783525303}
[kafka-producer-network-thread | producer-1] INFO is.project3.SaleEventProducer - Sent sale event: SaleEvent{book_id=1, country_id=1, price=815.4034453179069, quantity=8, timestamp=1778783525354}
[kafka-producer-network-thread | producer-1] INFO is.project3.SaleEventProducer - Sent sale event: SaleEvent{book_id=4, country_id=1, price=281.6932576470962, quantity=5, timestamp=1778783525404}
[kafka-producer-network-thread | producer-1] INFO is.project3.SaleEventProducer - Sent sale event: SaleEvent{book_id=5, country_id=4, price=9.30775094103975, quantity=1, timestamp=1778783525455}
[kafka-producer-network-thread | producer-1] INFO is.project3.SaleEventProducer - Sent sale event: SaleEvent{book_id=4, country_id=2, price=273.32707067713073, quantity=6, timestamp=1778783525506}
[kafka-producer-network-thread | producer-1] INFO is.project3.SaleEventProducer - Sent sale event: SaleEvent{book_id=1, country_id=4, price=871.9548941873185, quantity=2, timestamp=1778783525557}
[kafka-producer-network-thread | producer-1] INFO is.project3.SaleEventProducer - Sent sale event: SaleEvent{book_id=5, country_id=2, price=10.430811398060534, quantity=2, timestamp=1778783525607}
[kafka-producer-network-thread | producer-1] INFO is.project3.SaleEventProducer - Sent sale event: SaleEvent{book_id=4, country_id=3, price=279.79974961954775, quantity=7, timestamp=1778783525658}
[kafka-producer-network-thread | producer-1] INFO is.project3.SaleEventProducer - Sent sale event: SaleEvent{book_id=1, country_id=2, price=865.337470573309, quantity=2, timestamp=1778783525709}
[kafka-producer-network-thread | producer-1] INFO is.project3.SaleEventProducer - Sent sale event: SaleEvent{book_id=1, country_id=4, price=906.8442030533024, quantity=7, timestamp=1778783525760}
[kafka-producer-network-thread | producer-1] INFO is.project3.SaleEventProducer - Sent sale event: SaleEvent{book_id=1, country_id=4, price=914.4360810794061, quantity=1, timestamp=1778783525811}
[kafka-producer-network-thread | producer-1] INFO is.project3.SaleEventProducer - Sent sale event: SaleEvent{book_id=4, country_id=4, price=304.34012113350417, quantity=2, timestamp=1778783525863}
[kafka-producer-network-thread | producer-1] INFO is.project3.SaleEventProducer - Sent sale event: SaleEvent{book_id=2, country_id=4, price=27.834976473867442, quantity=9, timestamp=1778783525913}
[kafka-producer-network-thread | producer-1] INFO is.project3.SaleEventProducer - Sent sale event: SaleEvent{book_id=1, country_id=5, price=832.5890544291339, quantity=1, timestamp=1778783525964}
[kafka-producer-network-thread | producer-1] INFO is.project3.SaleEventProducer - Sent sale event: SaleEvent{book_id=4, country_id=3, price=327.12860851392, quantity=7, timestamp=1778783526014}
[kafka-producer-network-thread | producer-1] INFO is.project3.SaleEventProducer - Sent sale event: SaleEvent{book_id=3, country_id=5, price=86.22496456888821, quantity=2, timestamp=1778783526065}
[kafka-producer-network-thread | producer-1] INFO is.project3.SaleEventProducer - Sent sale event: SaleEvent{book_id=2, country_id=5, price=30.207777210396166, quantity=10, timestamp=1778783526115}
[kafka-producer-network-thread | producer-1] INFO is.project3.SaleEventProducer - Sent sale event: SaleEvent{book_id=3, country_id=3, price=86.54089590640069, quantity=1, timestamp=1778783526166}
[kafka-producer-network-thread | producer-1] INFO is.project3.SaleEventProducer - Sent sale event: SaleEvent{book_id=4, country_id=2, price=322.04119907323667, quantity=5, timestamp=1778783526217}
[kafka-producer-network-thread | producer-1] INFO is.project3.SaleEventProducer - Sent sale event: SaleEvent{book_id=1, country_id=3, price=874.761721563919, quantity=10, timestamp=1778783526267}
[kafka-producer-network-thread | producer-1] INFO is.project3.SaleEventProducer - Sent sale event: SaleEvent{book_id=3, country_id=3, price=82.12942194071164, quantity=3, timestamp=1778783526318}
[kafka-producer-network-thread | producer-1] INFO is.project3.SaleEventProducer - Sent sale event: SaleEvent{book_id=3, country_id=2, price=83.52112550012085, quantity=5, timestamp=1778783526368}
[kafka-producer-network-thread | producer-1] INFO is.project3.SaleEventProducer - Sent sale event: SaleEvent{book_id=4, country_id=3, price=310.2637796321203, quantity=9, timestamp=1778783526419}
[kafka-producer-network-thread | producer-1] INFO is.project3.SaleEventProducer - Sent sale event: SaleEvent{book_id=1, country_id=2, price=855.0709861320455, quantity=10, timestamp=1778783526470}
[kafka-producer-network-thread | producer-1] INFO is.project3.SaleEventProducer - Sent sale event: SaleEvent{book_id=5, country_id=5, price=9.094231727079965, quantity=7, timestamp=1778783526524}
[kafka-producer-network-thread | producer-1] INFO is.project3.SaleEventProducer - Sent sale event: SaleEvent{book_id=1, country_id=5, price=972.6461330879574, quantity=1, timestamp=1778783526578}
[kafka-producer-network-thread | producer-1] INFO is.project3.SaleEventProducer - Sent sale event: SaleEvent{book_id=5, country_id=4, price=10.487624355031286, quantity=10, timestamp=1778783526631}
[kafka-producer-network-thread | producer-1] INFO is.project3.SaleEventProducer - Sent sale event: SaleEvent{book_id=1, country_id=2, price=974.9237677356629, quantity=4, timestamp=1778783526684}
[kafka-producer-network-thread | producer-1] INFO is.project3.SaleEventProducer - Sent sale event: SaleEvent{book_id=4, country_id=5, price=327.76680945661036, quantity=7, timestamp=1778783526736}
[kafka-producer-network-thread | producer-1] INFO is.project3.SaleEventProducer - Sent sale event: SaleEvent{book_id=5, country_id=5, price=10.783134672469204, quantity=1, timestamp=1778783526787}
[kafka-producer-network-thread | producer-1] INFO is.project3.SaleEventProducer - Sent sale event: SaleEvent{book_id=2, country_id=5, price=32.29670415089028, quantity=6, timestamp=1778783526839}
[kafka-producer-network-thread | producer-1] INFO is.project3.SaleEventProducer - Sent sale event: SaleEvent{book_id=1, country_id=5, price=921.9592816292813, quantity=10, timestamp=1778783526892}
[kafka-producer-network-thread | producer-1] INFO is.project3.SaleEventProducer - Sent sale event: SaleEvent{book_id=5, country_id=5, price=10.626781728320239, quantity=8, timestamp=1778783526946}
[kafka-producer-network-thread | producer-1] INFO is.project3.SaleEventProducer - Sent sale event: SaleEvent{book_id=5, country_id=2, price=9.659528777150367, quantity=4, timestamp=1778783527000}
[kafka-producer-network-thread | producer-1] INFO is.project3.SaleEventProducer - Sent sale event: SaleEvent{book_id=2, country_id=5, price=29.663278603066153, quantity=10, timestamp=1778783527051}
[kafka-producer-network-thread | producer-1] INFO is.project3.SaleEventProducer - Sent sale event: SaleEvent{book_id=2, country_id=1, price=27.157111491906438, quantity=6, timestamp=1778783527104}
[kafka-producer-network-thread | producer-1] INFO is.project3.SaleEventProducer - Sent sale event: SaleEvent{book_id=4, country_id=5, price=322.13966445742983, quantity=5, timestamp=1778783527156}
[kafka-producer-network-thread | producer-1] INFO is.project3.SaleEventProducer - Sent sale event: SaleEvent{book_id=3, country_id=2, price=78.93265311504861, quantity=6, timestamp=1778783527210}
[kafka-producer-network-thread | producer-1] INFO is.project3.SaleEventProducer - Sent sale event: SaleEvent{book_id=2, country_id=2, price=30.946278129930047, quantity=3, timestamp=1778783527261}
[kafka-producer-network-thread | producer-1] INFO is.project3.SaleEventProducer - Sent sale event: SaleEvent{book_id=3, country_id=2, price=81.63463079578564, quantity=9, timestamp=1778783527313}
[kafka-producer-network-thread | producer-1] INFO is.project3.SaleEventProducer - Sent sale event: SaleEvent{book_id=3, country_id=3, price=78.29742564043087, quantity=9, timestamp=1778783527363}
[kafka-producer-network-thread | producer-1] INFO is.project3.SaleEventProducer - Sent sale event: SaleEvent{book_id=2, country_id=1, price=27.253557060166706, quantity=7, timestamp=1778783527417}
[kafka-producer-network-thread | producer-1] INFO is.project3.SaleEventProducer - Sent sale event: SaleEvent{book_id=1, country_id=3, price=875.0931607547444, quantity=2, timestamp=1778783527468}
[kafka-producer-network-thread | producer-1] INFO is.project3.SaleEventProducer - Sent sale event: SaleEvent{book_id=1, country_id=1, price=833.5245070371293, quantity=8, timestamp=1778783527523}
[kafka-producer-network-thread | producer-1] INFO is.project3.SaleEventProducer - Sent sale event: SaleEvent{book_id=5, country_id=4, price=10.689250537724336, quantity=1, timestamp=1778783527574}
[kafka-producer-network-thread | producer-1] INFO is.project3.SaleEventProducer - Sent sale event: SaleEvent{book_id=5, country_id=5, price=10.203189599825494, quantity=2, timestamp=1778783527625}
[kafka-producer-network-thread | producer-1] INFO is.project3.SaleEventProducer - Sent sale event: SaleEvent{book_id=4, country_id=4, price=303.21601085823136, quantity=8, timestamp=1778783527676}
[kafka-producer-network-thread | producer-1] INFO is.project3.SaleEventProducer - Sent sale event: SaleEvent{book_id=5, country_id=5, price=9.254427866426056, quantity=10, timestamp=1778783527730}
[kafka-producer-network-thread | producer-1] INFO is.project3.SaleEventProducer - Sent sale event: SaleEvent{book_id=3, country_id=5, price=80.90110921560678, quantity=6, timestamp=1778783527784}
[kafka-producer-network-thread | producer-1] INFO is.project3.SaleEventProducer - Sent sale event: SaleEvent{book_id=2, country_id=2, price=31.337335361453228, quantity=5, timestamp=1778783527838}
[kafka-producer-network-thread | producer-1] INFO is.project3.SaleEventProducer - Sent sale event: SaleEvent{book_id=3, country_id=2, price=85.97031207693004, quantity=4, timestamp=1778783527890}
[kafka-producer-network-thread | producer-1] INFO is.project3.SaleEventProducer - Sent sale event: SaleEvent{book_id=5, country_id=5, price=9.199980263057803, quantity=1, timestamp=1778783527942}
[kafka-producer-network-thread | producer-1] INFO is.project3.SaleEventProducer - Sent sale event: SaleEvent{book_id=2, country_id=5, price=30.101053750299357, quantity=8, timestamp=1778783527993}
[kafka-producer-network-thread | producer-1] INFO is.project3.SaleEventProducer - Sent sale event: SaleEvent{book_id=3, country_id=1, price=84.82356929926343, quantity=9, timestamp=1778783528046}
[kafka-producer-network-thread | producer-1] INFO is.project3.SaleEventProducer - Sent sale event: SaleEvent{book_id=2, country_id=2, price=27.51029248182126, quantity=3, timestamp=1778783528100}
[kafka-producer-network-thread | producer-1] INFO is.project3.SaleEventProducer - Sent sale event: SaleEvent{book_id=3, country_id=4, price=75.62179212041974, quantity=5, timestamp=1778783528155}
[kafka-producer-network-thread | producer-1] INFO is.project3.SaleEventProducer - Sent sale event: SaleEvent{book_id=2, country_id=4, price=32.82266263728472, quantity=6, timestamp=1778783528209}
[kafka-producer-network-thread | producer-1] INFO is.project3.SaleEventProducer - Sent sale event: SaleEvent{book_id=1, country_id=4, price=977.8045181242633, quantity=2, timestamp=1778783528262}
[kafka-producer-network-thread | producer-1] INFO is.project3.SaleEventProducer - Sent sale event: SaleEvent{book_id=3, country_id=3, price=73.26086934803324, quantity=2, timestamp=1778783528316}
[kafka-producer-network-thread | producer-1] INFO is.project3.SaleEventProducer - Sent sale event: SaleEvent{book_id=4, country_id=2, price=314.2090294225165, quantity=3, timestamp=1778783528367}
[kafka-producer-network-thread | producer-1] INFO is.project3.SaleEventProducer - Sent sale event: SaleEvent{book_id=5, country_id=2, price=9.320619997404428, quantity=4, timestamp=1778783528420}
[kafka-producer-network-thread | producer-1] INFO is.project3.SaleEventProducer - Sent sale event: SaleEvent{book_id=1, country_id=1, price=875.7410775807282, quantity=6, timestamp=1778783528471}
[kafka-producer-network-thread | producer-1] INFO is.project3.SaleEventProducer - Sent sale event: SaleEvent{book_id=3, country_id=3, price=83.0469468432945, quantity=3, timestamp=1778783528525}
[kafka-producer-network-thread | producer-1] INFO is.project3.SaleEventProducer - Sent sale event: SaleEvent{book_id=4, country_id=3, price=325.4824276612253, quantity=4, timestamp=1778783528579}
[kafka-producer-network-thread | producer-1] INFO is.project3.SaleEventProducer - Sent sale event: SaleEvent{book_id=4, country_id=2, price=270.9115598225373, quantity=4, timestamp=1778783528630}
[kafka-producer-network-thread | producer-1] INFO is.project3.SaleEventProducer - Sent sale event: SaleEvent{book_id=4, country_id=2, price=293.85816740369273, quantity=5, timestamp=1778783528681}
[kafka-producer-network-thread | producer-1] INFO is.project3.SaleEventProducer - Sent sale event: SaleEvent{book_id=2, country_id=5, price=28.748716487109558, quantity=5, timestamp=1778783528732}
[kafka-producer-network-thread | producer-1] INFO is.project3.SaleEventProducer - Sent sale event: SaleEvent{book_id=2, country_id=5, price=28.247041987646753, quantity=5, timestamp=1778783528783}
[kafka-producer-network-thread | producer-1] INFO is.project3.SaleEventProducer - Sent sale event: SaleEvent{book_id=1, country_id=1, price=813.8200088019303, quantity=7, timestamp=1778783528834}
[kafka-producer-network-thread | producer-1] INFO is.project3.SaleEventProducer - Sent sale event: SaleEvent{book_id=2, country_id=2, price=31.194684536742553, quantity=3, timestamp=1778783528884}
[kafka-producer-network-thread | producer-1] INFO is.project3.SaleEventProducer - Sent sale event: SaleEvent{book_id=3, country_id=4, price=74.02700227412187, quantity=2, timestamp=1778783528935}
[kafka-producer-network-thread | producer-1] INFO is.project3.SaleEventProducer - Sent sale event: SaleEvent{book_id=2, country_id=4, price=29.835722134225744, quantity=6, timestamp=1778783528986}
[kafka-producer-network-thread | producer-1] INFO is.project3.SaleEventProducer - Sent sale event: SaleEvent{book_id=4, country_id=3, price=287.60224077436743, quantity=7, timestamp=1778783529037}
[kafka-producer-network-thread | producer-1] INFO is.project3.SaleEventProducer - Sent sale event: SaleEvent{book_id=4, country_id=5, price=274.9965436304207, quantity=9, timestamp=1778783529088}
[kafka-producer-network-thread | producer-1] INFO is.project3.SaleEventProducer - Sent sale event: SaleEvent{book_id=5, country_id=2, price=9.858124653566145, quantity=1, timestamp=1778783529139}
[kafka-producer-network-thread | producer-1] INFO is.project3.SaleEventProducer - Sent sale event: SaleEvent{book_id=4, country_id=3, price=325.60110258180106, quantity=9, timestamp=1778783529190}
[kafka-producer-network-thread | producer-1] INFO is.project3.SaleEventProducer - Sent sale event: SaleEvent{book_id=5, country_id=2, price=10.184855476711569, quantity=7, timestamp=1778783529241}
[kafka-producer-network-thread | producer-1] INFO is.project3.SaleEventProducer - Sent sale event: SaleEvent{book_id=4, country_id=4, price=306.67664278055906, quantity=5, timestamp=1778783529292}
[kafka-producer-network-thread | producer-1] INFO is.project3.SaleEventProducer - Sent sale event: SaleEvent{book_id=5, country_id=1, price=10.526278128865291, quantity=2, timestamp=1778783529342}
[kafka-producer-network-thread | producer-1] INFO is.project3.SaleEventProducer - Sent sale event: SaleEvent{book_id=2, country_id=1, price=30.45712540178219, quantity=9, timestamp=1778783529392}
[kafka-producer-network-thread | producer-1] INFO is.project3.SaleEventProducer - Sent sale event: SaleEvent{book_id=3, country_id=1, price=87.64883595709173, quantity=6, timestamp=1778783529443}
[kafka-producer-network-thread | producer-1] INFO is.project3.SaleEventProducer - Sent sale event: SaleEvent{book_id=5, country_id=3, price=9.52056767749984, quantity=4, timestamp=1778783529493}
[kafka-producer-network-thread | producer-1] INFO is.project3.SaleEventProducer - Sent sale event: SaleEvent{book_id=4, country_id=5, price=282.9216970894289, quantity=6, timestamp=1778783529544}
[kafka-producer-network-thread | producer-1] INFO is.project3.SaleEventProducer - Sent sale event: SaleEvent{book_id=1, country_id=4, price=950.5337068074248, quantity=7, timestamp=1778783529595}
[kafka-producer-network-thread | producer-1] INFO is.project3.SaleEventProducer - Sent sale event: SaleEvent{book_id=1, country_id=3, price=986.974503736728, quantity=6, timestamp=1778783529645}
[kafka-producer-network-thread | producer-1] INFO is.project3.SaleEventProducer - Sent sale event: SaleEvent{book_id=2, country_id=3, price=32.05491245850076, quantity=4, timestamp=1778783529696}
[kafka-producer-network-thread | producer-1] INFO is.project3.SaleEventProducer - Sent sale event: SaleEvent{book_id=3, country_id=1, price=80.32719376906796, quantity=9, timestamp=1778783529747}
[kafka-producer-network-thread | producer-1] INFO is.project3.SaleEventProducer - Sent sale event: SaleEvent{book_id=5, country_id=5, price=10.008913886786168, quantity=2, timestamp=1778783529798}
[kafka-producer-network-thread | producer-1] INFO is.project3.SaleEventProducer - Sent sale event: SaleEvent{book_id=4, country_id=5, price=317.31234139653844, quantity=5, timestamp=1778783529848}
[kafka-producer-network-thread | producer-1] INFO is.project3.SaleEventProducer - Sent sale event: SaleEvent{book_id=5, country_id=2, price=9.602972716502984, quantity=10, timestamp=1778783529900}
[kafka-producer-network-thread | producer-1] INFO is.project3.SaleEventProducer - Sent sale event: SaleEvent{book_id=1, country_id=2, price=849.8271886553956, quantity=5, timestamp=1778783529952}
[kafka-producer-network-thread | producer-1] INFO is.project3.SaleEventProducer - Sent sale event: SaleEvent{book_id=5, country_id=4, price=9.944857728796144, quantity=1, timestamp=1778783530003}
[kafka-producer-network-thread | producer-1] INFO is.project3.SaleEventProducer - Sent sale event: SaleEvent{book_id=2, country_id=5, price=28.11235272576103, quantity=8, timestamp=1778783530053}
[kafka-producer-network-thread | producer-1] INFO is.project3.SaleEventProducer - Sent sale event: SaleEvent{book_id=4, country_id=2, price=320.2740226068443, quantity=2, timestamp=1778783530104}
[kafka-producer-network-thread | producer-1] INFO is.project3.SaleEventProducer - Sent sale event: SaleEvent{book_id=4, country_id=4, price=293.32880876220366, quantity=5, timestamp=1778783530154}
[kafka-producer-network-thread | producer-1] INFO is.project3.SaleEventProducer - Sent sale event: SaleEvent{book_id=4, country_id=1, price=284.3986647104628, quantity=1, timestamp=1778783530205}
[kafka-producer-network-thread | producer-1] INFO is.project3.SaleEventProducer - Sent sale event: SaleEvent{book_id=1, country_id=2, price=871.156756616098, quantity=9, timestamp=1778783530256}
[kafka-producer-network-thread | producer-1] INFO is.project3.SaleEventProducer - Sent sale event: SaleEvent{book_id=3, country_id=4, price=83.21052859301452, quantity=7, timestamp=1778783530306}
[kafka-producer-network-thread | producer-1] INFO is.project3.SaleEventProducer - Sent sale event: SaleEvent{book_id=3, country_id=4, price=80.49447047488323, quantity=8, timestamp=1778783530357}
[kafka-producer-network-thread | producer-1] INFO is.project3.SaleEventProducer - Sent sale event: SaleEvent{book_id=2, country_id=2, price=32.322755058957405, quantity=2, timestamp=1778783530408}
[kafka-producer-network-thread | producer-1] INFO is.project3.SaleEventProducer - Sent sale event: SaleEvent{book_id=1, country_id=3, price=886.4217233168436, quantity=7, timestamp=1778783530459}
[kafka-producer-network-thread | producer-1] INFO is.project3.SaleEventProducer - Sent sale event: SaleEvent{book_id=4, country_id=2, price=312.85098151940167, quantity=4, timestamp=1778783530510}
[kafka-producer-network-thread | producer-1] INFO is.project3.SaleEventProducer - Sent sale event: SaleEvent{book_id=4, country_id=1, price=320.8852525983068, quantity=10, timestamp=1778783530561}
[kafka-producer-network-thread | producer-1] INFO is.project3.SaleEventProducer - Sent sale event: SaleEvent{book_id=4, country_id=3, price=287.96979222317213, quantity=7, timestamp=1778783530612}
[kafka-producer-network-thread | producer-1] INFO is.project3.SaleEventProducer - Sent sale event: SaleEvent{book_id=1, country_id=3, price=924.0723813452679, quantity=4, timestamp=1778783530663}
[kafka-producer-network-thread | producer-1] INFO is.project3.SaleEventProducer - Sent sale event: SaleEvent{book_id=1, country_id=1, price=882.8575091480976, quantity=10, timestamp=1778783530715}
[kafka-producer-network-thread | producer-1] INFO is.project3.SaleEventProducer - Sent sale event: SaleEvent{book_id=5, country_id=4, price=10.084387849379482, quantity=7, timestamp=1778783530766}
[kafka-producer-network-thread | producer-1] INFO is.project3.SaleEventProducer - Sent sale event: SaleEvent{book_id=5, country_id=4, price=9.973873178794495, quantity=7, timestamp=1778783530818}
[kafka-producer-network-thread | producer-1] INFO is.project3.SaleEventProducer - Sent sale event: SaleEvent{book_id=4, country_id=3, price=315.6424237133268, quantity=3, timestamp=1778783530869}
[kafka-producer-network-thread | producer-1] INFO is.project3.SaleEventProducer - Sent sale event: SaleEvent{book_id=4, country_id=2, price=308.3430444882891, quantity=2, timestamp=1778783530920}
[kafka-producer-network-thread | producer-1] INFO is.project3.SaleEventProducer - Sent sale event: SaleEvent{book_id=1, country_id=5, price=857.7786726547963, quantity=5, timestamp=1778783530971}
[kafka-producer-network-thread | producer-1] INFO is.project3.SaleEventProducer - Sent sale event: SaleEvent{book_id=3, country_id=5, price=87.51759498115966, quantity=1, timestamp=1778783531022}
[kafka-producer-network-thread | producer-1] INFO is.project3.SaleEventProducer - Sent sale event: SaleEvent{book_id=2, country_id=3, price=30.81531764719923, quantity=9, timestamp=1778783531072}
[kafka-producer-network-thread | producer-1] INFO is.project3.SaleEventProducer - Sent sale event: SaleEvent{book_id=4, country_id=5, price=296.5077811861479, quantity=5, timestamp=1778783531123}
[kafka-producer-network-thread | producer-1] INFO is.project3.SaleEventProducer - Sent sale event: SaleEvent{book_id=4, country_id=5, price=273.1996632627329, quantity=5, timestamp=1778783531173}
[kafka-producer-network-thread | producer-1] INFO is.project3.SaleEventProducer - Sent sale event: SaleEvent{book_id=2, country_id=3, price=32.05509969954782, quantity=4, timestamp=1778783531224}
[kafka-producer-network-thread | producer-1] INFO is.project3.SaleEventProducer - Sent sale event: SaleEvent{book_id=1, country_id=4, price=928.0613378265028, quantity=9, timestamp=1778783531274}
[kafka-producer-network-thread | producer-1] INFO is.project3.SaleEventProducer - Sent sale event: SaleEvent{book_id=2, country_id=1, price=31.77267280107026, quantity=10, timestamp=1778783531325}
[kafka-producer-network-thread | producer-1] INFO is.project3.SaleEventProducer - Sent sale event: SaleEvent{book_id=5, country_id=2, price=10.107750140167427, quantity=7, timestamp=1778783531375}
[kafka-producer-network-thread | producer-1] INFO is.project3.SaleEventProducer - Sent sale event: SaleEvent{book_id=3, country_id=1, price=81.04273795001768, quantity=10, timestamp=1778783531426}
[kafka-producer-network-thread | producer-1] INFO is.project3.SaleEventProducer - Sent sale event: SaleEvent{book_id=5, country_id=4, price=9.525520702577603, quantity=5, timestamp=1778783531477}
[kafka-producer-network-thread | producer-1] INFO is.project3.SaleEventProducer - Sent sale event: SaleEvent{book_id=3, country_id=4, price=76.71451223879214, quantity=5, timestamp=1778783531527}
[kafka-producer-network-thread | producer-1] INFO is.project3.SaleEventProducer - Sent sale event: SaleEvent{book_id=5, country_id=3, price=9.708206426698533, quantity=6, timestamp=1778783531578}
[kafka-producer-network-thread | producer-1] INFO is.project3.SaleEventProducer - Sent sale event: SaleEvent{book_id=3, country_id=2, price=83.5328973664414, quantity=2, timestamp=1778783531629}
[kafka-producer-network-thread | producer-1] INFO is.project3.SaleEventProducer - Sent sale event: SaleEvent{book_id=4, country_id=2, price=316.6171941798887, quantity=8, timestamp=1778783531680}
[kafka-producer-network-thread | producer-1] INFO is.project3.SaleEventProducer - Sent sale event: SaleEvent{book_id=4, country_id=2, price=291.79340794697663, quantity=6, timestamp=1778783531732}
[kafka-producer-network-thread | producer-1] INFO is.project3.SaleEventProducer - Sent sale event: SaleEvent{book_id=4, country_id=3, price=280.80409173953575, quantity=7, timestamp=1778783531782}
[kafka-producer-network-thread | producer-1] INFO is.project3.SaleEventProducer - Sent sale event: SaleEvent{book_id=1, country_id=2, price=985.6948731165539, quantity=6, timestamp=1778783531833}
[kafka-producer-network-thread | producer-1] INFO is.project3.SaleEventProducer - Sent sale event: SaleEvent{book_id=2, country_id=1, price=30.57778788936548, quantity=3, timestamp=1778783531883}
[kafka-producer-network-thread | producer-1] INFO is.project3.SaleEventProducer - Sent sale event: SaleEvent{book_id=4, country_id=1, price=306.1205960968073, quantity=9, timestamp=1778783531933}
[kafka-producer-network-thread | producer-1] INFO is.project3.SaleEventProducer - Sent sale event: SaleEvent{book_id=4, country_id=3, price=303.2632059205764, quantity=9, timestamp=1778783531984}
[kafka-producer-network-thread | producer-1] INFO is.project3.SaleEventProducer - Sent sale event: SaleEvent{book_id=1, country_id=5, price=986.8919969058865, quantity=9, timestamp=1778783532034}
[kafka-producer-network-thread | producer-1] INFO is.project3.SaleEventProducer - Sent sale event: SaleEvent{book_id=1, country_id=3, price=971.1932082247317, quantity=9, timestamp=1778783532085}
[kafka-producer-network-thread | producer-1] INFO is.project3.SaleEventProducer - Sent sale event: SaleEvent{book_id=5, country_id=1, price=9.064993718019597, quantity=9, timestamp=1778783532135}
[kafka-producer-network-thread | producer-1] INFO is.project3.SaleEventProducer - Sent sale event: SaleEvent{book_id=2, country_id=4, price=28.641731979211446, quantity=2, timestamp=1778783532186}
[kafka-producer-network-thread | producer-1] INFO is.project3.SaleEventProducer - Sent sale event: SaleEvent{book_id=1, country_id=1, price=879.7708896468143, quantity=9, timestamp=1778783532236}
[kafka-producer-network-thread | producer-1] INFO is.project3.SaleEventProducer - Sent sale event: SaleEvent{book_id=3, country_id=2, price=84.47248560450204, quantity=7, timestamp=1778783532287}
[kafka-producer-network-thread | producer-1] INFO is.project3.SaleEventProducer - Sent sale event: SaleEvent{book_id=1, country_id=2, price=857.5466706661006, quantity=9, timestamp=1778783532338}
[kafka-producer-network-thread | producer-1] INFO is.project3.SaleEventProducer - Sent sale event: SaleEvent{book_id=4, country_id=2, price=302.57209860629166, quantity=6, timestamp=1778783532389}
[kafka-producer-network-thread | producer-1] INFO is.project3.SaleEventProducer - Sent sale event: SaleEvent{book_id=2, country_id=1, price=29.81280639789266, quantity=10, timestamp=1778783532440}
[kafka-producer-network-thread | producer-1] INFO is.project3.SaleEventProducer - Sent sale event: SaleEvent{book_id=2, country_id=4, price=31.83309931221041, quantity=7, timestamp=1778783532491}
[kafka-producer-network-thread | producer-1] INFO is.project3.SaleEventProducer - Sent sale event: SaleEvent{book_id=1, country_id=3, price=973.4729615185016, quantity=8, timestamp=1778783532542}
[kafka-producer-network-thread | producer-1] INFO is.project3.SaleEventProducer - Sent sale event: SaleEvent{book_id=2, country_id=4, price=30.41986253472717, quantity=6, timestamp=1778783532592}
[kafka-producer-network-thread | producer-1] INFO is.project3.SaleEventProducer - Sent sale event: SaleEvent{book_id=1, country_id=2, price=822.39845314809, quantity=7, timestamp=1778783532643}
[kafka-producer-network-thread | producer-1] INFO is.project3.SaleEventProducer - Sent sale event: SaleEvent{book_id=3, country_id=3, price=87.6229516670634, quantity=4, timestamp=1778783532693}
[kafka-producer-network-thread | producer-1] INFO is.project3.SaleEventProducer - Sent sale event: SaleEvent{book_id=5, country_id=3, price=9.324226544737117, quantity=9, timestamp=1778783532743}
[kafka-producer-network-thread | producer-1] INFO is.project3.SaleEventProducer - Sent sale event: SaleEvent{book_id=3, country_id=4, price=80.13768612771558, quantity=1, timestamp=1778783532794}
[kafka-producer-network-thread | producer-1] INFO is.project3.SaleEventProducer - Sent sale event: SaleEvent{book_id=2, country_id=5, price=28.523932758720655, quantity=5, timestamp=1778783532844}
[kafka-producer-network-thread | producer-1] INFO is.project3.SaleEventProducer - Sent sale event: SaleEvent{book_id=3, country_id=5, price=87.85211525210084, quantity=7, timestamp=1778783532895}
[kafka-producer-network-thread | producer-1] INFO is.project3.SaleEventProducer - Sent sale event: SaleEvent{book_id=1, country_id=1, price=930.2055908611576, quantity=6, timestamp=1778783532946}
[kafka-producer-network-thread | producer-1] INFO is.project3.SaleEventProducer - Sent sale event: SaleEvent{book_id=1, country_id=5, price=834.4690080510935, quantity=4, timestamp=1778783532996}
[kafka-producer-network-thread | producer-1] INFO is.project3.SaleEventProducer - Sent sale event: SaleEvent{book_id=5, country_id=2, price=9.797873746013847, quantity=5, timestamp=1778783533047}
[kafka-producer-network-thread | producer-1] INFO is.project3.SaleEventProducer - Sent sale event: SaleEvent{book_id=2, country_id=3, price=30.584971571015902, quantity=3, timestamp=1778783533098}
[kafka-producer-network-thread | producer-1] INFO is.project3.SaleEventProducer - Sent sale event: SaleEvent{book_id=5, country_id=2, price=9.669722557530811, quantity=3, timestamp=1778783533149}
[kafka-producer-network-thread | producer-1] INFO is.project3.SaleEventProducer - Sent sale event: SaleEvent{book_id=5, country_id=3, price=10.834110808427035, quantity=3, timestamp=1778783533200}
[kafka-producer-network-thread | producer-1] INFO is.project3.SaleEventProducer - Sent sale event: SaleEvent{book_id=4, country_id=5, price=290.43483244297505, quantity=6, timestamp=1778783533251}
[kafka-producer-network-thread | producer-1] INFO is.project3.SaleEventProducer - Sent sale event: SaleEvent{book_id=5, country_id=4, price=9.291157523246385, quantity=6, timestamp=1778783533302}
[kafka-producer-network-thread | producer-1] INFO is.project3.SaleEventProducer - Sent sale event: SaleEvent{book_id=4, country_id=4, price=296.5053705553395, quantity=6, timestamp=1778783533353}
[kafka-producer-network-thread | producer-1] INFO is.project3.SaleEventProducer - Sent sale event: SaleEvent{book_id=4, country_id=5, price=308.5226285581607, quantity=10, timestamp=1778783533403}
[kafka-producer-network-thread | producer-1] INFO is.project3.SaleEventProducer - Sent sale event: SaleEvent{book_id=4, country_id=5, price=324.40594154696316, quantity=7, timestamp=1778783533454}
[kafka-producer-network-thread | producer-1] INFO is.project3.SaleEventProducer - Sent sale event: SaleEvent{book_id=5, country_id=2, price=9.506851752856896, quantity=6, timestamp=1778783533504}
[kafka-producer-network-thread | producer-1] INFO is.project3.SaleEventProducer - Sent sale event: SaleEvent{book_id=2, country_id=3, price=30.27939694608724, quantity=8, timestamp=1778783533555}
[kafka-producer-network-thread | producer-1] INFO is.project3.SaleEventProducer - Sent sale event: SaleEvent{book_id=5, country_id=2, price=10.97394535989718, quantity=1, timestamp=1778783533606}
[kafka-producer-network-thread | producer-1] INFO is.project3.SaleEventProducer - Sent sale event: SaleEvent{book_id=5, country_id=2, price=9.995907733814253, quantity=2, timestamp=1778783533656}
[kafka-producer-network-thread | producer-1] INFO is.project3.SaleEventProducer - Sent sale event: SaleEvent{book_id=4, country_id=1, price=321.6401018127705, quantity=10, timestamp=1778783533707}
[kafka-producer-network-thread | producer-1] INFO is.project3.SaleEventProducer - Sent sale event: SaleEvent{book_id=4, country_id=3, price=319.9823509479951, quantity=4, timestamp=1778783533758}
[kafka-producer-network-thread | producer-1] INFO is.project3.SaleEventProducer - Sent sale event: SaleEvent{book_id=3, country_id=2, price=75.2497834111046, quantity=9, timestamp=1778783533809}
[kafka-producer-network-thread | producer-1] INFO is.project3.SaleEventProducer - Sent sale event: SaleEvent{book_id=4, country_id=3, price=317.88056404517096, quantity=3, timestamp=1778783533860}
[kafka-producer-network-thread | producer-1] INFO is.project3.SaleEventProducer - Sent sale event: SaleEvent{book_id=2, country_id=5, price=27.87548582733379, quantity=1, timestamp=1778783533911}
[kafka-producer-network-thread | producer-1] INFO is.project3.SaleEventProducer - Sent sale event: SaleEvent{book_id=3, country_id=2, price=87.95896908946625, quantity=2, timestamp=1778783533962}
[kafka-producer-network-thread | producer-1] INFO is.project3.SaleEventProducer - Sent sale event: SaleEvent{book_id=4, country_id=2, price=314.0809295562398, quantity=8, timestamp=1778783534013}
[kafka-producer-network-thread | producer-1] INFO is.project3.SaleEventProducer - Sent sale event: SaleEvent{book_id=1, country_id=1, price=867.1411418042215, quantity=6, timestamp=1778783534063}
[kafka-producer-network-thread | producer-1] INFO is.project3.SaleEventProducer - Sent sale event: SaleEvent{book_id=4, country_id=3, price=288.8221044172875, quantity=9, timestamp=1778783534113}
[kafka-producer-network-thread | producer-1] INFO is.project3.SaleEventProducer - Sent sale event: SaleEvent{book_id=4, country_id=2, price=275.15149327055667, quantity=5, timestamp=1778783534164}
[kafka-producer-network-thread | producer-1] INFO is.project3.SaleEventProducer - Sent sale event: SaleEvent{book_id=3, country_id=3, price=74.09393825560537, quantity=3, timestamp=1778783534214}
[kafka-producer-network-thread | producer-1] INFO is.project3.SaleEventProducer - Sent sale event: SaleEvent{book_id=4, country_id=4, price=320.1734571901224, quantity=4, timestamp=1778783534265}
[kafka-producer-network-thread | producer-1] INFO is.project3.SaleEventProducer - Sent sale event: SaleEvent{book_id=2, country_id=4, price=27.00769787036881, quantity=1, timestamp=1778783534315}
[kafka-producer-network-thread | producer-1] INFO is.project3.SaleEventProducer - Sent sale event: SaleEvent{book_id=1, country_id=2, price=820.9006295500568, quantity=8, timestamp=1778783534366}
[kafka-producer-network-thread | producer-1] INFO is.project3.SaleEventProducer - Sent sale event: SaleEvent{book_id=3, country_id=3, price=79.10523412701224, quantity=2, timestamp=1778783534416}
[kafka-producer-network-thread | producer-1] INFO is.project3.SaleEventProducer - Sent sale event: SaleEvent{book_id=1, country_id=4, price=907.3846658188678, quantity=5, timestamp=1778783534467}
[kafka-producer-network-thread | producer-1] INFO is.project3.SaleEventProducer - Sent sale event: SaleEvent{book_id=4, country_id=4, price=300.6656796015574, quantity=6, timestamp=1778783534518}
[kafka-producer-network-thread | producer-1] INFO is.project3.SaleEventProducer - Sent sale event: SaleEvent{book_id=2, country_id=2, price=30.912197937517735, quantity=1, timestamp=1778783534568}
[kafka-producer-network-thread | producer-1] INFO is.project3.SaleEventProducer - Sent sale event: SaleEvent{book_id=4, country_id=3, price=282.1541762877448, quantity=6, timestamp=1778783534619}
[kafka-producer-network-thread | producer-1] INFO is.project3.SaleEventProducer - Sent sale event: SaleEvent{book_id=4, country_id=1, price=300.8398342782837, quantity=9, timestamp=1778783534670}
[kafka-producer-network-thread | producer-1] INFO is.project3.SaleEventProducer - Sent sale event: SaleEvent{book_id=2, country_id=5, price=29.39189830781092, quantity=2, timestamp=1778783534721}
[kafka-producer-network-thread | producer-1] INFO is.project3.SaleEventProducer - Sent sale event: SaleEvent{book_id=4, country_id=1, price=310.7552478227827, quantity=8, timestamp=1778783534772}
[kafka-producer-network-thread | producer-1] INFO is.project3.SaleEventProducer - Sent sale event: SaleEvent{book_id=1, country_id=2, price=886.2109631219122, quantity=3, timestamp=1778783534823}
[kafka-producer-network-thread | producer-1] INFO is.project3.SaleEventProducer - Sent sale event: SaleEvent{book_id=2, country_id=3, price=32.697178266093545, quantity=3, timestamp=1778783534873}
[kafka-producer-network-thread | producer-1] INFO is.project3.SaleEventProducer - Sent sale event: SaleEvent{book_id=1, country_id=3, price=873.5952055538203, quantity=4, timestamp=1778783534924}
[kafka-producer-network-thread | producer-1] INFO is.project3.SaleEventProducer - Sent sale event: SaleEvent{book_id=2, country_id=3, price=32.06215760779885, quantity=2, timestamp=1778783534974}
[kafka-producer-network-thread | producer-1] INFO is.project3.SaleEventProducer - Sent sale event: SaleEvent{book_id=4, country_id=3, price=278.96342727702233, quantity=3, timestamp=1778783535025}
[kafka-producer-network-thread | producer-1] INFO is.project3.SaleEventProducer - Sent sale event: SaleEvent{book_id=5, country_id=2, price=9.79230950103053, quantity=2, timestamp=1778783535076}
[kafka-producer-network-thread | producer-1] INFO is.project3.SaleEventProducer - Sent sale event: SaleEvent{book_id=1, country_id=2, price=973.3002155638341, quantity=8, timestamp=1778783535126}
[kafka-producer-network-thread | producer-1] INFO is.project3.SaleEventProducer - Sent sale event: SaleEvent{book_id=5, country_id=5, price=9.803731108247046, quantity=7, timestamp=1778783535177}
[kafka-producer-network-thread | producer-1] INFO is.project3.SaleEventProducer - Sent sale event: SaleEvent{book_id=3, country_id=4, price=76.14495583205739, quantity=4, timestamp=1778783535228}
[kafka-producer-network-thread | producer-1] INFO is.project3.SaleEventProducer - Sent sale event: SaleEvent{book_id=4, country_id=1, price=296.4070720074144, quantity=8, timestamp=1778783535279}
[kafka-producer-network-thread | producer-1] INFO is.project3.SaleEventProducer - Sent sale event: SaleEvent{book_id=3, country_id=1, price=84.07858945776113, quantity=1, timestamp=1778783535330}
[kafka-producer-network-thread | producer-1] INFO is.project3.SaleEventProducer - Sent sale event: SaleEvent{book_id=1, country_id=2, price=927.5645267918808, quantity=8, timestamp=1778783535382}
[kafka-producer-network-thread | producer-1] INFO is.project3.SaleEventProducer - Sent sale event: SaleEvent{book_id=1, country_id=2, price=829.6005221403818, quantity=4, timestamp=1778783535432}
[kafka-producer-network-thread | producer-1] INFO is.project3.SaleEventProducer - Sent sale event: SaleEvent{book_id=3, country_id=1, price=78.20422178481, quantity=5, timestamp=1778783535483}
[kafka-producer-network-thread | producer-1] INFO is.project3.SaleEventProducer - Sent sale event: SaleEvent{book_id=4, country_id=2, price=300.976723682838, quantity=8, timestamp=1778783535533}
[kafka-producer-network-thread | producer-1] INFO is.project3.SaleEventProducer - Sent sale event: SaleEvent{book_id=3, country_id=4, price=85.32546381549224, quantity=2, timestamp=1778783535584}
[kafka-producer-network-thread | producer-1] INFO is.project3.SaleEventProducer - Sent sale event: SaleEvent{book_id=3, country_id=1, price=85.16483662040588, quantity=10, timestamp=1778783535634}
[kafka-producer-network-thread | producer-1] INFO is.project3.SaleEventProducer - Sent sale event: SaleEvent{book_id=3, country_id=1, price=82.23331241547432, quantity=10, timestamp=1778783535685}
[kafka-producer-network-thread | producer-1] INFO is.project3.SaleEventProducer - Sent sale event: SaleEvent{book_id=4, country_id=3, price=288.2427505550464, quantity=6, timestamp=1778783535735}
[kafka-producer-network-thread | producer-1] INFO is.project3.SaleEventProducer - Sent sale event: SaleEvent{book_id=5, country_id=4, price=9.63153283465885, quantity=5, timestamp=1778783535786}
[kafka-producer-network-thread | producer-1] INFO is.project3.SaleEventProducer - Sent sale event: SaleEvent{book_id=5, country_id=3, price=10.42020333011909, quantity=3, timestamp=1778783535837}
[kafka-producer-network-thread | producer-1] INFO is.project3.SaleEventProducer - Sent sale event: SaleEvent{book_id=2, country_id=4, price=32.001044462153274, quantity=5, timestamp=1778783535888}
[kafka-producer-network-thread | producer-1] INFO is.project3.SaleEventProducer - Sent sale event: SaleEvent{book_id=1, country_id=1, price=965.7149360822114, quantity=2, timestamp=1778783535938}
[kafka-producer-network-thread | producer-1] INFO is.project3.SaleEventProducer - Sent sale event: SaleEvent{book_id=2, country_id=1, price=30.152124546448594, quantity=9, timestamp=1778783535989}
[kafka-producer-network-thread | producer-1] INFO is.project3.SaleEventProducer - Sent sale event: SaleEvent{book_id=4, country_id=5, price=294.11187610365806, quantity=3, timestamp=1778783536040}
[kafka-producer-network-thread | producer-1] INFO is.project3.SaleEventProducer - Sent sale event: SaleEvent{book_id=1, country_id=5, price=922.323901969305, quantity=8, timestamp=1778783536091}
[kafka-producer-network-thread | producer-1] INFO is.project3.SaleEventProducer - Sent sale event: SaleEvent{book_id=2, country_id=3, price=32.898822577432334, quantity=2, timestamp=1778783536142}
[kafka-producer-network-thread | producer-1] INFO is.project3.SaleEventProducer - Sent sale event: SaleEvent{book_id=1, country_id=1, price=936.4587738893313, quantity=1, timestamp=1778783536192}
[kafka-producer-network-thread | producer-1] INFO is.project3.SaleEventProducer - Sent sale event: SaleEvent{book_id=5, country_id=3, price=9.71009897575837, quantity=2, timestamp=1778783536244}
[kafka-producer-network-thread | producer-1] INFO is.project3.SaleEventProducer - Sent sale event: SaleEvent{book_id=5, country_id=5, price=9.280246259356977, quantity=10, timestamp=1778783536296}
[kafka-producer-network-thread | producer-1] INFO is.project3.SaleEventProducer - Sent sale event: SaleEvent{book_id=5, country_id=5, price=10.927957081201692, quantity=6, timestamp=1778783536351}
[kafka-producer-network-thread | producer-1] INFO is.project3.SaleEventProducer - Sent sale event: SaleEvent{book_id=3, country_id=1, price=79.51426046215337, quantity=10, timestamp=1778783536401}
[kafka-producer-network-thread | producer-1] INFO is.project3.SaleEventProducer - Sent sale event: SaleEvent{book_id=5, country_id=2, price=9.141659710418205, quantity=10, timestamp=1778783536452}
[kafka-producer-network-thread | producer-1] INFO is.project3.SaleEventProducer - Sent sale event: SaleEvent{book_id=5, country_id=2, price=9.520893707200528, quantity=2, timestamp=1778783536502}
[kafka-producer-network-thread | producer-1] INFO is.project3.SaleEventProducer - Sent sale event: SaleEvent{book_id=4, country_id=5, price=281.8879398955426, quantity=6, timestamp=1778783536553}
[kafka-producer-network-thread | producer-1] INFO is.project3.SaleEventProducer - Sent sale event: SaleEvent{book_id=4, country_id=5, price=329.1539634711207, quantity=10, timestamp=1778783536603}
[kafka-producer-network-thread | producer-1] INFO is.project3.SaleEventProducer - Sent sale event: SaleEvent{book_id=2, country_id=2, price=32.349959095284675, quantity=7, timestamp=1778783536653}
[kafka-producer-network-thread | producer-1] INFO is.project3.SaleEventProducer - Sent sale event: SaleEvent{book_id=2, country_id=4, price=27.634496735980694, quantity=5, timestamp=1778783536704}
[kafka-producer-network-thread | producer-1] INFO is.project3.SaleEventProducer - Sent sale event: SaleEvent{book_id=2, country_id=2, price=30.505462071141675, quantity=10, timestamp=1778783536754}
[kafka-producer-network-thread | producer-1] INFO is.project3.SaleEventProducer - Sent sale event: SaleEvent{book_id=4, country_id=1, price=294.371550456206, quantity=1, timestamp=1778783536805}
[kafka-producer-network-thread | producer-1] INFO is.project3.SaleEventProducer - Sent sale event: SaleEvent{book_id=4, country_id=2, price=300.7091441490339, quantity=5, timestamp=1778783536856}
[kafka-producer-network-thread | producer-1] INFO is.project3.SaleEventProducer - Sent sale event: SaleEvent{book_id=4, country_id=2, price=310.05123323347925, quantity=9, timestamp=1778783536906}
[kafka-producer-network-thread | producer-1] INFO is.project3.SaleEventProducer - Sent sale event: SaleEvent{book_id=4, country_id=4, price=306.75971022059474, quantity=2, timestamp=1778783536957}
[kafka-producer-network-thread | producer-1] INFO is.project3.SaleEventProducer - Sent sale event: SaleEvent{book_id=4, country_id=1, price=323.58072432323115, quantity=3, timestamp=1778783537008}
[kafka-producer-network-thread | producer-1] INFO is.project3.SaleEventProducer - Sent sale event: SaleEvent{book_id=5, country_id=4, price=10.400137154403716, quantity=4, timestamp=1778783537058}
[kafka-producer-network-thread | producer-1] INFO is.project3.SaleEventProducer - Sent sale event: SaleEvent{book_id=3, country_id=1, price=79.04480851624021, quantity=4, timestamp=1778783537109}
[kafka-producer-network-thread | producer-1] INFO is.project3.SaleEventProducer - Sent sale event: SaleEvent{book_id=1, country_id=1, price=963.80503972808, quantity=6, timestamp=1778783537160}
[kafka-producer-network-thread | producer-1] INFO is.project3.SaleEventProducer - Sent sale event: SaleEvent{book_id=2, country_id=3, price=29.606309489458663, quantity=8, timestamp=1778783537210}
[kafka-producer-network-thread | producer-1] INFO is.project3.SaleEventProducer - Sent sale event: SaleEvent{book_id=3, country_id=2, price=85.5496030741405, quantity=4, timestamp=1778783537261}
[kafka-producer-network-thread | producer-1] INFO is.project3.SaleEventProducer - Sent sale event: SaleEvent{book_id=3, country_id=4, price=82.93357514713558, quantity=8, timestamp=1778783537312}
[kafka-producer-network-thread | producer-1] INFO is.project3.SaleEventProducer - Sent sale event: SaleEvent{book_id=1, country_id=3, price=882.2353991799457, quantity=9, timestamp=1778783537362}
[kafka-producer-network-thread | producer-1] INFO is.project3.SaleEventProducer - Sent sale event: SaleEvent{book_id=2, country_id=4, price=27.426787766584518, quantity=3, timestamp=1778783537413}
[main] INFO is.project3.SaleEventProducer - Sale Event Producer finished
[main] INFO org.apache.kafka.clients.producer.KafkaProducer - [Producer clientId=producer-1] Closing the Kafka producer with timeoutMillis = 9223372036854775807 ms.
[main] INFO org.apache.kafka.common.metrics.Metrics - Metrics scheduler closed
[main] INFO org.apache.kafka.common.metrics.Metrics - Closing reporter org.apache.kafka.common.metrics.JmxReporter
[main] INFO org.apache.kafka.common.metrics.Metrics - Metrics reporters closed
[main] INFO org.apache.kafka.common.utils.AppInfoParser - App info kafka.producer for producer-1 unregistered
