[main] INFO org.apache.kafka.streams.StreamsConfig - StreamsConfig values: 
	acceptable.recovery.lag = 10000
	application.id = project3-analytics-streams
	application.server = 
	bootstrap.servers = [broker1:9092, broker2:9092]
	buffered.records.per.partition = 1000
	built.in.metrics.version = latest
	cache.max.bytes.buffering = 0
	client.id = 
	commit.interval.ms = 1000
	connections.max.idle.ms = 540000
	default.deserialization.exception.handler = class org.apache.kafka.streams.errors.LogAndFailExceptionHandler
	default.key.serde = class org.apache.kafka.common.serialization.Serdes$StringSerde
	default.production.exception.handler = class org.apache.kafka.streams.errors.DefaultProductionExceptionHandler
	default.timestamp.extractor = class org.apache.kafka.streams.processor.FailOnInvalidTimestamp
	default.value.serde = class org.apache.kafka.common.serialization.Serdes$StringSerde
	default.windowed.key.serde.inner = null
	default.windowed.value.serde.inner = null
	max.task.idle.ms = 0
	max.warmup.replicas = 2
	metadata.max.age.ms = 300000
	metric.reporters = []
	metrics.num.samples = 2
	metrics.recording.level = INFO
	metrics.sample.window.ms = 30000
	num.standby.replicas = 0
	num.stream.threads = 1
	partition.grouper = class org.apache.kafka.streams.processor.DefaultPartitionGrouper
	poll.ms = 100
	probing.rebalance.interval.ms = 600000
	processing.guarantee = at_least_once
	receive.buffer.bytes = 32768
	reconnect.backoff.max.ms = 1000
	reconnect.backoff.ms = 50
	replication.factor = 1
	request.timeout.ms = 40000
	retries = 0
	retry.backoff.ms = 100
	rocksdb.config.setter = null
	security.protocol = PLAINTEXT
	send.buffer.bytes = 131072
	state.cleanup.delay.ms = 600000
	state.dir = /tmp/kafka-streams
	task.timeout.ms = 300000
	topology.optimization = none
	upgrade.from = null
	window.size.ms = null
	windowstore.changelog.additional.retention.ms = 86400000

[main] WARN org.apache.kafka.streams.processor.internals.StateDirectory - Using an OS temp directory in the state.dir property can cause failures with writing the checkpoint file due to the fact that this directory can be cleared by the OS. Resolved state.dir: [/tmp/kafka-streams]
[main] INFO org.apache.kafka.streams.processor.internals.StateDirectory - No process id found on disk, got fresh process id aae008f8-ced8-43b5-b3e6-e86f3d7b8fcd
[main] INFO org.apache.kafka.clients.admin.AdminClientConfig - AdminClientConfig values: 
	bootstrap.servers = [broker1:9092, broker2:9092]
	client.dns.lookup = use_all_dns_ips
	client.id = project3-analytics-streams-aae008f8-ced8-43b5-b3e6-e86f3d7b8fcd-admin
	connections.max.idle.ms = 300000
	default.api.timeout.ms = 60000
	metadata.max.age.ms = 300000
	metric.reporters = []
	metrics.num.samples = 2
	metrics.recording.level = INFO
	metrics.sample.window.ms = 30000
	receive.buffer.bytes = 65536
	reconnect.backoff.max.ms = 1000
	reconnect.backoff.ms = 50
	request.timeout.ms = 30000
	retries = 2147483647
	retry.backoff.ms = 100
	sasl.client.callback.handler.class = null
	sasl.jaas.config = null
	sasl.kerberos.kinit.cmd = /usr/bin/kinit
	sasl.kerberos.min.time.before.relogin = 60000
	sasl.kerberos.service.name = null
	sasl.kerberos.ticket.renew.jitter = 0.05
	sasl.kerberos.ticket.renew.window.factor = 0.8
	sasl.login.callback.handler.class = null
	sasl.login.class = null
	sasl.login.refresh.buffer.seconds = 300
	sasl.login.refresh.min.period.seconds = 60
	sasl.login.refresh.window.factor = 0.8
	sasl.login.refresh.window.jitter = 0.05
	sasl.mechanism = GSSAPI
	security.protocol = PLAINTEXT
	security.providers = null
	send.buffer.bytes = 131072
	socket.connection.setup.timeout.max.ms = 30000
	socket.connection.setup.timeout.ms = 10000
	ssl.cipher.suites = null
	ssl.enabled.protocols = [TLSv1.2, TLSv1.3]
	ssl.endpoint.identification.algorithm = https
	ssl.engine.factory.class = null
	ssl.key.password = null
	ssl.keymanager.algorithm = SunX509
	ssl.keystore.certificate.chain = null
	ssl.keystore.key = null
	ssl.keystore.location = null
	ssl.keystore.password = null
	ssl.keystore.type = JKS
	ssl.protocol = TLSv1.3
	ssl.provider = null
	ssl.secure.random.implementation = null
	ssl.trustmanager.algorithm = PKIX
	ssl.truststore.certificates = null
	ssl.truststore.location = null
	ssl.truststore.password = null
	ssl.truststore.type = JKS

[main] WARN org.apache.kafka.clients.ClientUtils - Couldn't resolve server broker2:9092 from bootstrap.servers as DNS resolution failed for broker2
[main] INFO org.apache.kafka.common.utils.AppInfoParser - Kafka version: 2.8.1
[main] INFO org.apache.kafka.common.utils.AppInfoParser - Kafka commitId: 839b886f9b732b15
[main] INFO org.apache.kafka.common.utils.AppInfoParser - Kafka startTimeMs: 1778783467259
[main] INFO org.apache.kafka.streams.KafkaStreams - stream-client [project3-analytics-streams-aae008f8-ced8-43b5-b3e6-e86f3d7b8fcd] Kafka Streams version: 2.8.1
[main] INFO org.apache.kafka.streams.KafkaStreams - stream-client [project3-analytics-streams-aae008f8-ced8-43b5-b3e6-e86f3d7b8fcd] Kafka Streams commit ID: 839b886f9b732b15
[main] INFO org.apache.kafka.streams.processor.internals.StreamThread - stream-thread [project3-analytics-streams-aae008f8-ced8-43b5-b3e6-e86f3d7b8fcd-StreamThread-1] Creating restore consumer client
[main] INFO org.apache.kafka.clients.consumer.ConsumerConfig - ConsumerConfig values: 
	allow.auto.create.topics = true
	auto.commit.interval.ms = 5000
	auto.offset.reset = none
	bootstrap.servers = [broker1:9092, broker2:9092]
	check.crcs = true
	client.dns.lookup = use_all_dns_ips
	client.id = project3-analytics-streams-aae008f8-ced8-43b5-b3e6-e86f3d7b8fcd-StreamThread-1-restore-consumer
	client.rack = 
	connections.max.idle.ms = 540000
	default.api.timeout.ms = 60000
	enable.auto.commit = false
	exclude.internal.topics = true
	fetch.max.bytes = 52428800
	fetch.max.wait.ms = 500
	fetch.min.bytes = 1
	group.id = null
	group.instance.id = null
	heartbeat.interval.ms = 3000
	interceptor.classes = []
	internal.leave.group.on.close = false
	internal.throw.on.fetch.stable.offset.unsupported = false
	isolation.level = read_uncommitted
	key.deserializer = class org.apache.kafka.common.serialization.ByteArrayDeserializer
	max.partition.fetch.bytes = 1048576
	max.poll.interval.ms = 300000
	max.poll.records = 1000
	metadata.max.age.ms = 300000
	metric.reporters = []
	metrics.num.samples = 2
	metrics.recording.level = INFO
	metrics.sample.window.ms = 30000
	partition.assignment.strategy = [class org.apache.kafka.clients.consumer.RangeAssignor]
	receive.buffer.bytes = 65536
	reconnect.backoff.max.ms = 1000
	reconnect.backoff.ms = 50
	request.timeout.ms = 30000
	retry.backoff.ms = 100
	sasl.client.callback.handler.class = null
	sasl.jaas.config = null
	sasl.kerberos.kinit.cmd = /usr/bin/kinit
	sasl.kerberos.min.time.before.relogin = 60000
	sasl.kerberos.service.name = null
	sasl.kerberos.ticket.renew.jitter = 0.05
	sasl.kerberos.ticket.renew.window.factor = 0.8
	sasl.login.callback.handler.class = null
	sasl.login.class = null
	sasl.login.refresh.buffer.seconds = 300
	sasl.login.refresh.min.period.seconds = 60
	sasl.login.refresh.window.factor = 0.8
	sasl.login.refresh.window.jitter = 0.05
	sasl.mechanism = GSSAPI
	security.protocol = PLAINTEXT
	security.providers = null
	send.buffer.bytes = 131072
	session.timeout.ms = 10000
	socket.connection.setup.timeout.max.ms = 30000
	socket.connection.setup.timeout.ms = 10000
	ssl.cipher.suites = null
	ssl.enabled.protocols = [TLSv1.2, TLSv1.3]
	ssl.endpoint.identification.algorithm = https
	ssl.engine.factory.class = null
	ssl.key.password = null
	ssl.keymanager.algorithm = SunX509
	ssl.keystore.certificate.chain = null
	ssl.keystore.key = null
	ssl.keystore.location = null
	ssl.keystore.password = null
	ssl.keystore.type = JKS
	ssl.protocol = TLSv1.3
	ssl.provider = null
	ssl.secure.random.implementation = null
	ssl.trustmanager.algorithm = PKIX
	ssl.truststore.certificates = null
	ssl.truststore.location = null
	ssl.truststore.password = null
	ssl.truststore.type = JKS
	value.deserializer = class org.apache.kafka.common.serialization.ByteArrayDeserializer

[main] WARN org.apache.kafka.clients.ClientUtils - Couldn't resolve server broker2:9092 from bootstrap.servers as DNS resolution failed for broker2
[main] INFO org.apache.kafka.common.utils.AppInfoParser - Kafka version: 2.8.1
[main] INFO org.apache.kafka.common.utils.AppInfoParser - Kafka commitId: 839b886f9b732b15
[main] INFO org.apache.kafka.common.utils.AppInfoParser - Kafka startTimeMs: 1778783467396
[main] INFO org.apache.kafka.streams.processor.internals.StreamThread - stream-thread [project3-analytics-streams-aae008f8-ced8-43b5-b3e6-e86f3d7b8fcd-StreamThread-1] Creating thread producer client
[main] INFO org.apache.kafka.clients.producer.ProducerConfig - ProducerConfig values: 
	acks = 1
	batch.size = 16384
	bootstrap.servers = [broker1:9092, broker2:9092]
	buffer.memory = 33554432
	client.dns.lookup = use_all_dns_ips
	client.id = project3-analytics-streams-aae008f8-ced8-43b5-b3e6-e86f3d7b8fcd-StreamThread-1-producer
	compression.type = none
	connections.max.idle.ms = 540000
	delivery.timeout.ms = 120000
	enable.idempotence = false
	interceptor.classes = []
	internal.auto.downgrade.txn.commit = false
	key.serializer = class org.apache.kafka.common.serialization.ByteArraySerializer
	linger.ms = 100
	max.block.ms = 60000
	max.in.flight.requests.per.connection = 5
	max.request.size = 1048576
	metadata.max.age.ms = 300000
	metadata.max.idle.ms = 300000
	metric.reporters = []
	metrics.num.samples = 2
	metrics.recording.level = INFO
	metrics.sample.window.ms = 30000
	partitioner.class = class org.apache.kafka.clients.producer.internals.DefaultPartitioner
	receive.buffer.bytes = 32768
	reconnect.backoff.max.ms = 1000
	reconnect.backoff.ms = 50
	request.timeout.ms = 30000
	retries = 2147483647
	retry.backoff.ms = 100
	sasl.client.callback.handler.class = null
	sasl.jaas.config = null
	sasl.kerberos.kinit.cmd = /usr/bin/kinit
	sasl.kerberos.min.time.before.relogin = 60000
	sasl.kerberos.service.name = null
	sasl.kerberos.ticket.renew.jitter = 0.05
	sasl.kerberos.ticket.renew.window.factor = 0.8
	sasl.login.callback.handler.class = null
	sasl.login.class = null
	sasl.login.refresh.buffer.seconds = 300
	sasl.login.refresh.min.period.seconds = 60
	sasl.login.refresh.window.factor = 0.8
	sasl.login.refresh.window.jitter = 0.05
	sasl.mechanism = GSSAPI
	security.protocol = PLAINTEXT
	security.providers = null
	send.buffer.bytes = 131072
	socket.connection.setup.timeout.max.ms = 30000
	socket.connection.setup.timeout.ms = 10000
	ssl.cipher.suites = null
	ssl.enabled.protocols = [TLSv1.2, TLSv1.3]
	ssl.endpoint.identification.algorithm = https
	ssl.engine.factory.class = null
	ssl.key.password = null
	ssl.keymanager.algorithm = SunX509
	ssl.keystore.certificate.chain = null
	ssl.keystore.key = null
	ssl.keystore.location = null
	ssl.keystore.password = null
	ssl.keystore.type = JKS
	ssl.protocol = TLSv1.3
	ssl.provider = null
	ssl.secure.random.implementation = null
	ssl.trustmanager.algorithm = PKIX
	ssl.truststore.certificates = null
	ssl.truststore.location = null
	ssl.truststore.password = null
	ssl.truststore.type = JKS
	transaction.timeout.ms = 60000
	transactional.id = null
	value.serializer = class org.apache.kafka.common.serialization.ByteArraySerializer

[main] WARN org.apache.kafka.clients.ClientUtils - Couldn't resolve server broker2:9092 from bootstrap.servers as DNS resolution failed for broker2
[main] INFO org.apache.kafka.common.utils.AppInfoParser - Kafka version: 2.8.1
[main] INFO org.apache.kafka.common.utils.AppInfoParser - Kafka commitId: 839b886f9b732b15
[main] INFO org.apache.kafka.common.utils.AppInfoParser - Kafka startTimeMs: 1778783467473
[main] INFO org.apache.kafka.streams.processor.internals.StreamThread - stream-thread [project3-analytics-streams-aae008f8-ced8-43b5-b3e6-e86f3d7b8fcd-StreamThread-1] Creating consumer client
[main] INFO org.apache.kafka.clients.consumer.ConsumerConfig - ConsumerConfig values: 
	allow.auto.create.topics = false
	auto.commit.interval.ms = 5000
	auto.offset.reset = earliest
	bootstrap.servers = [broker1:9092, broker2:9092]
	check.crcs = true
	client.dns.lookup = use_all_dns_ips
	client.id = project3-analytics-streams-aae008f8-ced8-43b5-b3e6-e86f3d7b8fcd-StreamThread-1-consumer
	client.rack = 
	connections.max.idle.ms = 540000
	default.api.timeout.ms = 60000
	enable.auto.commit = false
	exclude.internal.topics = true
	fetch.max.bytes = 52428800
	fetch.max.wait.ms = 500
	fetch.min.bytes = 1
	group.id = project3-analytics-streams
	group.instance.id = null
	heartbeat.interval.ms = 3000
	interceptor.classes = []
	internal.leave.group.on.close = false
	internal.throw.on.fetch.stable.offset.unsupported = false
	isolation.level = read_uncommitted
	key.deserializer = class org.apache.kafka.common.serialization.ByteArrayDeserializer
	max.partition.fetch.bytes = 1048576
	max.poll.interval.ms = 300000
	max.poll.records = 1000
	metadata.max.age.ms = 300000
	metric.reporters = []
	metrics.num.samples = 2
	metrics.recording.level = INFO
	metrics.sample.window.ms = 30000
	partition.assignment.strategy = [org.apache.kafka.streams.processor.internals.StreamsPartitionAssignor]
	receive.buffer.bytes = 65536
	reconnect.backoff.max.ms = 1000
	reconnect.backoff.ms = 50
	request.timeout.ms = 30000
	retry.backoff.ms = 100
	sasl.client.callback.handler.class = null
	sasl.jaas.config = null
	sasl.kerberos.kinit.cmd = /usr/bin/kinit
	sasl.kerberos.min.time.before.relogin = 60000
	sasl.kerberos.service.name = null
	sasl.kerberos.ticket.renew.jitter = 0.05
	sasl.kerberos.ticket.renew.window.factor = 0.8
	sasl.login.callback.handler.class = null
	sasl.login.class = null
	sasl.login.refresh.buffer.seconds = 300
	sasl.login.refresh.min.period.seconds = 60
	sasl.login.refresh.window.factor = 0.8
	sasl.login.refresh.window.jitter = 0.05
	sasl.mechanism = GSSAPI
	security.protocol = PLAINTEXT
	security.providers = null
	send.buffer.bytes = 131072
	session.timeout.ms = 10000
	socket.connection.setup.timeout.max.ms = 30000
	socket.connection.setup.timeout.ms = 10000
	ssl.cipher.suites = null
	ssl.enabled.protocols = [TLSv1.2, TLSv1.3]
	ssl.endpoint.identification.algorithm = https
	ssl.engine.factory.class = null
	ssl.key.password = null
	ssl.keymanager.algorithm = SunX509
	ssl.keystore.certificate.chain = null
	ssl.keystore.key = null
	ssl.keystore.location = null
	ssl.keystore.password = null
	ssl.keystore.type = JKS
	ssl.protocol = TLSv1.3
	ssl.provider = null
	ssl.secure.random.implementation = null
	ssl.trustmanager.algorithm = PKIX
	ssl.truststore.certificates = null
	ssl.truststore.location = null
	ssl.truststore.password = null
	ssl.truststore.type = JKS
	value.deserializer = class org.apache.kafka.common.serialization.ByteArrayDeserializer

[main] WARN org.apache.kafka.clients.ClientUtils - Couldn't resolve server broker2:9092 from bootstrap.servers as DNS resolution failed for broker2
[main] INFO org.apache.kafka.streams.processor.internals.assignment.AssignorConfiguration - stream-thread [project3-analytics-streams-aae008f8-ced8-43b5-b3e6-e86f3d7b8fcd-StreamThread-1-consumer] Cooperative rebalancing enabled now
[main] INFO org.apache.kafka.common.utils.AppInfoParser - Kafka version: 2.8.1
[main] INFO org.apache.kafka.common.utils.AppInfoParser - Kafka commitId: 839b886f9b732b15
[main] INFO org.apache.kafka.common.utils.AppInfoParser - Kafka startTimeMs: 1778783467560
[main] INFO org.apache.kafka.streams.KafkaStreams - stream-client [project3-analytics-streams-aae008f8-ced8-43b5-b3e6-e86f3d7b8fcd] State transition from CREATED to REBALANCING
[project3-analytics-streams-aae008f8-ced8-43b5-b3e6-e86f3d7b8fcd-StreamThread-1] INFO org.apache.kafka.streams.processor.internals.StreamThread - stream-thread [project3-analytics-streams-aae008f8-ced8-43b5-b3e6-e86f3d7b8fcd-StreamThread-1] Starting
[project3-analytics-streams-aae008f8-ced8-43b5-b3e6-e86f3d7b8fcd-StreamThread-1] INFO org.apache.kafka.streams.processor.internals.StreamThread - stream-thread [project3-analytics-streams-aae008f8-ced8-43b5-b3e6-e86f3d7b8fcd-StreamThread-1] State transition from CREATED to STARTING
[project3-analytics-streams-aae008f8-ced8-43b5-b3e6-e86f3d7b8fcd-StreamThread-1] INFO org.apache.kafka.clients.consumer.KafkaConsumer - [Consumer clientId=project3-analytics-streams-aae008f8-ced8-43b5-b3e6-e86f3d7b8fcd-StreamThread-1-consumer, groupId=project3-analytics-streams] Subscribed to topic(s): Purchases, Sales, project3-analytics-streams-KSTREAM-AGGREGATE-STATE-STORE-0000000003-repartition, project3-analytics-streams-KSTREAM-AGGREGATE-STATE-STORE-0000000012-repartition, project3-analytics-streams-KSTREAM-AGGREGATE-STATE-STORE-0000000021-repartition, project3-analytics-streams-KSTREAM-AGGREGATE-STATE-STORE-0000000030-repartition, project3-analytics-streams-KSTREAM-AGGREGATE-STATE-STORE-0000000054-repartition, project3-analytics-streams-KSTREAM-AGGREGATE-STATE-STORE-0000000068-repartition, project3-analytics-streams-KSTREAM-AGGREGATE-STATE-STORE-0000000095-repartition, project3-analytics-streams-KSTREAM-AGGREGATE-STATE-STORE-0000000104-repartition, project3-analytics-streams-KSTREAM-AGGREGATE-STATE-STORE-0000000113-repartition, project3-analytics-streams-KSTREAM-REDUCE-STATE-STORE-0000000086-repartition
[main] INFO is.project3.ProjetoBase3Streams - Kafka Streams application started
[project3-analytics-streams-aae008f8-ced8-43b5-b3e6-e86f3d7b8fcd-StreamThread-1] INFO org.apache.kafka.streams.processor.internals.StreamThread - stream-thread [project3-analytics-streams-aae008f8-ced8-43b5-b3e6-e86f3d7b8fcd-StreamThread-1] Processed 0 total records, ran 0 punctuators, and committed 0 total tasks since the last update
[kafka-producer-network-thread | project3-analytics-streams-aae008f8-ced8-43b5-b3e6-e86f3d7b8fcd-StreamThread-1-producer] INFO org.apache.kafka.clients.Metadata - [Producer clientId=project3-analytics-streams-aae008f8-ced8-43b5-b3e6-e86f3d7b8fcd-StreamThread-1-producer] Cluster ID: MkU3OEVBNTcwNTJENDM2Qk
[project3-analytics-streams-aae008f8-ced8-43b5-b3e6-e86f3d7b8fcd-StreamThread-1] WARN org.apache.kafka.clients.NetworkClient - [Consumer clientId=project3-analytics-streams-aae008f8-ced8-43b5-b3e6-e86f3d7b8fcd-StreamThread-1-consumer, groupId=project3-analytics-streams] Error while fetching metadata with correlation id 2 : {project3-analytics-streams-KSTREAM-AGGREGATE-STATE-STORE-0000000113-repartition=UNKNOWN_TOPIC_OR_PARTITION, project3-analytics-streams-KSTREAM-AGGREGATE-STATE-STORE-0000000021-repartition=UNKNOWN_TOPIC_OR_PARTITION, project3-analytics-streams-KSTREAM-AGGREGATE-STATE-STORE-0000000054-repartition=UNKNOWN_TOPIC_OR_PARTITION, project3-analytics-streams-KSTREAM-AGGREGATE-STATE-STORE-0000000095-repartition=UNKNOWN_TOPIC_OR_PARTITION, project3-analytics-streams-KSTREAM-AGGREGATE-STATE-STORE-0000000104-repartition=UNKNOWN_TOPIC_OR_PARTITION, project3-analytics-streams-KSTREAM-AGGREGATE-STATE-STORE-0000000003-repartition=UNKNOWN_TOPIC_OR_PARTITION, project3-analytics-streams-KSTREAM-REDUCE-STATE-STORE-0000000086-repartition=UNKNOWN_TOPIC_OR_PARTITION, project3-analytics-streams-KSTREAM-AGGREGATE-STATE-STORE-0000000068-repartition=UNKNOWN_TOPIC_OR_PARTITION, project3-analytics-streams-KSTREAM-AGGREGATE-STATE-STORE-0000000030-repartition=UNKNOWN_TOPIC_OR_PARTITION, project3-analytics-streams-KSTREAM-AGGREGATE-STATE-STORE-0000000012-repartition=UNKNOWN_TOPIC_OR_PARTITION}
[project3-analytics-streams-aae008f8-ced8-43b5-b3e6-e86f3d7b8fcd-StreamThread-1] INFO org.apache.kafka.clients.Metadata - [Consumer clientId=project3-analytics-streams-aae008f8-ced8-43b5-b3e6-e86f3d7b8fcd-StreamThread-1-consumer, groupId=project3-analytics-streams] Cluster ID: MkU3OEVBNTcwNTJENDM2Qk
[project3-analytics-streams-aae008f8-ced8-43b5-b3e6-e86f3d7b8fcd-StreamThread-1] INFO org.apache.kafka.clients.consumer.internals.AbstractCoordinator - [Consumer clientId=project3-analytics-streams-aae008f8-ced8-43b5-b3e6-e86f3d7b8fcd-StreamThread-1-consumer, groupId=project3-analytics-streams] Discovered group coordinator broker1:9092 (id: 2147483646 rack: null)
[project3-analytics-streams-aae008f8-ced8-43b5-b3e6-e86f3d7b8fcd-StreamThread-1] INFO org.apache.kafka.clients.consumer.internals.AbstractCoordinator - [Consumer clientId=project3-analytics-streams-aae008f8-ced8-43b5-b3e6-e86f3d7b8fcd-StreamThread-1-consumer, groupId=project3-analytics-streams] (Re-)joining group
[project3-analytics-streams-aae008f8-ced8-43b5-b3e6-e86f3d7b8fcd-StreamThread-1] INFO org.apache.kafka.clients.consumer.internals.AbstractCoordinator - [Consumer clientId=project3-analytics-streams-aae008f8-ced8-43b5-b3e6-e86f3d7b8fcd-StreamThread-1-consumer, groupId=project3-analytics-streams] (Re-)joining group
[project3-analytics-streams-aae008f8-ced8-43b5-b3e6-e86f3d7b8fcd-StreamThread-1] WARN org.apache.kafka.clients.NetworkClient - [Consumer clientId=project3-analytics-streams-aae008f8-ced8-43b5-b3e6-e86f3d7b8fcd-StreamThread-1-consumer, groupId=project3-analytics-streams] Error while fetching metadata with correlation id 7 : {project3-analytics-streams-KSTREAM-AGGREGATE-STATE-STORE-0000000113-repartition=UNKNOWN_TOPIC_OR_PARTITION, project3-analytics-streams-KSTREAM-AGGREGATE-STATE-STORE-0000000021-repartition=UNKNOWN_TOPIC_OR_PARTITION, project3-analytics-streams-KSTREAM-AGGREGATE-STATE-STORE-0000000054-repartition=UNKNOWN_TOPIC_OR_PARTITION, project3-analytics-streams-KSTREAM-AGGREGATE-STATE-STORE-0000000095-repartition=UNKNOWN_TOPIC_OR_PARTITION, project3-analytics-streams-KSTREAM-AGGREGATE-STATE-STORE-0000000104-repartition=UNKNOWN_TOPIC_OR_PARTITION, project3-analytics-streams-KSTREAM-AGGREGATE-STATE-STORE-0000000003-repartition=UNKNOWN_TOPIC_OR_PARTITION, project3-analytics-streams-KSTREAM-REDUCE-STATE-STORE-0000000086-repartition=UNKNOWN_TOPIC_OR_PARTITION, project3-analytics-streams-KSTREAM-AGGREGATE-STATE-STORE-0000000068-repartition=UNKNOWN_TOPIC_OR_PARTITION, project3-analytics-streams-KSTREAM-AGGREGATE-STATE-STORE-0000000030-repartition=UNKNOWN_TOPIC_OR_PARTITION, project3-analytics-streams-KSTREAM-AGGREGATE-STATE-STORE-0000000012-repartition=UNKNOWN_TOPIC_OR_PARTITION}
[project3-analytics-streams-aae008f8-ced8-43b5-b3e6-e86f3d7b8fcd-StreamThread-1] WARN org.apache.kafka.clients.NetworkClient - [Consumer clientId=project3-analytics-streams-aae008f8-ced8-43b5-b3e6-e86f3d7b8fcd-StreamThread-1-consumer, groupId=project3-analytics-streams] Error while fetching metadata with correlation id 8 : {project3-analytics-streams-KSTREAM-AGGREGATE-STATE-STORE-0000000113-repartition=UNKNOWN_TOPIC_OR_PARTITION, project3-analytics-streams-KSTREAM-AGGREGATE-STATE-STORE-0000000021-repartition=UNKNOWN_TOPIC_OR_PARTITION, project3-analytics-streams-KSTREAM-AGGREGATE-STATE-STORE-0000000054-repartition=UNKNOWN_TOPIC_OR_PARTITION, project3-analytics-streams-KSTREAM-AGGREGATE-STATE-STORE-0000000095-repartition=UNKNOWN_TOPIC_OR_PARTITION, project3-analytics-streams-KSTREAM-AGGREGATE-STATE-STORE-0000000104-repartition=UNKNOWN_TOPIC_OR_PARTITION, project3-analytics-streams-KSTREAM-AGGREGATE-STATE-STORE-0000000003-repartition=UNKNOWN_TOPIC_OR_PARTITION, project3-analytics-streams-KSTREAM-REDUCE-STATE-STORE-0000000086-repartition=UNKNOWN_TOPIC_OR_PARTITION, project3-analytics-streams-KSTREAM-AGGREGATE-STATE-STORE-0000000068-repartition=UNKNOWN_TOPIC_OR_PARTITION, project3-analytics-streams-KSTREAM-AGGREGATE-STATE-STORE-0000000030-repartition=UNKNOWN_TOPIC_OR_PARTITION, project3-analytics-streams-KSTREAM-AGGREGATE-STATE-STORE-0000000012-repartition=UNKNOWN_TOPIC_OR_PARTITION}
[project3-analytics-streams-aae008f8-ced8-43b5-b3e6-e86f3d7b8fcd-StreamThread-1] INFO org.apache.kafka.clients.consumer.internals.AbstractCoordinator - [Consumer clientId=project3-analytics-streams-aae008f8-ced8-43b5-b3e6-e86f3d7b8fcd-StreamThread-1-consumer, groupId=project3-analytics-streams] Successfully joined group with generation Generation{generationId=1, memberId='project3-analytics-streams-aae008f8-ced8-43b5-b3e6-e86f3d7b8fcd-StreamThread-1-consumer-5b4397d8-32df-46c8-91f3-29688f02e67d', protocol='stream'}
[project3-analytics-streams-aae008f8-ced8-43b5-b3e6-e86f3d7b8fcd-StreamThread-1] WARN org.apache.kafka.clients.NetworkClient - [Consumer clientId=project3-analytics-streams-aae008f8-ced8-43b5-b3e6-e86f3d7b8fcd-StreamThread-1-consumer, groupId=project3-analytics-streams] Error while fetching metadata with correlation id 9 : {project3-analytics-streams-KSTREAM-AGGREGATE-STATE-STORE-0000000113-repartition=UNKNOWN_TOPIC_OR_PARTITION, project3-analytics-streams-KSTREAM-AGGREGATE-STATE-STORE-0000000021-repartition=UNKNOWN_TOPIC_OR_PARTITION, project3-analytics-streams-KSTREAM-AGGREGATE-STATE-STORE-0000000054-repartition=UNKNOWN_TOPIC_OR_PARTITION, project3-analytics-streams-KSTREAM-AGGREGATE-STATE-STORE-0000000095-repartition=UNKNOWN_TOPIC_OR_PARTITION, project3-analytics-streams-KSTREAM-AGGREGATE-STATE-STORE-0000000104-repartition=UNKNOWN_TOPIC_OR_PARTITION, project3-analytics-streams-KSTREAM-AGGREGATE-STATE-STORE-0000000003-repartition=UNKNOWN_TOPIC_OR_PARTITION, project3-analytics-streams-KSTREAM-REDUCE-STATE-STORE-0000000086-repartition=UNKNOWN_TOPIC_OR_PARTITION, project3-analytics-streams-KSTREAM-AGGREGATE-STATE-STORE-0000000068-repartition=UNKNOWN_TOPIC_OR_PARTITION, project3-analytics-streams-KSTREAM-AGGREGATE-STATE-STORE-0000000030-repartition=UNKNOWN_TOPIC_OR_PARTITION, project3-analytics-streams-KSTREAM-AGGREGATE-STATE-STORE-0000000012-repartition=UNKNOWN_TOPIC_OR_PARTITION}
[project3-analytics-streams-aae008f8-ced8-43b5-b3e6-e86f3d7b8fcd-StreamThread-1] INFO org.apache.kafka.streams.processor.internals.assignment.HighAvailabilityTaskAssignor - Decided on assignment: {aae008f8-ced8-43b5-b3e6-e86f3d7b8fcd=[activeTasks: ([0_0, 1_0, 2_0, 3_0, 4_0, 5_0, 6_0, 7_0]) standbyTasks: ([]) prevActiveTasks: ([]) prevStandbyTasks: ([]) changelogOffsetTotalsByTask: ([]) taskLagTotals: ([2_0=0, 3_0=0, 4_0=0, 5_0=0, 6_0=0, 7_0=0]) capacity: 1 assigned: 8]} with no followup probing rebalance.
[project3-analytics-streams-aae008f8-ced8-43b5-b3e6-e86f3d7b8fcd-StreamThread-1] INFO org.apache.kafka.streams.processor.internals.StreamsPartitionAssignor - stream-thread [project3-analytics-streams-aae008f8-ced8-43b5-b3e6-e86f3d7b8fcd-StreamThread-1-consumer] Assigned tasks [0_0, 1_0, 2_0, 3_0, 4_0, 5_0, 6_0, 7_0] including stateful [2_0, 3_0, 4_0, 5_0, 6_0, 7_0] to clients as: 
aae008f8-ced8-43b5-b3e6-e86f3d7b8fcd=[activeTasks: ([0_0, 1_0, 2_0, 3_0, 4_0, 5_0, 6_0, 7_0]) standbyTasks: ([])].
[project3-analytics-streams-aae008f8-ced8-43b5-b3e6-e86f3d7b8fcd-StreamThread-1] INFO org.apache.kafka.streams.processor.internals.StreamsPartitionAssignor - stream-thread [project3-analytics-streams-aae008f8-ced8-43b5-b3e6-e86f3d7b8fcd-StreamThread-1-consumer] Client aae008f8-ced8-43b5-b3e6-e86f3d7b8fcd per-consumer assignment:
	prev owned active {}
	prev owned standby {project3-analytics-streams-aae008f8-ced8-43b5-b3e6-e86f3d7b8fcd-StreamThread-1-consumer-5b4397d8-32df-46c8-91f3-29688f02e67d=[]}
	assigned active {project3-analytics-streams-aae008f8-ced8-43b5-b3e6-e86f3d7b8fcd-StreamThread-1-consumer-5b4397d8-32df-46c8-91f3-29688f02e67d=[0_0, 1_0, 2_0, 3_0, 4_0, 5_0, 6_0, 7_0]}
	revoking active {}	assigned standby {}

[project3-analytics-streams-aae008f8-ced8-43b5-b3e6-e86f3d7b8fcd-StreamThread-1] INFO org.apache.kafka.streams.processor.internals.StreamsPartitionAssignor - stream-thread [project3-analytics-streams-aae008f8-ced8-43b5-b3e6-e86f3d7b8fcd-StreamThread-1-consumer] Finished stable assignment of tasks, no followup rebalances required.
[project3-analytics-streams-aae008f8-ced8-43b5-b3e6-e86f3d7b8fcd-StreamThread-1] INFO org.apache.kafka.clients.consumer.internals.ConsumerCoordinator - [Consumer clientId=project3-analytics-streams-aae008f8-ced8-43b5-b3e6-e86f3d7b8fcd-StreamThread-1-consumer, groupId=project3-analytics-streams] Finished assignment for group at generation 1: {project3-analytics-streams-aae008f8-ced8-43b5-b3e6-e86f3d7b8fcd-StreamThread-1-consumer-5b4397d8-32df-46c8-91f3-29688f02e67d=Assignment(partitions=[Purchases-0, Sales-0, project3-analytics-streams-KSTREAM-AGGREGATE-STATE-STORE-0000000003-repartition-0, project3-analytics-streams-KSTREAM-AGGREGATE-STATE-STORE-0000000012-repartition-0, project3-analytics-streams-KSTREAM-AGGREGATE-STATE-STORE-0000000021-repartition-0, project3-analytics-streams-KSTREAM-AGGREGATE-STATE-STORE-0000000030-repartition-0, project3-analytics-streams-KSTREAM-AGGREGATE-STATE-STORE-0000000054-repartition-0, project3-analytics-streams-KSTREAM-AGGREGATE-STATE-STORE-0000000068-repartition-0, project3-analytics-streams-KSTREAM-AGGREGATE-STATE-STORE-0000000095-repartition-0, project3-analytics-streams-KSTREAM-AGGREGATE-STATE-STORE-0000000104-repartition-0, project3-analytics-streams-KSTREAM-AGGREGATE-STATE-STORE-0000000113-repartition-0, project3-analytics-streams-KSTREAM-REDUCE-STATE-STORE-0000000086-repartition-0], userDataSize=136)}
[project3-analytics-streams-aae008f8-ced8-43b5-b3e6-e86f3d7b8fcd-StreamThread-1] INFO org.apache.kafka.clients.consumer.internals.ConsumerCoordinator - [Consumer clientId=project3-analytics-streams-aae008f8-ced8-43b5-b3e6-e86f3d7b8fcd-StreamThread-1-consumer, groupId=project3-analytics-streams] Requesting to re-join the group and trigger rebalance since the assignment metadata has changed from (version5: {Sales=1, Purchases=1}) to (version6: {project3-analytics-streams-KSTREAM-AGGREGATE-STATE-STORE-0000000021-repartition=1, project3-analytics-streams-KSTREAM-AGGREGATE-STATE-STORE-0000000113-repartition=1, project3-analytics-streams-KSTREAM-AGGREGATE-STATE-STORE-0000000054-repartition=1, Sales=1, project3-analytics-streams-KSTREAM-AGGREGATE-STATE-STORE-0000000095-repartition=1, project3-analytics-streams-KSTREAM-AGGREGATE-STATE-STORE-0000000003-repartition=1, project3-analytics-streams-KSTREAM-AGGREGATE-STATE-STORE-0000000104-repartition=1, project3-analytics-streams-KSTREAM-REDUCE-STATE-STORE-0000000086-repartition=1, project3-analytics-streams-KSTREAM-AGGREGATE-STATE-STORE-0000000068-repartition=1, Purchases=1, project3-analytics-streams-KSTREAM-AGGREGATE-STATE-STORE-0000000030-repartition=1, project3-analytics-streams-KSTREAM-AGGREGATE-STATE-STORE-0000000012-repartition=1})
[project3-analytics-streams-aae008f8-ced8-43b5-b3e6-e86f3d7b8fcd-StreamThread-1] INFO org.apache.kafka.clients.consumer.internals.ConsumerCoordinator - [Consumer clientId=project3-analytics-streams-aae008f8-ced8-43b5-b3e6-e86f3d7b8fcd-StreamThread-1-consumer, groupId=project3-analytics-streams] Requesting to re-join the group and trigger rebalance since the assignment metadata has changed from (version5: {Sales=1, Purchases=1}) to (version6: {project3-analytics-streams-KSTREAM-AGGREGATE-STATE-STORE-0000000021-repartition=1, project3-analytics-streams-KSTREAM-AGGREGATE-STATE-STORE-0000000113-repartition=1, project3-analytics-streams-KSTREAM-AGGREGATE-STATE-STORE-0000000054-repartition=1, Sales=1, project3-analytics-streams-KSTREAM-AGGREGATE-STATE-STORE-0000000095-repartition=1, project3-analytics-streams-KSTREAM-AGGREGATE-STATE-STORE-0000000003-repartition=1, project3-analytics-streams-KSTREAM-AGGREGATE-STATE-STORE-0000000104-repartition=1, project3-analytics-streams-KSTREAM-REDUCE-STATE-STORE-0000000086-repartition=1, project3-analytics-streams-KSTREAM-AGGREGATE-STATE-STORE-0000000068-repartition=1, Purchases=1, project3-analytics-streams-KSTREAM-AGGREGATE-STATE-STORE-0000000030-repartition=1, project3-analytics-streams-KSTREAM-AGGREGATE-STATE-STORE-0000000012-repartition=1})
[project3-analytics-streams-aae008f8-ced8-43b5-b3e6-e86f3d7b8fcd-StreamThread-1] INFO org.apache.kafka.clients.consumer.internals.AbstractCoordinator - [Consumer clientId=project3-analytics-streams-aae008f8-ced8-43b5-b3e6-e86f3d7b8fcd-StreamThread-1-consumer, groupId=project3-analytics-streams] Successfully synced group in generation Generation{generationId=1, memberId='project3-analytics-streams-aae008f8-ced8-43b5-b3e6-e86f3d7b8fcd-StreamThread-1-consumer-5b4397d8-32df-46c8-91f3-29688f02e67d', protocol='stream'}
[project3-analytics-streams-aae008f8-ced8-43b5-b3e6-e86f3d7b8fcd-StreamThread-1] INFO org.apache.kafka.clients.consumer.internals.ConsumerCoordinator - [Consumer clientId=project3-analytics-streams-aae008f8-ced8-43b5-b3e6-e86f3d7b8fcd-StreamThread-1-consumer, groupId=project3-analytics-streams] Requesting to re-join the group and trigger rebalance since the assignment metadata has changed from (version5: {Sales=1, Purchases=1}) to (version6: {project3-analytics-streams-KSTREAM-AGGREGATE-STATE-STORE-0000000021-repartition=1, project3-analytics-streams-KSTREAM-AGGREGATE-STATE-STORE-0000000113-repartition=1, project3-analytics-streams-KSTREAM-AGGREGATE-STATE-STORE-0000000054-repartition=1, Sales=1, project3-analytics-streams-KSTREAM-AGGREGATE-STATE-STORE-0000000095-repartition=1, project3-analytics-streams-KSTREAM-AGGREGATE-STATE-STORE-0000000003-repartition=1, project3-analytics-streams-KSTREAM-AGGREGATE-STATE-STORE-0000000104-repartition=1, project3-analytics-streams-KSTREAM-REDUCE-STATE-STORE-0000000086-repartition=1, project3-analytics-streams-KSTREAM-AGGREGATE-STATE-STORE-0000000068-repartition=1, Purchases=1, project3-analytics-streams-KSTREAM-AGGREGATE-STATE-STORE-0000000030-repartition=1, project3-analytics-streams-KSTREAM-AGGREGATE-STATE-STORE-0000000012-repartition=1})
[project3-analytics-streams-aae008f8-ced8-43b5-b3e6-e86f3d7b8fcd-StreamThread-1] INFO org.apache.kafka.clients.consumer.internals.ConsumerCoordinator - [Consumer clientId=project3-analytics-streams-aae008f8-ced8-43b5-b3e6-e86f3d7b8fcd-StreamThread-1-consumer, groupId=project3-analytics-streams] Requesting to re-join the group and trigger rebalance since the assignment metadata has changed from (version5: {Sales=1, Purchases=1}) to (version6: {project3-analytics-streams-KSTREAM-AGGREGATE-STATE-STORE-0000000021-repartition=1, project3-analytics-streams-KSTREAM-AGGREGATE-STATE-STORE-0000000113-repartition=1, project3-analytics-streams-KSTREAM-AGGREGATE-STATE-STORE-0000000054-repartition=1, Sales=1, project3-analytics-streams-KSTREAM-AGGREGATE-STATE-STORE-0000000095-repartition=1, project3-analytics-streams-KSTREAM-AGGREGATE-STATE-STORE-0000000003-repartition=1, project3-analytics-streams-KSTREAM-AGGREGATE-STATE-STORE-0000000104-repartition=1, project3-analytics-streams-KSTREAM-REDUCE-STATE-STORE-0000000086-repartition=1, project3-analytics-streams-KSTREAM-AGGREGATE-STATE-STORE-0000000068-repartition=1, Purchases=1, project3-analytics-streams-KSTREAM-AGGREGATE-STATE-STORE-0000000030-repartition=1, project3-analytics-streams-KSTREAM-AGGREGATE-STATE-STORE-0000000012-repartition=1})
[project3-analytics-streams-aae008f8-ced8-43b5-b3e6-e86f3d7b8fcd-StreamThread-1] INFO org.apache.kafka.clients.consumer.internals.ConsumerCoordinator - [Consumer clientId=project3-analytics-streams-aae008f8-ced8-43b5-b3e6-e86f3d7b8fcd-StreamThread-1-consumer, groupId=project3-analytics-streams] Updating assignment with
	Assigned partitions:                       [project3-analytics-streams-KSTREAM-AGGREGATE-STATE-STORE-0000000054-repartition-0, project3-analytics-streams-KSTREAM-AGGREGATE-STATE-STORE-0000000104-repartition-0, project3-analytics-streams-KSTREAM-AGGREGATE-STATE-STORE-0000000113-repartition-0, project3-analytics-streams-KSTREAM-AGGREGATE-STATE-STORE-0000000021-repartition-0, project3-analytics-streams-KSTREAM-AGGREGATE-STATE-STORE-0000000095-repartition-0, Sales-0, project3-analytics-streams-KSTREAM-AGGREGATE-STATE-STORE-0000000012-repartition-0, project3-analytics-streams-KSTREAM-REDUCE-STATE-STORE-0000000086-repartition-0, project3-analytics-streams-KSTREAM-AGGREGATE-STATE-STORE-0000000003-repartition-0, project3-analytics-streams-KSTREAM-AGGREGATE-STATE-STORE-0000000068-repartition-0, Purchases-0, project3-analytics-streams-KSTREAM-AGGREGATE-STATE-STORE-0000000030-repartition-0]
	Current owned partitions:                  []
	Added partitions (assigned - owned):       [project3-analytics-streams-KSTREAM-AGGREGATE-STATE-STORE-0000000054-repartition-0, project3-analytics-streams-KSTREAM-AGGREGATE-STATE-STORE-0000000104-repartition-0, project3-analytics-streams-KSTREAM-AGGREGATE-STATE-STORE-0000000113-repartition-0, project3-analytics-streams-KSTREAM-AGGREGATE-STATE-STORE-0000000021-repartition-0, project3-analytics-streams-KSTREAM-AGGREGATE-STATE-STORE-0000000095-repartition-0, Sales-0, project3-analytics-streams-KSTREAM-AGGREGATE-STATE-STORE-0000000012-repartition-0, project3-analytics-streams-KSTREAM-REDUCE-STATE-STORE-0000000086-repartition-0, project3-analytics-streams-KSTREAM-AGGREGATE-STATE-STORE-0000000003-repartition-0, project3-analytics-streams-KSTREAM-AGGREGATE-STATE-STORE-0000000068-repartition-0, Purchases-0, project3-analytics-streams-KSTREAM-AGGREGATE-STATE-STORE-0000000030-repartition-0]
	Revoked partitions (owned - assigned):     []

[project3-analytics-streams-aae008f8-ced8-43b5-b3e6-e86f3d7b8fcd-StreamThread-1] INFO org.apache.kafka.clients.consumer.internals.ConsumerCoordinator - [Consumer clientId=project3-analytics-streams-aae008f8-ced8-43b5-b3e6-e86f3d7b8fcd-StreamThread-1-consumer, groupId=project3-analytics-streams] Notifying assignor about the new Assignment(partitions=[project3-analytics-streams-KSTREAM-AGGREGATE-STATE-STORE-0000000113-repartition-0, project3-analytics-streams-KSTREAM-AGGREGATE-STATE-STORE-0000000021-repartition-0, project3-analytics-streams-KSTREAM-AGGREGATE-STATE-STORE-0000000054-repartition-0, project3-analytics-streams-KSTREAM-AGGREGATE-STATE-STORE-0000000095-repartition-0, Sales-0, project3-analytics-streams-KSTREAM-AGGREGATE-STATE-STORE-0000000104-repartition-0, project3-analytics-streams-KSTREAM-AGGREGATE-STATE-STORE-0000000003-repartition-0, project3-analytics-streams-KSTREAM-REDUCE-STATE-STORE-0000000086-repartition-0, project3-analytics-streams-KSTREAM-AGGREGATE-STATE-STORE-0000000068-repartition-0, Purchases-0, project3-analytics-streams-KSTREAM-AGGREGATE-STATE-STORE-0000000030-repartition-0, project3-analytics-streams-KSTREAM-AGGREGATE-STATE-STORE-0000000012-repartition-0], userDataSize=136)
[project3-analytics-streams-aae008f8-ced8-43b5-b3e6-e86f3d7b8fcd-StreamThread-1] INFO org.apache.kafka.streams.processor.internals.StreamsPartitionAssignor - stream-thread [project3-analytics-streams-aae008f8-ced8-43b5-b3e6-e86f3d7b8fcd-StreamThread-1-consumer] No followup rebalance was requested, resetting the rebalance schedule.
[project3-analytics-streams-aae008f8-ced8-43b5-b3e6-e86f3d7b8fcd-StreamThread-1] INFO org.apache.kafka.streams.processor.internals.TaskManager - stream-thread [project3-analytics-streams-aae008f8-ced8-43b5-b3e6-e86f3d7b8fcd-StreamThread-1] Handle new assignment with:
	New active tasks: [0_0, 1_0, 2_0, 3_0, 4_0, 5_0, 6_0, 7_0]
	New standby tasks: []
	Existing active tasks: []
	Existing standby tasks: []
[project3-analytics-streams-aae008f8-ced8-43b5-b3e6-e86f3d7b8fcd-StreamThread-1] INFO org.apache.kafka.clients.consumer.internals.ConsumerCoordinator - [Consumer clientId=project3-analytics-streams-aae008f8-ced8-43b5-b3e6-e86f3d7b8fcd-StreamThread-1-consumer, groupId=project3-analytics-streams] Adding newly assigned partitions: project3-analytics-streams-KSTREAM-AGGREGATE-STATE-STORE-0000000054-repartition-0, project3-analytics-streams-KSTREAM-AGGREGATE-STATE-STORE-0000000104-repartition-0, project3-analytics-streams-KSTREAM-AGGREGATE-STATE-STORE-0000000113-repartition-0, project3-analytics-streams-KSTREAM-AGGREGATE-STATE-STORE-0000000021-repartition-0, project3-analytics-streams-KSTREAM-AGGREGATE-STATE-STORE-0000000095-repartition-0, Sales-0, project3-analytics-streams-KSTREAM-AGGREGATE-STATE-STORE-0000000012-repartition-0, project3-analytics-streams-KSTREAM-REDUCE-STATE-STORE-0000000086-repartition-0, project3-analytics-streams-KSTREAM-AGGREGATE-STATE-STORE-0000000003-repartition-0, project3-analytics-streams-KSTREAM-AGGREGATE-STATE-STORE-0000000068-repartition-0, Purchases-0, project3-analytics-streams-KSTREAM-AGGREGATE-STATE-STORE-0000000030-repartition-0
[project3-analytics-streams-aae008f8-ced8-43b5-b3e6-e86f3d7b8fcd-StreamThread-1] INFO org.apache.kafka.streams.processor.internals.StreamThread - stream-thread [project3-analytics-streams-aae008f8-ced8-43b5-b3e6-e86f3d7b8fcd-StreamThread-1] State transition from STARTING to PARTITIONS_ASSIGNED
[project3-analytics-streams-aae008f8-ced8-43b5-b3e6-e86f3d7b8fcd-StreamThread-1] INFO org.apache.kafka.clients.consumer.internals.ConsumerCoordinator - [Consumer clientId=project3-analytics-streams-aae008f8-ced8-43b5-b3e6-e86f3d7b8fcd-StreamThread-1-consumer, groupId=project3-analytics-streams] Requesting to re-join the group and trigger rebalance since the assignment metadata has changed from (version5: {Sales=1, Purchases=1}) to (version6: {project3-analytics-streams-KSTREAM-AGGREGATE-STATE-STORE-0000000021-repartition=1, project3-analytics-streams-KSTREAM-AGGREGATE-STATE-STORE-0000000113-repartition=1, project3-analytics-streams-KSTREAM-AGGREGATE-STATE-STORE-0000000054-repartition=1, Sales=1, project3-analytics-streams-KSTREAM-AGGREGATE-STATE-STORE-0000000095-repartition=1, project3-analytics-streams-KSTREAM-AGGREGATE-STATE-STORE-0000000003-repartition=1, project3-analytics-streams-KSTREAM-AGGREGATE-STATE-STORE-0000000104-repartition=1, project3-analytics-streams-KSTREAM-REDUCE-STATE-STORE-0000000086-repartition=1, project3-analytics-streams-KSTREAM-AGGREGATE-STATE-STORE-0000000068-repartition=1, Purchases=1, project3-analytics-streams-KSTREAM-AGGREGATE-STATE-STORE-0000000030-repartition=1, project3-analytics-streams-KSTREAM-AGGREGATE-STATE-STORE-0000000012-repartition=1})
[project3-analytics-streams-aae008f8-ced8-43b5-b3e6-e86f3d7b8fcd-StreamThread-1] INFO org.apache.kafka.clients.consumer.internals.AbstractCoordinator - [Consumer clientId=project3-analytics-streams-aae008f8-ced8-43b5-b3e6-e86f3d7b8fcd-StreamThread-1-consumer, groupId=project3-analytics-streams] (Re-)joining group
[project3-analytics-streams-aae008f8-ced8-43b5-b3e6-e86f3d7b8fcd-StreamThread-1] INFO org.apache.kafka.clients.consumer.internals.AbstractCoordinator - [Consumer clientId=project3-analytics-streams-aae008f8-ced8-43b5-b3e6-e86f3d7b8fcd-StreamThread-1-consumer, groupId=project3-analytics-streams] Successfully joined group with generation Generation{generationId=2, memberId='project3-analytics-streams-aae008f8-ced8-43b5-b3e6-e86f3d7b8fcd-StreamThread-1-consumer-5b4397d8-32df-46c8-91f3-29688f02e67d', protocol='stream'}
[kafka-admin-client-thread | project3-analytics-streams-aae008f8-ced8-43b5-b3e6-e86f3d7b8fcd-admin] INFO org.apache.kafka.clients.admin.KafkaAdminClient - [AdminClient clientId=project3-analytics-streams-aae008f8-ced8-43b5-b3e6-e86f3d7b8fcd-admin] Retrying to fetch metadata.
[kafka-admin-client-thread | project3-analytics-streams-aae008f8-ced8-43b5-b3e6-e86f3d7b8fcd-admin] INFO org.apache.kafka.clients.admin.KafkaAdminClient - [AdminClient clientId=project3-analytics-streams-aae008f8-ced8-43b5-b3e6-e86f3d7b8fcd-admin] Retrying to fetch metadata.
[kafka-admin-client-thread | project3-analytics-streams-aae008f8-ced8-43b5-b3e6-e86f3d7b8fcd-admin] INFO org.apache.kafka.clients.admin.KafkaAdminClient - [AdminClient clientId=project3-analytics-streams-aae008f8-ced8-43b5-b3e6-e86f3d7b8fcd-admin] Retrying to fetch metadata.
[kafka-admin-client-thread | project3-analytics-streams-aae008f8-ced8-43b5-b3e6-e86f3d7b8fcd-admin] INFO org.apache.kafka.clients.admin.KafkaAdminClient - [AdminClient clientId=project3-analytics-streams-aae008f8-ced8-43b5-b3e6-e86f3d7b8fcd-admin] Retrying to fetch metadata.
[project3-analytics-streams-aae008f8-ced8-43b5-b3e6-e86f3d7b8fcd-StreamThread-1] INFO org.apache.kafka.streams.processor.internals.assignment.HighAvailabilityTaskAssignor - Decided on assignment: {aae008f8-ced8-43b5-b3e6-e86f3d7b8fcd=[activeTasks: ([0_0, 1_0, 2_0, 3_0, 4_0, 5_0, 6_0, 7_0]) standbyTasks: ([]) prevActiveTasks: ([0_0, 1_0, 2_0, 3_0, 4_0, 5_0, 6_0, 7_0]) prevStandbyTasks: ([]) changelogOffsetTotalsByTask: ([]) taskLagTotals: ([2_0=0, 3_0=0, 4_0=0, 5_0=0, 6_0=0, 7_0=0]) capacity: 1 assigned: 8]} with no followup probing rebalance.
[project3-analytics-streams-aae008f8-ced8-43b5-b3e6-e86f3d7b8fcd-StreamThread-1] INFO org.apache.kafka.streams.processor.internals.StreamsPartitionAssignor - stream-thread [project3-analytics-streams-aae008f8-ced8-43b5-b3e6-e86f3d7b8fcd-StreamThread-1-consumer] Assigned tasks [0_0, 1_0, 2_0, 3_0, 4_0, 5_0, 6_0, 7_0] including stateful [2_0, 3_0, 4_0, 5_0, 6_0, 7_0] to clients as: 
aae008f8-ced8-43b5-b3e6-e86f3d7b8fcd=[activeTasks: ([0_0, 1_0, 2_0, 3_0, 4_0, 5_0, 6_0, 7_0]) standbyTasks: ([])].
[project3-analytics-streams-aae008f8-ced8-43b5-b3e6-e86f3d7b8fcd-StreamThread-1] INFO org.apache.kafka.streams.processor.internals.StreamsPartitionAssignor - stream-thread [project3-analytics-streams-aae008f8-ced8-43b5-b3e6-e86f3d7b8fcd-StreamThread-1-consumer] Client aae008f8-ced8-43b5-b3e6-e86f3d7b8fcd per-consumer assignment:
	prev owned active {project3-analytics-streams-aae008f8-ced8-43b5-b3e6-e86f3d7b8fcd-StreamThread-1-consumer-5b4397d8-32df-46c8-91f3-29688f02e67d=[0_0, 1_0, 2_0, 3_0, 4_0, 5_0, 6_0, 7_0]}
	prev owned standby {project3-analytics-streams-aae008f8-ced8-43b5-b3e6-e86f3d7b8fcd-StreamThread-1-consumer-5b4397d8-32df-46c8-91f3-29688f02e67d=[]}
	assigned active {project3-analytics-streams-aae008f8-ced8-43b5-b3e6-e86f3d7b8fcd-StreamThread-1-consumer-5b4397d8-32df-46c8-91f3-29688f02e67d=[0_0, 1_0, 2_0, 3_0, 4_0, 5_0, 6_0, 7_0]}
	revoking active {}	assigned standby {}

[project3-analytics-streams-aae008f8-ced8-43b5-b3e6-e86f3d7b8fcd-StreamThread-1] INFO org.apache.kafka.streams.processor.internals.StreamsPartitionAssignor - stream-thread [project3-analytics-streams-aae008f8-ced8-43b5-b3e6-e86f3d7b8fcd-StreamThread-1-consumer] Finished stable assignment of tasks, no followup rebalances required.
[project3-analytics-streams-aae008f8-ced8-43b5-b3e6-e86f3d7b8fcd-StreamThread-1] INFO org.apache.kafka.clients.consumer.internals.ConsumerCoordinator - [Consumer clientId=project3-analytics-streams-aae008f8-ced8-43b5-b3e6-e86f3d7b8fcd-StreamThread-1-consumer, groupId=project3-analytics-streams] Finished assignment for group at generation 2: {project3-analytics-streams-aae008f8-ced8-43b5-b3e6-e86f3d7b8fcd-StreamThread-1-consumer-5b4397d8-32df-46c8-91f3-29688f02e67d=Assignment(partitions=[Purchases-0, Sales-0, project3-analytics-streams-KSTREAM-AGGREGATE-STATE-STORE-0000000003-repartition-0, project3-analytics-streams-KSTREAM-AGGREGATE-STATE-STORE-0000000012-repartition-0, project3-analytics-streams-KSTREAM-AGGREGATE-STATE-STORE-0000000021-repartition-0, project3-analytics-streams-KSTREAM-AGGREGATE-STATE-STORE-0000000030-repartition-0, project3-analytics-streams-KSTREAM-AGGREGATE-STATE-STORE-0000000054-repartition-0, project3-analytics-streams-KSTREAM-AGGREGATE-STATE-STORE-0000000068-repartition-0, project3-analytics-streams-KSTREAM-AGGREGATE-STATE-STORE-0000000095-repartition-0, project3-analytics-streams-KSTREAM-AGGREGATE-STATE-STORE-0000000104-repartition-0, project3-analytics-streams-KSTREAM-AGGREGATE-STATE-STORE-0000000113-repartition-0, project3-analytics-streams-KSTREAM-REDUCE-STATE-STORE-0000000086-repartition-0], userDataSize=136)}
[project3-analytics-streams-aae008f8-ced8-43b5-b3e6-e86f3d7b8fcd-StreamThread-1] INFO org.apache.kafka.streams.processor.internals.StreamTask - stream-thread [project3-analytics-streams-aae008f8-ced8-43b5-b3e6-e86f3d7b8fcd-StreamThread-1] task [0_0] Initialized
[project3-analytics-streams-aae008f8-ced8-43b5-b3e6-e86f3d7b8fcd-StreamThread-1] INFO org.apache.kafka.streams.processor.internals.StreamTask - stream-thread [project3-analytics-streams-aae008f8-ced8-43b5-b3e6-e86f3d7b8fcd-StreamThread-1] task [1_0] Initialized
WARNING: A restricted method in java.lang.System has been called
WARNING: java.lang.System::loadLibrary has been called by org.rocksdb.RocksDB in an unnamed module (file:/workspace/target/project3-jar-with-dependencies.jar)
WARNING: Use --enable-native-access=ALL-UNNAMED to avoid a warning for callers in this module
WARNING: Restricted methods will be blocked in a future release unless native access is enabled

[kafka-coordinator-heartbeat-thread | project3-analytics-streams] INFO org.apache.kafka.clients.consumer.internals.AbstractCoordinator - [Consumer clientId=project3-analytics-streams-aae008f8-ced8-43b5-b3e6-e86f3d7b8fcd-StreamThread-1-consumer, groupId=project3-analytics-streams] Successfully synced group in generation Generation{generationId=2, memberId='project3-analytics-streams-aae008f8-ced8-43b5-b3e6-e86f3d7b8fcd-StreamThread-1-consumer-5b4397d8-32df-46c8-91f3-29688f02e67d', protocol='stream'}
[project3-analytics-streams-aae008f8-ced8-43b5-b3e6-e86f3d7b8fcd-StreamThread-1] INFO org.apache.kafka.streams.state.internals.RocksDBTimestampedStore - Opening store KSTREAM-AGGREGATE-STATE-STORE-0000000003 in regular mode
[project3-analytics-streams-aae008f8-ced8-43b5-b3e6-e86f3d7b8fcd-StreamThread-1] INFO org.apache.kafka.streams.state.internals.RocksDBTimestampedStore - Opening store KSTREAM-AGGREGATE-STATE-STORE-0000000021 in regular mode
[project3-analytics-streams-aae008f8-ced8-43b5-b3e6-e86f3d7b8fcd-StreamThread-1] INFO org.apache.kafka.streams.state.internals.RocksDBTimestampedStore - Opening store KTABLE-MERGE-STATE-STORE-0000000038 in regular mode
[project3-analytics-streams-aae008f8-ced8-43b5-b3e6-e86f3d7b8fcd-StreamThread-1] INFO org.apache.kafka.streams.state.internals.RocksDBTimestampedStore - Opening store KSTREAM-AGGREGATE-STATE-STORE-0000000054 in regular mode
[project3-analytics-streams-aae008f8-ced8-43b5-b3e6-e86f3d7b8fcd-StreamThread-1] INFO org.apache.kafka.streams.state.internals.RocksDBTimestampedStore - Opening store KTABLE-MERGE-STATE-STORE-0000000059 in regular mode
[project3-analytics-streams-aae008f8-ced8-43b5-b3e6-e86f3d7b8fcd-StreamThread-1] INFO org.apache.kafka.streams.state.internals.RocksDBTimestampedStore - Opening store KTABLE-MERGE-STATE-STORE-0000000080 in regular mode
[project3-analytics-streams-aae008f8-ced8-43b5-b3e6-e86f3d7b8fcd-StreamThread-1] INFO org.apache.kafka.streams.processor.internals.ProcessorStateManager - stream-thread [project3-analytics-streams-aae008f8-ced8-43b5-b3e6-e86f3d7b8fcd-StreamThread-1] task [2_0] State store KSTREAM-AGGREGATE-STATE-STORE-0000000003 did not find checkpoint offset, hence would default to the starting offset at changelog project3-analytics-streams-KSTREAM-AGGREGATE-STATE-STORE-0000000003-changelog-0
[project3-analytics-streams-aae008f8-ced8-43b5-b3e6-e86f3d7b8fcd-StreamThread-1] INFO org.apache.kafka.streams.processor.internals.ProcessorStateManager - stream-thread [project3-analytics-streams-aae008f8-ced8-43b5-b3e6-e86f3d7b8fcd-StreamThread-1] task [2_0] State store KSTREAM-AGGREGATE-STATE-STORE-0000000021 did not find checkpoint offset, hence would default to the starting offset at changelog project3-analytics-streams-KSTREAM-AGGREGATE-STATE-STORE-0000000021-changelog-0
[project3-analytics-streams-aae008f8-ced8-43b5-b3e6-e86f3d7b8fcd-StreamThread-1] INFO org.apache.kafka.streams.processor.internals.ProcessorStateManager - stream-thread [project3-analytics-streams-aae008f8-ced8-43b5-b3e6-e86f3d7b8fcd-StreamThread-1] task [2_0] State store KTABLE-MERGE-STATE-STORE-0000000038 did not find checkpoint offset, hence would default to the starting offset at changelog project3-analytics-streams-KTABLE-MERGE-STATE-STORE-0000000038-changelog-0
[project3-analytics-streams-aae008f8-ced8-43b5-b3e6-e86f3d7b8fcd-StreamThread-1] INFO org.apache.kafka.streams.processor.internals.ProcessorStateManager - stream-thread [project3-analytics-streams-aae008f8-ced8-43b5-b3e6-e86f3d7b8fcd-StreamThread-1] task [2_0] State store KSTREAM-AGGREGATE-STATE-STORE-0000000054 did not find checkpoint offset, hence would default to the starting offset at changelog project3-analytics-streams-KSTREAM-AGGREGATE-STATE-STORE-0000000054-changelog-0
[project3-analytics-streams-aae008f8-ced8-43b5-b3e6-e86f3d7b8fcd-StreamThread-1] INFO org.apache.kafka.streams.processor.internals.ProcessorStateManager - stream-thread [project3-analytics-streams-aae008f8-ced8-43b5-b3e6-e86f3d7b8fcd-StreamThread-1] task [2_0] State store KTABLE-MERGE-STATE-STORE-0000000059 did not find checkpoint offset, hence would default to the starting offset at changelog project3-analytics-streams-KTABLE-MERGE-STATE-STORE-0000000059-changelog-0
[project3-analytics-streams-aae008f8-ced8-43b5-b3e6-e86f3d7b8fcd-StreamThread-1] INFO org.apache.kafka.streams.processor.internals.ProcessorStateManager - stream-thread [project3-analytics-streams-aae008f8-ced8-43b5-b3e6-e86f3d7b8fcd-StreamThread-1] task [2_0] State store KTABLE-MERGE-STATE-STORE-0000000080 did not find checkpoint offset, hence would default to the starting offset at changelog project3-analytics-streams-KTABLE-MERGE-STATE-STORE-0000000080-changelog-0
[project3-analytics-streams-aae008f8-ced8-43b5-b3e6-e86f3d7b8fcd-StreamThread-1] INFO org.apache.kafka.streams.processor.internals.StreamTask - stream-thread [project3-analytics-streams-aae008f8-ced8-43b5-b3e6-e86f3d7b8fcd-StreamThread-1] task [2_0] Initialized
[project3-analytics-streams-aae008f8-ced8-43b5-b3e6-e86f3d7b8fcd-StreamThread-1] INFO org.apache.kafka.streams.state.internals.RocksDBTimestampedStore - Opening store KSTREAM-AGGREGATE-STATE-STORE-0000000012 in regular mode
[project3-analytics-streams-aae008f8-ced8-43b5-b3e6-e86f3d7b8fcd-StreamThread-1] INFO org.apache.kafka.streams.state.internals.RocksDBTimestampedStore - Opening store KSTREAM-AGGREGATE-STATE-STORE-0000000030 in regular mode
[project3-analytics-streams-aae008f8-ced8-43b5-b3e6-e86f3d7b8fcd-StreamThread-1] INFO org.apache.kafka.streams.state.internals.RocksDBTimestampedStore - Opening store KTABLE-MERGE-STATE-STORE-0000000045 in regular mode
[project3-analytics-streams-aae008f8-ced8-43b5-b3e6-e86f3d7b8fcd-StreamThread-1] INFO org.apache.kafka.streams.state.internals.RocksDBTimestampedStore - Opening store KSTREAM-AGGREGATE-STATE-STORE-0000000068 in regular mode
[project3-analytics-streams-aae008f8-ced8-43b5-b3e6-e86f3d7b8fcd-StreamThread-1] INFO org.apache.kafka.streams.state.internals.RocksDBTimestampedStore - Opening store KTABLE-MERGE-STATE-STORE-0000000073 in regular mode
[project3-analytics-streams-aae008f8-ced8-43b5-b3e6-e86f3d7b8fcd-StreamThread-1] INFO org.apache.kafka.streams.processor.internals.ProcessorStateManager - stream-thread [project3-analytics-streams-aae008f8-ced8-43b5-b3e6-e86f3d7b8fcd-StreamThread-1] task [3_0] State store KSTREAM-AGGREGATE-STATE-STORE-0000000012 did not find checkpoint offset, hence would default to the starting offset at changelog project3-analytics-streams-KSTREAM-AGGREGATE-STATE-STORE-0000000012-changelog-0
[project3-analytics-streams-aae008f8-ced8-43b5-b3e6-e86f3d7b8fcd-StreamThread-1] INFO org.apache.kafka.streams.processor.internals.ProcessorStateManager - stream-thread [project3-analytics-streams-aae008f8-ced8-43b5-b3e6-e86f3d7b8fcd-StreamThread-1] task [3_0] State store KSTREAM-AGGREGATE-STATE-STORE-0000000030 did not find checkpoint offset, hence would default to the starting offset at changelog project3-analytics-streams-KSTREAM-AGGREGATE-STATE-STORE-0000000030-changelog-0
[project3-analytics-streams-aae008f8-ced8-43b5-b3e6-e86f3d7b8fcd-StreamThread-1] INFO org.apache.kafka.streams.processor.internals.ProcessorStateManager - stream-thread [project3-analytics-streams-aae008f8-ced8-43b5-b3e6-e86f3d7b8fcd-StreamThread-1] task [3_0] State store KTABLE-MERGE-STATE-STORE-0000000045 did not find checkpoint offset, hence would default to the starting offset at changelog project3-analytics-streams-KTABLE-MERGE-STATE-STORE-0000000045-changelog-0
[project3-analytics-streams-aae008f8-ced8-43b5-b3e6-e86f3d7b8fcd-StreamThread-1] INFO org.apache.kafka.streams.processor.internals.ProcessorStateManager - stream-thread [project3-analytics-streams-aae008f8-ced8-43b5-b3e6-e86f3d7b8fcd-StreamThread-1] task [3_0] State store KSTREAM-AGGREGATE-STATE-STORE-0000000068 did not find checkpoint offset, hence would default to the starting offset at changelog project3-analytics-streams-KSTREAM-AGGREGATE-STATE-STORE-0000000068-changelog-0
[project3-analytics-streams-aae008f8-ced8-43b5-b3e6-e86f3d7b8fcd-StreamThread-1] INFO org.apache.kafka.streams.processor.internals.ProcessorStateManager - stream-thread [project3-analytics-streams-aae008f8-ced8-43b5-b3e6-e86f3d7b8fcd-StreamThread-1] task [3_0] State store KTABLE-MERGE-STATE-STORE-0000000073 did not find checkpoint offset, hence would default to the starting offset at changelog project3-analytics-streams-KTABLE-MERGE-STATE-STORE-0000000073-changelog-0
[project3-analytics-streams-aae008f8-ced8-43b5-b3e6-e86f3d7b8fcd-StreamThread-1] INFO org.apache.kafka.streams.processor.internals.StreamTask - stream-thread [project3-analytics-streams-aae008f8-ced8-43b5-b3e6-e86f3d7b8fcd-StreamThread-1] task [3_0] Initialized
[project3-analytics-streams-aae008f8-ced8-43b5-b3e6-e86f3d7b8fcd-StreamThread-1] INFO org.apache.kafka.streams.state.internals.RocksDBTimestampedStore - Opening store KSTREAM-REDUCE-STATE-STORE-0000000086 in regular mode
[project3-analytics-streams-aae008f8-ced8-43b5-b3e6-e86f3d7b8fcd-StreamThread-1] INFO org.apache.kafka.streams.processor.internals.ProcessorStateManager - stream-thread [project3-analytics-streams-aae008f8-ced8-43b5-b3e6-e86f3d7b8fcd-StreamThread-1] task [4_0] State store KSTREAM-REDUCE-STATE-STORE-0000000086 did not find checkpoint offset, hence would default to the starting offset at changelog project3-analytics-streams-KSTREAM-REDUCE-STATE-STORE-0000000086-changelog-0
[project3-analytics-streams-aae008f8-ced8-43b5-b3e6-e86f3d7b8fcd-StreamThread-1] INFO org.apache.kafka.streams.processor.internals.StreamTask - stream-thread [project3-analytics-streams-aae008f8-ced8-43b5-b3e6-e86f3d7b8fcd-StreamThread-1] task [4_0] Initialized
[project3-analytics-streams-aae008f8-ced8-43b5-b3e6-e86f3d7b8fcd-StreamThread-1] INFO org.apache.kafka.streams.processor.internals.ProcessorStateManager - stream-thread [project3-analytics-streams-aae008f8-ced8-43b5-b3e6-e86f3d7b8fcd-StreamThread-1] task [5_0] State store KSTREAM-AGGREGATE-STATE-STORE-0000000095 did not find checkpoint offset, hence would default to the starting offset at changelog project3-analytics-streams-KSTREAM-AGGREGATE-STATE-STORE-0000000095-changelog-0
[project3-analytics-streams-aae008f8-ced8-43b5-b3e6-e86f3d7b8fcd-StreamThread-1] INFO org.apache.kafka.streams.processor.internals.StreamTask - stream-thread [project3-analytics-streams-aae008f8-ced8-43b5-b3e6-e86f3d7b8fcd-StreamThread-1] task [5_0] Initialized
[project3-analytics-streams-aae008f8-ced8-43b5-b3e6-e86f3d7b8fcd-StreamThread-1] INFO org.apache.kafka.streams.processor.internals.ProcessorStateManager - stream-thread [project3-analytics-streams-aae008f8-ced8-43b5-b3e6-e86f3d7b8fcd-StreamThread-1] task [6_0] State store KSTREAM-AGGREGATE-STATE-STORE-0000000104 did not find checkpoint offset, hence would default to the starting offset at changelog project3-analytics-streams-KSTREAM-AGGREGATE-STATE-STORE-0000000104-changelog-0
[project3-analytics-streams-aae008f8-ced8-43b5-b3e6-e86f3d7b8fcd-StreamThread-1] INFO org.apache.kafka.streams.processor.internals.StreamTask - stream-thread [project3-analytics-streams-aae008f8-ced8-43b5-b3e6-e86f3d7b8fcd-StreamThread-1] task [6_0] Initialized
[project3-analytics-streams-aae008f8-ced8-43b5-b3e6-e86f3d7b8fcd-StreamThread-1] INFO org.apache.kafka.streams.state.internals.RocksDBTimestampedStore - Opening store KSTREAM-AGGREGATE-STATE-STORE-0000000113 in regular mode
[project3-analytics-streams-aae008f8-ced8-43b5-b3e6-e86f3d7b8fcd-StreamThread-1] INFO org.apache.kafka.streams.processor.internals.ProcessorStateManager - stream-thread [project3-analytics-streams-aae008f8-ced8-43b5-b3e6-e86f3d7b8fcd-StreamThread-1] task [7_0] State store KSTREAM-AGGREGATE-STATE-STORE-0000000113 did not find checkpoint offset, hence would default to the starting offset at changelog project3-analytics-streams-KSTREAM-AGGREGATE-STATE-STORE-0000000113-changelog-0
[project3-analytics-streams-aae008f8-ced8-43b5-b3e6-e86f3d7b8fcd-StreamThread-1] INFO org.apache.kafka.streams.processor.internals.StreamTask - stream-thread [project3-analytics-streams-aae008f8-ced8-43b5-b3e6-e86f3d7b8fcd-StreamThread-1] task [7_0] Initialized
[project3-analytics-streams-aae008f8-ced8-43b5-b3e6-e86f3d7b8fcd-StreamThread-1] INFO org.apache.kafka.clients.consumer.internals.ConsumerCoordinator - [Consumer clientId=project3-analytics-streams-aae008f8-ced8-43b5-b3e6-e86f3d7b8fcd-StreamThread-1-consumer, groupId=project3-analytics-streams] Found no committed offset for partition Purchases-0
[project3-analytics-streams-aae008f8-ced8-43b5-b3e6-e86f3d7b8fcd-StreamThread-1] INFO org.apache.kafka.streams.processor.internals.StreamTask - stream-thread [project3-analytics-streams-aae008f8-ced8-43b5-b3e6-e86f3d7b8fcd-StreamThread-1] task [0_0] Restored and ready to run
[project3-analytics-streams-aae008f8-ced8-43b5-b3e6-e86f3d7b8fcd-StreamThread-1] INFO org.apache.kafka.clients.consumer.internals.ConsumerCoordinator - [Consumer clientId=project3-analytics-streams-aae008f8-ced8-43b5-b3e6-e86f3d7b8fcd-StreamThread-1-consumer, groupId=project3-analytics-streams] Found no committed offset for partition Sales-0
[project3-analytics-streams-aae008f8-ced8-43b5-b3e6-e86f3d7b8fcd-StreamThread-1] INFO org.apache.kafka.streams.processor.internals.StreamTask - stream-thread [project3-analytics-streams-aae008f8-ced8-43b5-b3e6-e86f3d7b8fcd-StreamThread-1] task [1_0] Restored and ready to run
[project3-analytics-streams-aae008f8-ced8-43b5-b3e6-e86f3d7b8fcd-StreamThread-1] INFO org.apache.kafka.clients.consumer.KafkaConsumer - [Consumer clientId=project3-analytics-streams-aae008f8-ced8-43b5-b3e6-e86f3d7b8fcd-StreamThread-1-restore-consumer, groupId=null] Subscribed to partition(s): project3-analytics-streams-KTABLE-MERGE-STATE-STORE-0000000080-changelog-0, project3-analytics-streams-KSTREAM-AGGREGATE-STATE-STORE-0000000030-changelog-0, project3-analytics-streams-KSTREAM-AGGREGATE-STATE-STORE-0000000095-changelog-0, project3-analytics-streams-KSTREAM-REDUCE-STATE-STORE-0000000086-changelog-0, project3-analytics-streams-KSTREAM-AGGREGATE-STATE-STORE-0000000012-changelog-0, project3-analytics-streams-KSTREAM-AGGREGATE-STATE-STORE-0000000104-changelog-0, project3-analytics-streams-KSTREAM-AGGREGATE-STATE-STORE-0000000113-changelog-0, project3-analytics-streams-KSTREAM-AGGREGATE-STATE-STORE-0000000054-changelog-0, project3-analytics-streams-KTABLE-MERGE-STATE-STORE-0000000059-changelog-0, project3-analytics-streams-KSTREAM-AGGREGATE-STATE-STORE-0000000003-changelog-0, project3-analytics-streams-KSTREAM-AGGREGATE-STATE-STORE-0000000068-changelog-0, project3-analytics-streams-KTABLE-MERGE-STATE-STORE-0000000073-changelog-0, project3-analytics-streams-KSTREAM-AGGREGATE-STATE-STORE-0000000021-changelog-0, project3-analytics-streams-KTABLE-MERGE-STATE-STORE-0000000045-changelog-0, project3-analytics-streams-KTABLE-MERGE-STATE-STORE-0000000038-changelog-0
[project3-analytics-streams-aae008f8-ced8-43b5-b3e6-e86f3d7b8fcd-StreamThread-1] INFO org.apache.kafka.clients.consumer.internals.SubscriptionState - [Consumer clientId=project3-analytics-streams-aae008f8-ced8-43b5-b3e6-e86f3d7b8fcd-StreamThread-1-restore-consumer, groupId=null] Seeking to EARLIEST offset of partition project3-analytics-streams-KTABLE-MERGE-STATE-STORE-0000000080-changelog-0
[project3-analytics-streams-aae008f8-ced8-43b5-b3e6-e86f3d7b8fcd-StreamThread-1] INFO org.apache.kafka.clients.consumer.internals.SubscriptionState - [Consumer clientId=project3-analytics-streams-aae008f8-ced8-43b5-b3e6-e86f3d7b8fcd-StreamThread-1-restore-consumer, groupId=null] Seeking to EARLIEST offset of partition project3-analytics-streams-KSTREAM-AGGREGATE-STATE-STORE-0000000030-changelog-0
[project3-analytics-streams-aae008f8-ced8-43b5-b3e6-e86f3d7b8fcd-StreamThread-1] INFO org.apache.kafka.clients.consumer.internals.SubscriptionState - [Consumer clientId=project3-analytics-streams-aae008f8-ced8-43b5-b3e6-e86f3d7b8fcd-StreamThread-1-restore-consumer, groupId=null] Seeking to EARLIEST offset of partition project3-analytics-streams-KSTREAM-AGGREGATE-STATE-STORE-0000000095-changelog-0
[project3-analytics-streams-aae008f8-ced8-43b5-b3e6-e86f3d7b8fcd-StreamThread-1] INFO org.apache.kafka.clients.consumer.internals.SubscriptionState - [Consumer clientId=project3-analytics-streams-aae008f8-ced8-43b5-b3e6-e86f3d7b8fcd-StreamThread-1-restore-consumer, groupId=null] Seeking to EARLIEST offset of partition project3-analytics-streams-KSTREAM-REDUCE-STATE-STORE-0000000086-changelog-0
[project3-analytics-streams-aae008f8-ced8-43b5-b3e6-e86f3d7b8fcd-StreamThread-1] INFO org.apache.kafka.clients.consumer.internals.SubscriptionState - [Consumer clientId=project3-analytics-streams-aae008f8-ced8-43b5-b3e6-e86f3d7b8fcd-StreamThread-1-restore-consumer, groupId=null] Seeking to EARLIEST offset of partition project3-analytics-streams-KSTREAM-AGGREGATE-STATE-STORE-0000000012-changelog-0
[project3-analytics-streams-aae008f8-ced8-43b5-b3e6-e86f3d7b8fcd-StreamThread-1] INFO org.apache.kafka.clients.consumer.internals.SubscriptionState - [Consumer clientId=project3-analytics-streams-aae008f8-ced8-43b5-b3e6-e86f3d7b8fcd-StreamThread-1-restore-consumer, groupId=null] Seeking to EARLIEST offset of partition project3-analytics-streams-KSTREAM-AGGREGATE-STATE-STORE-0000000104-changelog-0
[project3-analytics-streams-aae008f8-ced8-43b5-b3e6-e86f3d7b8fcd-StreamThread-1] INFO org.apache.kafka.clients.consumer.internals.SubscriptionState - [Consumer clientId=project3-analytics-streams-aae008f8-ced8-43b5-b3e6-e86f3d7b8fcd-StreamThread-1-restore-consumer, groupId=null] Seeking to EARLIEST offset of partition project3-analytics-streams-KSTREAM-AGGREGATE-STATE-STORE-0000000113-changelog-0
[project3-analytics-streams-aae008f8-ced8-43b5-b3e6-e86f3d7b8fcd-StreamThread-1] INFO org.apache.kafka.clients.consumer.internals.SubscriptionState - [Consumer clientId=project3-analytics-streams-aae008f8-ced8-43b5-b3e6-e86f3d7b8fcd-StreamThread-1-restore-consumer, groupId=null] Seeking to EARLIEST offset of partition project3-analytics-streams-KSTREAM-AGGREGATE-STATE-STORE-0000000054-changelog-0
[project3-analytics-streams-aae008f8-ced8-43b5-b3e6-e86f3d7b8fcd-StreamThread-1] INFO org.apache.kafka.clients.consumer.internals.SubscriptionState - [Consumer clientId=project3-analytics-streams-aae008f8-ced8-43b5-b3e6-e86f3d7b8fcd-StreamThread-1-restore-consumer, groupId=null] Seeking to EARLIEST offset of partition project3-analytics-streams-KTABLE-MERGE-STATE-STORE-0000000059-changelog-0
[project3-analytics-streams-aae008f8-ced8-43b5-b3e6-e86f3d7b8fcd-StreamThread-1] INFO org.apache.kafka.clients.consumer.internals.SubscriptionState - [Consumer clientId=project3-analytics-streams-aae008f8-ced8-43b5-b3e6-e86f3d7b8fcd-StreamThread-1-restore-consumer, groupId=null] Seeking to EARLIEST offset of partition project3-analytics-streams-KSTREAM-AGGREGATE-STATE-STORE-0000000003-changelog-0
[project3-analytics-streams-aae008f8-ced8-43b5-b3e6-e86f3d7b8fcd-StreamThread-1] INFO org.apache.kafka.clients.consumer.internals.SubscriptionState - [Consumer clientId=project3-analytics-streams-aae008f8-ced8-43b5-b3e6-e86f3d7b8fcd-StreamThread-1-restore-consumer, groupId=null] Seeking to EARLIEST offset of partition project3-analytics-streams-KSTREAM-AGGREGATE-STATE-STORE-0000000068-changelog-0
[project3-analytics-streams-aae008f8-ced8-43b5-b3e6-e86f3d7b8fcd-StreamThread-1] INFO org.apache.kafka.clients.consumer.internals.SubscriptionState - [Consumer clientId=project3-analytics-streams-aae008f8-ced8-43b5-b3e6-e86f3d7b8fcd-StreamThread-1-restore-consumer, groupId=null] Seeking to EARLIEST offset of partition project3-analytics-streams-KTABLE-MERGE-STATE-STORE-0000000073-changelog-0
[project3-analytics-streams-aae008f8-ced8-43b5-b3e6-e86f3d7b8fcd-StreamThread-1] INFO org.apache.kafka.clients.consumer.internals.SubscriptionState - [Consumer clientId=project3-analytics-streams-aae008f8-ced8-43b5-b3e6-e86f3d7b8fcd-StreamThread-1-restore-consumer, groupId=null] Seeking to EARLIEST offset of partition project3-analytics-streams-KSTREAM-AGGREGATE-STATE-STORE-0000000021-changelog-0
[project3-analytics-streams-aae008f8-ced8-43b5-b3e6-e86f3d7b8fcd-StreamThread-1] INFO org.apache.kafka.clients.consumer.internals.SubscriptionState - [Consumer clientId=project3-analytics-streams-aae008f8-ced8-43b5-b3e6-e86f3d7b8fcd-StreamThread-1-restore-consumer, groupId=null] Seeking to EARLIEST offset of partition project3-analytics-streams-KTABLE-MERGE-STATE-STORE-0000000045-changelog-0
[project3-analytics-streams-aae008f8-ced8-43b5-b3e6-e86f3d7b8fcd-StreamThread-1] INFO org.apache.kafka.clients.consumer.internals.SubscriptionState - [Consumer clientId=project3-analytics-streams-aae008f8-ced8-43b5-b3e6-e86f3d7b8fcd-StreamThread-1-restore-consumer, groupId=null] Seeking to EARLIEST offset of partition project3-analytics-streams-KTABLE-MERGE-STATE-STORE-0000000038-changelog-0
[project3-analytics-streams-aae008f8-ced8-43b5-b3e6-e86f3d7b8fcd-StreamThread-1] INFO org.apache.kafka.clients.Metadata - [Consumer clientId=project3-analytics-streams-aae008f8-ced8-43b5-b3e6-e86f3d7b8fcd-StreamThread-1-restore-consumer, groupId=null] Cluster ID: MkU3OEVBNTcwNTJENDM2Qk
[project3-analytics-streams-aae008f8-ced8-43b5-b3e6-e86f3d7b8fcd-StreamThread-1] INFO org.apache.kafka.clients.consumer.internals.SubscriptionState - [Consumer clientId=project3-analytics-streams-aae008f8-ced8-43b5-b3e6-e86f3d7b8fcd-StreamThread-1-restore-consumer, groupId=null] Resetting offset for partition project3-analytics-streams-KTABLE-MERGE-STATE-STORE-0000000080-changelog-0 to position FetchPosition{offset=0, offsetEpoch=Optional.empty, currentLeader=LeaderAndEpoch{leader=Optional[broker1:9092 (id: 1 rack: null)], epoch=0}}.
[project3-analytics-streams-aae008f8-ced8-43b5-b3e6-e86f3d7b8fcd-StreamThread-1] INFO org.apache.kafka.clients.consumer.internals.SubscriptionState - [Consumer clientId=project3-analytics-streams-aae008f8-ced8-43b5-b3e6-e86f3d7b8fcd-StreamThread-1-restore-consumer, groupId=null] Resetting offset for partition project3-analytics-streams-KSTREAM-AGGREGATE-STATE-STORE-0000000030-changelog-0 to position FetchPosition{offset=0, offsetEpoch=Optional.empty, currentLeader=LeaderAndEpoch{leader=Optional[broker1:9092 (id: 1 rack: null)], epoch=0}}.
[project3-analytics-streams-aae008f8-ced8-43b5-b3e6-e86f3d7b8fcd-StreamThread-1] INFO org.apache.kafka.clients.consumer.internals.SubscriptionState - [Consumer clientId=project3-analytics-streams-aae008f8-ced8-43b5-b3e6-e86f3d7b8fcd-StreamThread-1-restore-consumer, groupId=null] Resetting offset for partition project3-analytics-streams-KSTREAM-REDUCE-STATE-STORE-0000000086-changelog-0 to position FetchPosition{offset=0, offsetEpoch=Optional.empty, currentLeader=LeaderAndEpoch{leader=Optional[broker1:9092 (id: 1 rack: null)], epoch=0}}.
[project3-analytics-streams-aae008f8-ced8-43b5-b3e6-e86f3d7b8fcd-StreamThread-1] INFO org.apache.kafka.clients.consumer.internals.SubscriptionState - [Consumer clientId=project3-analytics-streams-aae008f8-ced8-43b5-b3e6-e86f3d7b8fcd-StreamThread-1-restore-consumer, groupId=null] Resetting offset for partition project3-analytics-streams-KSTREAM-AGGREGATE-STATE-STORE-0000000095-changelog-0 to position FetchPosition{offset=0, offsetEpoch=Optional.empty, currentLeader=LeaderAndEpoch{leader=Optional[broker1:9092 (id: 1 rack: null)], epoch=0}}.
[project3-analytics-streams-aae008f8-ced8-43b5-b3e6-e86f3d7b8fcd-StreamThread-1] INFO org.apache.kafka.clients.consumer.internals.SubscriptionState - [Consumer clientId=project3-analytics-streams-aae008f8-ced8-43b5-b3e6-e86f3d7b8fcd-StreamThread-1-restore-consumer, groupId=null] Resetting offset for partition project3-analytics-streams-KSTREAM-AGGREGATE-STATE-STORE-0000000012-changelog-0 to position FetchPosition{offset=0, offsetEpoch=Optional.empty, currentLeader=LeaderAndEpoch{leader=Optional[broker1:9092 (id: 1 rack: null)], epoch=0}}.
[project3-analytics-streams-aae008f8-ced8-43b5-b3e6-e86f3d7b8fcd-StreamThread-1] INFO org.apache.kafka.clients.consumer.internals.SubscriptionState - [Consumer clientId=project3-analytics-streams-aae008f8-ced8-43b5-b3e6-e86f3d7b8fcd-StreamThread-1-restore-consumer, groupId=null] Resetting offset for partition project3-analytics-streams-KSTREAM-AGGREGATE-STATE-STORE-0000000104-changelog-0 to position FetchPosition{offset=0, offsetEpoch=Optional.empty, currentLeader=LeaderAndEpoch{leader=Optional[broker1:9092 (id: 1 rack: null)], epoch=0}}.
[project3-analytics-streams-aae008f8-ced8-43b5-b3e6-e86f3d7b8fcd-StreamThread-1] INFO org.apache.kafka.clients.consumer.internals.SubscriptionState - [Consumer clientId=project3-analytics-streams-aae008f8-ced8-43b5-b3e6-e86f3d7b8fcd-StreamThread-1-restore-consumer, groupId=null] Resetting offset for partition project3-analytics-streams-KSTREAM-AGGREGATE-STATE-STORE-0000000113-changelog-0 to position FetchPosition{offset=0, offsetEpoch=Optional.empty, currentLeader=LeaderAndEpoch{leader=Optional[broker1:9092 (id: 1 rack: null)], epoch=0}}.
[project3-analytics-streams-aae008f8-ced8-43b5-b3e6-e86f3d7b8fcd-StreamThread-1] INFO org.apache.kafka.clients.consumer.internals.SubscriptionState - [Consumer clientId=project3-analytics-streams-aae008f8-ced8-43b5-b3e6-e86f3d7b8fcd-StreamThread-1-restore-consumer, groupId=null] Resetting offset for partition project3-analytics-streams-KSTREAM-AGGREGATE-STATE-STORE-0000000054-changelog-0 to position FetchPosition{offset=0, offsetEpoch=Optional.empty, currentLeader=LeaderAndEpoch{leader=Optional[broker1:9092 (id: 1 rack: null)], epoch=0}}.
[project3-analytics-streams-aae008f8-ced8-43b5-b3e6-e86f3d7b8fcd-StreamThread-1] INFO org.apache.kafka.clients.consumer.internals.SubscriptionState - [Consumer clientId=project3-analytics-streams-aae008f8-ced8-43b5-b3e6-e86f3d7b8fcd-StreamThread-1-restore-consumer, groupId=null] Resetting offset for partition project3-analytics-streams-KSTREAM-AGGREGATE-STATE-STORE-0000000003-changelog-0 to position FetchPosition{offset=0, offsetEpoch=Optional.empty, currentLeader=LeaderAndEpoch{leader=Optional[broker1:9092 (id: 1 rack: null)], epoch=0}}.
[project3-analytics-streams-aae008f8-ced8-43b5-b3e6-e86f3d7b8fcd-StreamThread-1] INFO org.apache.kafka.clients.consumer.internals.SubscriptionState - [Consumer clientId=project3-analytics-streams-aae008f8-ced8-43b5-b3e6-e86f3d7b8fcd-StreamThread-1-restore-consumer, groupId=null] Resetting offset for partition project3-analytics-streams-KSTREAM-AGGREGATE-STATE-STORE-0000000068-changelog-0 to position FetchPosition{offset=0, offsetEpoch=Optional.empty, currentLeader=LeaderAndEpoch{leader=Optional[broker1:9092 (id: 1 rack: null)], epoch=0}}.
[project3-analytics-streams-aae008f8-ced8-43b5-b3e6-e86f3d7b8fcd-StreamThread-1] INFO org.apache.kafka.clients.consumer.internals.SubscriptionState - [Consumer clientId=project3-analytics-streams-aae008f8-ced8-43b5-b3e6-e86f3d7b8fcd-StreamThread-1-restore-consumer, groupId=null] Resetting offset for partition project3-analytics-streams-KTABLE-MERGE-STATE-STORE-0000000059-changelog-0 to position FetchPosition{offset=0, offsetEpoch=Optional.empty, currentLeader=LeaderAndEpoch{leader=Optional[broker1:9092 (id: 1 rack: null)], epoch=0}}.
[project3-analytics-streams-aae008f8-ced8-43b5-b3e6-e86f3d7b8fcd-StreamThread-1] INFO org.apache.kafka.clients.consumer.internals.SubscriptionState - [Consumer clientId=project3-analytics-streams-aae008f8-ced8-43b5-b3e6-e86f3d7b8fcd-StreamThread-1-restore-consumer, groupId=null] Resetting offset for partition project3-analytics-streams-KTABLE-MERGE-STATE-STORE-0000000073-changelog-0 to position FetchPosition{offset=0, offsetEpoch=Optional.empty, currentLeader=LeaderAndEpoch{leader=Optional[broker1:9092 (id: 1 rack: null)], epoch=0}}.
[project3-analytics-streams-aae008f8-ced8-43b5-b3e6-e86f3d7b8fcd-StreamThread-1] INFO org.apache.kafka.clients.consumer.internals.SubscriptionState - [Consumer clientId=project3-analytics-streams-aae008f8-ced8-43b5-b3e6-e86f3d7b8fcd-StreamThread-1-restore-consumer, groupId=null] Resetting offset for partition project3-analytics-streams-KSTREAM-AGGREGATE-STATE-STORE-0000000021-changelog-0 to position FetchPosition{offset=0, offsetEpoch=Optional.empty, currentLeader=LeaderAndEpoch{leader=Optional[broker1:9092 (id: 1 rack: null)], epoch=0}}.
[project3-analytics-streams-aae008f8-ced8-43b5-b3e6-e86f3d7b8fcd-StreamThread-1] INFO org.apache.kafka.clients.consumer.internals.SubscriptionState - [Consumer clientId=project3-analytics-streams-aae008f8-ced8-43b5-b3e6-e86f3d7b8fcd-StreamThread-1-restore-consumer, groupId=null] Resetting offset for partition project3-analytics-streams-KTABLE-MERGE-STATE-STORE-0000000045-changelog-0 to position FetchPosition{offset=0, offsetEpoch=Optional.empty, currentLeader=LeaderAndEpoch{leader=Optional[broker1:9092 (id: 1 rack: null)], epoch=0}}.
[project3-analytics-streams-aae008f8-ced8-43b5-b3e6-e86f3d7b8fcd-StreamThread-1] INFO org.apache.kafka.clients.consumer.internals.SubscriptionState - [Consumer clientId=project3-analytics-streams-aae008f8-ced8-43b5-b3e6-e86f3d7b8fcd-StreamThread-1-restore-consumer, groupId=null] Resetting offset for partition project3-analytics-streams-KTABLE-MERGE-STATE-STORE-0000000038-changelog-0 to position FetchPosition{offset=0, offsetEpoch=Optional.empty, currentLeader=LeaderAndEpoch{leader=Optional[broker1:9092 (id: 1 rack: null)], epoch=0}}.
[project3-analytics-streams-aae008f8-ced8-43b5-b3e6-e86f3d7b8fcd-StreamThread-1] INFO org.apache.kafka.streams.processor.internals.StoreChangelogReader - stream-thread [project3-analytics-streams-aae008f8-ced8-43b5-b3e6-e86f3d7b8fcd-StreamThread-1] Finished restoring changelog project3-analytics-streams-KTABLE-MERGE-STATE-STORE-0000000080-changelog-0 to store KTABLE-MERGE-STATE-STORE-0000000080 with a total number of 0 records
[project3-analytics-streams-aae008f8-ced8-43b5-b3e6-e86f3d7b8fcd-StreamThread-1] INFO org.apache.kafka.streams.processor.internals.StoreChangelogReader - stream-thread [project3-analytics-streams-aae008f8-ced8-43b5-b3e6-e86f3d7b8fcd-StreamThread-1] Finished restoring changelog project3-analytics-streams-KSTREAM-AGGREGATE-STATE-STORE-0000000030-changelog-0 to store KSTREAM-AGGREGATE-STATE-STORE-0000000030 with a total number of 0 records
[project3-analytics-streams-aae008f8-ced8-43b5-b3e6-e86f3d7b8fcd-StreamThread-1] INFO org.apache.kafka.streams.processor.internals.StoreChangelogReader - stream-thread [project3-analytics-streams-aae008f8-ced8-43b5-b3e6-e86f3d7b8fcd-StreamThread-1] Finished restoring changelog project3-analytics-streams-KSTREAM-REDUCE-STATE-STORE-0000000086-changelog-0 to store KSTREAM-REDUCE-STATE-STORE-0000000086 with a total number of 0 records
[project3-analytics-streams-aae008f8-ced8-43b5-b3e6-e86f3d7b8fcd-StreamThread-1] INFO org.apache.kafka.streams.processor.internals.StoreChangelogReader - stream-thread [project3-analytics-streams-aae008f8-ced8-43b5-b3e6-e86f3d7b8fcd-StreamThread-1] Finished restoring changelog project3-analytics-streams-KSTREAM-AGGREGATE-STATE-STORE-0000000095-changelog-0 to store KSTREAM-AGGREGATE-STATE-STORE-0000000095 with a total number of 0 records
[project3-analytics-streams-aae008f8-ced8-43b5-b3e6-e86f3d7b8fcd-StreamThread-1] INFO org.apache.kafka.streams.processor.internals.StoreChangelogReader - stream-thread [project3-analytics-streams-aae008f8-ced8-43b5-b3e6-e86f3d7b8fcd-StreamThread-1] Finished restoring changelog project3-analytics-streams-KSTREAM-AGGREGATE-STATE-STORE-0000000012-changelog-0 to store KSTREAM-AGGREGATE-STATE-STORE-0000000012 with a total number of 0 records
[project3-analytics-streams-aae008f8-ced8-43b5-b3e6-e86f3d7b8fcd-StreamThread-1] INFO org.apache.kafka.streams.processor.internals.StoreChangelogReader - stream-thread [project3-analytics-streams-aae008f8-ced8-43b5-b3e6-e86f3d7b8fcd-StreamThread-1] Finished restoring changelog project3-analytics-streams-KSTREAM-AGGREGATE-STATE-STORE-0000000104-changelog-0 to store KSTREAM-AGGREGATE-STATE-STORE-0000000104 with a total number of 0 records
[project3-analytics-streams-aae008f8-ced8-43b5-b3e6-e86f3d7b8fcd-StreamThread-1] INFO org.apache.kafka.streams.processor.internals.StoreChangelogReader - stream-thread [project3-analytics-streams-aae008f8-ced8-43b5-b3e6-e86f3d7b8fcd-StreamThread-1] Finished restoring changelog project3-analytics-streams-KSTREAM-AGGREGATE-STATE-STORE-0000000113-changelog-0 to store KSTREAM-AGGREGATE-STATE-STORE-0000000113 with a total number of 0 records
[project3-analytics-streams-aae008f8-ced8-43b5-b3e6-e86f3d7b8fcd-StreamThread-1] INFO org.apache.kafka.streams.processor.internals.StoreChangelogReader - stream-thread [project3-analytics-streams-aae008f8-ced8-43b5-b3e6-e86f3d7b8fcd-StreamThread-1] Finished restoring changelog project3-analytics-streams-KSTREAM-AGGREGATE-STATE-STORE-0000000054-changelog-0 to store KSTREAM-AGGREGATE-STATE-STORE-0000000054 with a total number of 0 records
[project3-analytics-streams-aae008f8-ced8-43b5-b3e6-e86f3d7b8fcd-StreamThread-1] INFO org.apache.kafka.streams.processor.internals.StoreChangelogReader - stream-thread [project3-analytics-streams-aae008f8-ced8-43b5-b3e6-e86f3d7b8fcd-StreamThread-1] Finished restoring changelog project3-analytics-streams-KSTREAM-AGGREGATE-STATE-STORE-0000000003-changelog-0 to store KSTREAM-AGGREGATE-STATE-STORE-0000000003 with a total number of 0 records
[project3-analytics-streams-aae008f8-ced8-43b5-b3e6-e86f3d7b8fcd-StreamThread-1] INFO org.apache.kafka.streams.processor.internals.StoreChangelogReader - stream-thread [project3-analytics-streams-aae008f8-ced8-43b5-b3e6-e86f3d7b8fcd-StreamThread-1] Finished restoring changelog project3-analytics-streams-KTABLE-MERGE-STATE-STORE-0000000059-changelog-0 to store KTABLE-MERGE-STATE-STORE-0000000059 with a total number of 0 records
[project3-analytics-streams-aae008f8-ced8-43b5-b3e6-e86f3d7b8fcd-StreamThread-1] INFO org.apache.kafka.streams.processor.internals.StoreChangelogReader - stream-thread [project3-analytics-streams-aae008f8-ced8-43b5-b3e6-e86f3d7b8fcd-StreamThread-1] Finished restoring changelog project3-analytics-streams-KSTREAM-AGGREGATE-STATE-STORE-0000000068-changelog-0 to store KSTREAM-AGGREGATE-STATE-STORE-0000000068 with a total number of 0 records
[project3-analytics-streams-aae008f8-ced8-43b5-b3e6-e86f3d7b8fcd-StreamThread-1] INFO org.apache.kafka.streams.processor.internals.StoreChangelogReader - stream-thread [project3-analytics-streams-aae008f8-ced8-43b5-b3e6-e86f3d7b8fcd-StreamThread-1] Finished restoring changelog project3-analytics-streams-KTABLE-MERGE-STATE-STORE-0000000073-changelog-0 to store KTABLE-MERGE-STATE-STORE-0000000073 with a total number of 0 records
[project3-analytics-streams-aae008f8-ced8-43b5-b3e6-e86f3d7b8fcd-StreamThread-1] INFO org.apache.kafka.streams.processor.internals.StoreChangelogReader - stream-thread [project3-analytics-streams-aae008f8-ced8-43b5-b3e6-e86f3d7b8fcd-StreamThread-1] Finished restoring changelog project3-analytics-streams-KSTREAM-AGGREGATE-STATE-STORE-0000000021-changelog-0 to store KSTREAM-AGGREGATE-STATE-STORE-0000000021 with a total number of 0 records
[project3-analytics-streams-aae008f8-ced8-43b5-b3e6-e86f3d7b8fcd-StreamThread-1] INFO org.apache.kafka.streams.processor.internals.StoreChangelogReader - stream-thread [project3-analytics-streams-aae008f8-ced8-43b5-b3e6-e86f3d7b8fcd-StreamThread-1] Finished restoring changelog project3-analytics-streams-KTABLE-MERGE-STATE-STORE-0000000045-changelog-0 to store KTABLE-MERGE-STATE-STORE-0000000045 with a total number of 0 records
[project3-analytics-streams-aae008f8-ced8-43b5-b3e6-e86f3d7b8fcd-StreamThread-1] INFO org.apache.kafka.streams.processor.internals.StoreChangelogReader - stream-thread [project3-analytics-streams-aae008f8-ced8-43b5-b3e6-e86f3d7b8fcd-StreamThread-1] Finished restoring changelog project3-analytics-streams-KTABLE-MERGE-STATE-STORE-0000000038-changelog-0 to store KTABLE-MERGE-STATE-STORE-0000000038 with a total number of 0 records
[project3-analytics-streams-aae008f8-ced8-43b5-b3e6-e86f3d7b8fcd-StreamThread-1] INFO org.apache.kafka.clients.consumer.internals.ConsumerCoordinator - [Consumer clientId=project3-analytics-streams-aae008f8-ced8-43b5-b3e6-e86f3d7b8fcd-StreamThread-1-consumer, groupId=project3-analytics-streams] Updating assignment with
	Assigned partitions:                       [project3-analytics-streams-KSTREAM-AGGREGATE-STATE-STORE-0000000054-repartition-0, project3-analytics-streams-KSTREAM-AGGREGATE-STATE-STORE-0000000104-repartition-0, project3-analytics-streams-KSTREAM-AGGREGATE-STATE-STORE-0000000113-repartition-0, project3-analytics-streams-KSTREAM-AGGREGATE-STATE-STORE-0000000021-repartition-0, project3-analytics-streams-KSTREAM-AGGREGATE-STATE-STORE-0000000095-repartition-0, Sales-0, project3-analytics-streams-KSTREAM-AGGREGATE-STATE-STORE-0000000012-repartition-0, project3-analytics-streams-KSTREAM-REDUCE-STATE-STORE-0000000086-repartition-0, project3-analytics-streams-KSTREAM-AGGREGATE-STATE-STORE-0000000003-repartition-0, project3-analytics-streams-KSTREAM-AGGREGATE-STATE-STORE-0000000068-repartition-0, Purchases-0, project3-analytics-streams-KSTREAM-AGGREGATE-STATE-STORE-0000000030-repartition-0]
	Current owned partitions:                  [project3-analytics-streams-KSTREAM-AGGREGATE-STATE-STORE-0000000054-repartition-0, project3-analytics-streams-KSTREAM-AGGREGATE-STATE-STORE-0000000104-repartition-0, project3-analytics-streams-KSTREAM-AGGREGATE-STATE-STORE-0000000113-repartition-0, project3-analytics-streams-KSTREAM-AGGREGATE-STATE-STORE-0000000021-repartition-0, project3-analytics-streams-KSTREAM-AGGREGATE-STATE-STORE-0000000095-repartition-0, Sales-0, project3-analytics-streams-KSTREAM-AGGREGATE-STATE-STORE-0000000012-repartition-0, project3-analytics-streams-KSTREAM-REDUCE-STATE-STORE-0000000086-repartition-0, project3-analytics-streams-KSTREAM-AGGREGATE-STATE-STORE-0000000003-repartition-0, project3-analytics-streams-KSTREAM-AGGREGATE-STATE-STORE-0000000068-repartition-0, Purchases-0, project3-analytics-streams-KSTREAM-AGGREGATE-STATE-STORE-0000000030-repartition-0]
	Added partitions (assigned - owned):       []
	Revoked partitions (owned - assigned):     []

[project3-analytics-streams-aae008f8-ced8-43b5-b3e6-e86f3d7b8fcd-StreamThread-1] INFO org.apache.kafka.clients.consumer.internals.ConsumerCoordinator - [Consumer clientId=project3-analytics-streams-aae008f8-ced8-43b5-b3e6-e86f3d7b8fcd-StreamThread-1-consumer, groupId=project3-analytics-streams] Notifying assignor about the new Assignment(partitions=[project3-analytics-streams-KSTREAM-AGGREGATE-STATE-STORE-0000000113-repartition-0, project3-analytics-streams-KSTREAM-AGGREGATE-STATE-STORE-0000000021-repartition-0, project3-analytics-streams-KSTREAM-AGGREGATE-STATE-STORE-0000000054-repartition-0, project3-analytics-streams-KSTREAM-AGGREGATE-STATE-STORE-0000000095-repartition-0, Sales-0, project3-analytics-streams-KSTREAM-AGGREGATE-STATE-STORE-0000000104-repartition-0, project3-analytics-streams-KSTREAM-AGGREGATE-STATE-STORE-0000000003-repartition-0, project3-analytics-streams-KSTREAM-REDUCE-STATE-STORE-0000000086-repartition-0, project3-analytics-streams-KSTREAM-AGGREGATE-STATE-STORE-0000000068-repartition-0, Purchases-0, project3-analytics-streams-KSTREAM-AGGREGATE-STATE-STORE-0000000030-repartition-0, project3-analytics-streams-KSTREAM-AGGREGATE-STATE-STORE-0000000012-repartition-0], userDataSize=136)
[project3-analytics-streams-aae008f8-ced8-43b5-b3e6-e86f3d7b8fcd-StreamThread-1] INFO org.apache.kafka.streams.processor.internals.StreamsPartitionAssignor - stream-thread [project3-analytics-streams-aae008f8-ced8-43b5-b3e6-e86f3d7b8fcd-StreamThread-1-consumer] No followup rebalance was requested, resetting the rebalance schedule.
[project3-analytics-streams-aae008f8-ced8-43b5-b3e6-e86f3d7b8fcd-StreamThread-1] INFO org.apache.kafka.streams.processor.internals.TaskManager - stream-thread [project3-analytics-streams-aae008f8-ced8-43b5-b3e6-e86f3d7b8fcd-StreamThread-1] Handle new assignment with:
	New active tasks: [0_0, 1_0, 2_0, 3_0, 4_0, 5_0, 6_0, 7_0]
	New standby tasks: []
	Existing active tasks: [0_0, 1_0, 2_0, 3_0, 4_0, 5_0, 6_0, 7_0]
	Existing standby tasks: []
[project3-analytics-streams-aae008f8-ced8-43b5-b3e6-e86f3d7b8fcd-StreamThread-1] INFO org.apache.kafka.clients.consumer.internals.ConsumerCoordinator - [Consumer clientId=project3-analytics-streams-aae008f8-ced8-43b5-b3e6-e86f3d7b8fcd-StreamThread-1-consumer, groupId=project3-analytics-streams] Adding newly assigned partitions: 
[project3-analytics-streams-aae008f8-ced8-43b5-b3e6-e86f3d7b8fcd-StreamThread-1] INFO org.apache.kafka.streams.processor.internals.StreamThread - stream-thread [project3-analytics-streams-aae008f8-ced8-43b5-b3e6-e86f3d7b8fcd-StreamThread-1] State transition from PARTITIONS_ASSIGNED to PARTITIONS_ASSIGNED
[project3-analytics-streams-aae008f8-ced8-43b5-b3e6-e86f3d7b8fcd-StreamThread-1] INFO org.apache.kafka.clients.consumer.internals.ConsumerCoordinator - [Consumer clientId=project3-analytics-streams-aae008f8-ced8-43b5-b3e6-e86f3d7b8fcd-StreamThread-1-consumer, groupId=project3-analytics-streams] Found no committed offset for partition project3-analytics-streams-KSTREAM-AGGREGATE-STATE-STORE-0000000054-repartition-0
[project3-analytics-streams-aae008f8-ced8-43b5-b3e6-e86f3d7b8fcd-StreamThread-1] INFO org.apache.kafka.clients.consumer.internals.ConsumerCoordinator - [Consumer clientId=project3-analytics-streams-aae008f8-ced8-43b5-b3e6-e86f3d7b8fcd-StreamThread-1-consumer, groupId=project3-analytics-streams] Found no committed offset for partition project3-analytics-streams-KSTREAM-AGGREGATE-STATE-STORE-0000000104-repartition-0
[project3-analytics-streams-aae008f8-ced8-43b5-b3e6-e86f3d7b8fcd-StreamThread-1] INFO org.apache.kafka.clients.consumer.internals.ConsumerCoordinator - [Consumer clientId=project3-analytics-streams-aae008f8-ced8-43b5-b3e6-e86f3d7b8fcd-StreamThread-1-consumer, groupId=project3-analytics-streams] Found no committed offset for partition project3-analytics-streams-KSTREAM-AGGREGATE-STATE-STORE-0000000113-repartition-0
[project3-analytics-streams-aae008f8-ced8-43b5-b3e6-e86f3d7b8fcd-StreamThread-1] INFO org.apache.kafka.clients.consumer.internals.ConsumerCoordinator - [Consumer clientId=project3-analytics-streams-aae008f8-ced8-43b5-b3e6-e86f3d7b8fcd-StreamThread-1-consumer, groupId=project3-analytics-streams] Found no committed offset for partition project3-analytics-streams-KSTREAM-AGGREGATE-STATE-STORE-0000000021-repartition-0
[project3-analytics-streams-aae008f8-ced8-43b5-b3e6-e86f3d7b8fcd-StreamThread-1] INFO org.apache.kafka.clients.consumer.internals.ConsumerCoordinator - [Consumer clientId=project3-analytics-streams-aae008f8-ced8-43b5-b3e6-e86f3d7b8fcd-StreamThread-1-consumer, groupId=project3-analytics-streams] Found no committed offset for partition project3-analytics-streams-KSTREAM-AGGREGATE-STATE-STORE-0000000095-repartition-0
[project3-analytics-streams-aae008f8-ced8-43b5-b3e6-e86f3d7b8fcd-StreamThread-1] INFO org.apache.kafka.clients.consumer.internals.ConsumerCoordinator - [Consumer clientId=project3-analytics-streams-aae008f8-ced8-43b5-b3e6-e86f3d7b8fcd-StreamThread-1-consumer, groupId=project3-analytics-streams] Found no committed offset for partition Sales-0
[project3-analytics-streams-aae008f8-ced8-43b5-b3e6-e86f3d7b8fcd-StreamThread-1] INFO org.apache.kafka.clients.consumer.internals.ConsumerCoordinator - [Consumer clientId=project3-analytics-streams-aae008f8-ced8-43b5-b3e6-e86f3d7b8fcd-StreamThread-1-consumer, groupId=project3-analytics-streams] Found no committed offset for partition project3-analytics-streams-KSTREAM-AGGREGATE-STATE-STORE-0000000012-repartition-0
[project3-analytics-streams-aae008f8-ced8-43b5-b3e6-e86f3d7b8fcd-StreamThread-1] INFO org.apache.kafka.clients.consumer.internals.ConsumerCoordinator - [Consumer clientId=project3-analytics-streams-aae008f8-ced8-43b5-b3e6-e86f3d7b8fcd-StreamThread-1-consumer, groupId=project3-analytics-streams] Found no committed offset for partition project3-analytics-streams-KSTREAM-REDUCE-STATE-STORE-0000000086-repartition-0
[project3-analytics-streams-aae008f8-ced8-43b5-b3e6-e86f3d7b8fcd-StreamThread-1] INFO org.apache.kafka.clients.consumer.internals.ConsumerCoordinator - [Consumer clientId=project3-analytics-streams-aae008f8-ced8-43b5-b3e6-e86f3d7b8fcd-StreamThread-1-consumer, groupId=project3-analytics-streams] Found no committed offset for partition project3-analytics-streams-KSTREAM-AGGREGATE-STATE-STORE-0000000003-repartition-0
[project3-analytics-streams-aae008f8-ced8-43b5-b3e6-e86f3d7b8fcd-StreamThread-1] INFO org.apache.kafka.clients.consumer.internals.ConsumerCoordinator - [Consumer clientId=project3-analytics-streams-aae008f8-ced8-43b5-b3e6-e86f3d7b8fcd-StreamThread-1-consumer, groupId=project3-analytics-streams] Found no committed offset for partition project3-analytics-streams-KSTREAM-AGGREGATE-STATE-STORE-0000000068-repartition-0
[project3-analytics-streams-aae008f8-ced8-43b5-b3e6-e86f3d7b8fcd-StreamThread-1] INFO org.apache.kafka.clients.consumer.internals.ConsumerCoordinator - [Consumer clientId=project3-analytics-streams-aae008f8-ced8-43b5-b3e6-e86f3d7b8fcd-StreamThread-1-consumer, groupId=project3-analytics-streams] Found no committed offset for partition Purchases-0
[project3-analytics-streams-aae008f8-ced8-43b5-b3e6-e86f3d7b8fcd-StreamThread-1] INFO org.apache.kafka.clients.consumer.internals.ConsumerCoordinator - [Consumer clientId=project3-analytics-streams-aae008f8-ced8-43b5-b3e6-e86f3d7b8fcd-StreamThread-1-consumer, groupId=project3-analytics-streams] Found no committed offset for partition project3-analytics-streams-KSTREAM-AGGREGATE-STATE-STORE-0000000030-repartition-0
[project3-analytics-streams-aae008f8-ced8-43b5-b3e6-e86f3d7b8fcd-StreamThread-1] INFO org.apache.kafka.clients.consumer.internals.ConsumerCoordinator - [Consumer clientId=project3-analytics-streams-aae008f8-ced8-43b5-b3e6-e86f3d7b8fcd-StreamThread-1-consumer, groupId=project3-analytics-streams] Found no committed offset for partition project3-analytics-streams-KSTREAM-AGGREGATE-STATE-STORE-0000000054-repartition-0
[project3-analytics-streams-aae008f8-ced8-43b5-b3e6-e86f3d7b8fcd-StreamThread-1] INFO org.apache.kafka.clients.consumer.internals.ConsumerCoordinator - [Consumer clientId=project3-analytics-streams-aae008f8-ced8-43b5-b3e6-e86f3d7b8fcd-StreamThread-1-consumer, groupId=project3-analytics-streams] Found no committed offset for partition project3-analytics-streams-KSTREAM-AGGREGATE-STATE-STORE-0000000021-repartition-0
[project3-analytics-streams-aae008f8-ced8-43b5-b3e6-e86f3d7b8fcd-StreamThread-1] INFO org.apache.kafka.clients.consumer.internals.ConsumerCoordinator - [Consumer clientId=project3-analytics-streams-aae008f8-ced8-43b5-b3e6-e86f3d7b8fcd-StreamThread-1-consumer, groupId=project3-analytics-streams] Found no committed offset for partition project3-analytics-streams-KSTREAM-AGGREGATE-STATE-STORE-0000000003-repartition-0
[project3-analytics-streams-aae008f8-ced8-43b5-b3e6-e86f3d7b8fcd-StreamThread-1] INFO org.apache.kafka.streams.processor.internals.StreamTask - stream-thread [project3-analytics-streams-aae008f8-ced8-43b5-b3e6-e86f3d7b8fcd-StreamThread-1] task [2_0] Restored and ready to run
[project3-analytics-streams-aae008f8-ced8-43b5-b3e6-e86f3d7b8fcd-StreamThread-1] INFO org.apache.kafka.clients.consumer.internals.ConsumerCoordinator - [Consumer clientId=project3-analytics-streams-aae008f8-ced8-43b5-b3e6-e86f3d7b8fcd-StreamThread-1-consumer, groupId=project3-analytics-streams] Found no committed offset for partition project3-analytics-streams-KSTREAM-AGGREGATE-STATE-STORE-0000000012-repartition-0
[project3-analytics-streams-aae008f8-ced8-43b5-b3e6-e86f3d7b8fcd-StreamThread-1] INFO org.apache.kafka.clients.consumer.internals.ConsumerCoordinator - [Consumer clientId=project3-analytics-streams-aae008f8-ced8-43b5-b3e6-e86f3d7b8fcd-StreamThread-1-consumer, groupId=project3-analytics-streams] Found no committed offset for partition project3-analytics-streams-KSTREAM-AGGREGATE-STATE-STORE-0000000068-repartition-0
[project3-analytics-streams-aae008f8-ced8-43b5-b3e6-e86f3d7b8fcd-StreamThread-1] INFO org.apache.kafka.clients.consumer.internals.ConsumerCoordinator - [Consumer clientId=project3-analytics-streams-aae008f8-ced8-43b5-b3e6-e86f3d7b8fcd-StreamThread-1-consumer, groupId=project3-analytics-streams] Found no committed offset for partition project3-analytics-streams-KSTREAM-AGGREGATE-STATE-STORE-0000000030-repartition-0
[project3-analytics-streams-aae008f8-ced8-43b5-b3e6-e86f3d7b8fcd-StreamThread-1] INFO org.apache.kafka.streams.processor.internals.StreamTask - stream-thread [project3-analytics-streams-aae008f8-ced8-43b5-b3e6-e86f3d7b8fcd-StreamThread-1] task [3_0] Restored and ready to run
[project3-analytics-streams-aae008f8-ced8-43b5-b3e6-e86f3d7b8fcd-StreamThread-1] INFO org.apache.kafka.clients.consumer.internals.ConsumerCoordinator - [Consumer clientId=project3-analytics-streams-aae008f8-ced8-43b5-b3e6-e86f3d7b8fcd-StreamThread-1-consumer, groupId=project3-analytics-streams] Found no committed offset for partition project3-analytics-streams-KSTREAM-REDUCE-STATE-STORE-0000000086-repartition-0
[project3-analytics-streams-aae008f8-ced8-43b5-b3e6-e86f3d7b8fcd-StreamThread-1] INFO org.apache.kafka.streams.processor.internals.StreamTask - stream-thread [project3-analytics-streams-aae008f8-ced8-43b5-b3e6-e86f3d7b8fcd-StreamThread-1] task [4_0] Restored and ready to run
[project3-analytics-streams-aae008f8-ced8-43b5-b3e6-e86f3d7b8fcd-StreamThread-1] INFO org.apache.kafka.clients.consumer.internals.ConsumerCoordinator - [Consumer clientId=project3-analytics-streams-aae008f8-ced8-43b5-b3e6-e86f3d7b8fcd-StreamThread-1-consumer, groupId=project3-analytics-streams] Found no committed offset for partition project3-analytics-streams-KSTREAM-AGGREGATE-STATE-STORE-0000000095-repartition-0
[project3-analytics-streams-aae008f8-ced8-43b5-b3e6-e86f3d7b8fcd-StreamThread-1] INFO org.apache.kafka.streams.processor.internals.StreamTask - stream-thread [project3-analytics-streams-aae008f8-ced8-43b5-b3e6-e86f3d7b8fcd-StreamThread-1] task [5_0] Restored and ready to run
[project3-analytics-streams-aae008f8-ced8-43b5-b3e6-e86f3d7b8fcd-StreamThread-1] INFO org.apache.kafka.clients.consumer.internals.ConsumerCoordinator - [Consumer clientId=project3-analytics-streams-aae008f8-ced8-43b5-b3e6-e86f3d7b8fcd-StreamThread-1-consumer, groupId=project3-analytics-streams] Found no committed offset for partition project3-analytics-streams-KSTREAM-AGGREGATE-STATE-STORE-0000000104-repartition-0
[project3-analytics-streams-aae008f8-ced8-43b5-b3e6-e86f3d7b8fcd-StreamThread-1] INFO org.apache.kafka.streams.processor.internals.StreamTask - stream-thread [project3-analytics-streams-aae008f8-ced8-43b5-b3e6-e86f3d7b8fcd-StreamThread-1] task [6_0] Restored and ready to run
[project3-analytics-streams-aae008f8-ced8-43b5-b3e6-e86f3d7b8fcd-StreamThread-1] INFO org.apache.kafka.clients.consumer.internals.ConsumerCoordinator - [Consumer clientId=project3-analytics-streams-aae008f8-ced8-43b5-b3e6-e86f3d7b8fcd-StreamThread-1-consumer, groupId=project3-analytics-streams] Found no committed offset for partition project3-analytics-streams-KSTREAM-AGGREGATE-STATE-STORE-0000000113-repartition-0
[project3-analytics-streams-aae008f8-ced8-43b5-b3e6-e86f3d7b8fcd-StreamThread-1] INFO org.apache.kafka.streams.processor.internals.StreamTask - stream-thread [project3-analytics-streams-aae008f8-ced8-43b5-b3e6-e86f3d7b8fcd-StreamThread-1] task [7_0] Restored and ready to run
[project3-analytics-streams-aae008f8-ced8-43b5-b3e6-e86f3d7b8fcd-StreamThread-1] INFO org.apache.kafka.streams.processor.internals.StreamThread - stream-thread [project3-analytics-streams-aae008f8-ced8-43b5-b3e6-e86f3d7b8fcd-StreamThread-1] Restoration took 28 ms for all tasks [0_0, 1_0, 2_0, 3_0, 4_0, 5_0, 6_0, 7_0]
[project3-analytics-streams-aae008f8-ced8-43b5-b3e6-e86f3d7b8fcd-StreamThread-1] INFO org.apache.kafka.streams.processor.internals.StreamThread - stream-thread [project3-analytics-streams-aae008f8-ced8-43b5-b3e6-e86f3d7b8fcd-StreamThread-1] State transition from PARTITIONS_ASSIGNED to RUNNING
[project3-analytics-streams-aae008f8-ced8-43b5-b3e6-e86f3d7b8fcd-StreamThread-1] INFO org.apache.kafka.streams.KafkaStreams - stream-client [project3-analytics-streams-aae008f8-ced8-43b5-b3e6-e86f3d7b8fcd] State transition from REBALANCING to RUNNING
[project3-analytics-streams-aae008f8-ced8-43b5-b3e6-e86f3d7b8fcd-StreamThread-1] INFO org.apache.kafka.clients.consumer.internals.ConsumerCoordinator - [Consumer clientId=project3-analytics-streams-aae008f8-ced8-43b5-b3e6-e86f3d7b8fcd-StreamThread-1-consumer, groupId=project3-analytics-streams] Found no committed offset for partition project3-analytics-streams-KSTREAM-AGGREGATE-STATE-STORE-0000000054-repartition-0
[project3-analytics-streams-aae008f8-ced8-43b5-b3e6-e86f3d7b8fcd-StreamThread-1] INFO org.apache.kafka.clients.consumer.internals.ConsumerCoordinator - [Consumer clientId=project3-analytics-streams-aae008f8-ced8-43b5-b3e6-e86f3d7b8fcd-StreamThread-1-consumer, groupId=project3-analytics-streams] Found no committed offset for partition project3-analytics-streams-KSTREAM-AGGREGATE-STATE-STORE-0000000104-repartition-0
[project3-analytics-streams-aae008f8-ced8-43b5-b3e6-e86f3d7b8fcd-StreamThread-1] INFO org.apache.kafka.clients.consumer.internals.ConsumerCoordinator - [Consumer clientId=project3-analytics-streams-aae008f8-ced8-43b5-b3e6-e86f3d7b8fcd-StreamThread-1-consumer, groupId=project3-analytics-streams] Found no committed offset for partition project3-analytics-streams-KSTREAM-AGGREGATE-STATE-STORE-0000000113-repartition-0
[project3-analytics-streams-aae008f8-ced8-43b5-b3e6-e86f3d7b8fcd-StreamThread-1] INFO org.apache.kafka.clients.consumer.internals.ConsumerCoordinator - [Consumer clientId=project3-analytics-streams-aae008f8-ced8-43b5-b3e6-e86f3d7b8fcd-StreamThread-1-consumer, groupId=project3-analytics-streams] Found no committed offset for partition project3-analytics-streams-KSTREAM-AGGREGATE-STATE-STORE-0000000021-repartition-0
[project3-analytics-streams-aae008f8-ced8-43b5-b3e6-e86f3d7b8fcd-StreamThread-1] INFO org.apache.kafka.clients.consumer.internals.ConsumerCoordinator - [Consumer clientId=project3-analytics-streams-aae008f8-ced8-43b5-b3e6-e86f3d7b8fcd-StreamThread-1-consumer, groupId=project3-analytics-streams] Found no committed offset for partition project3-analytics-streams-KSTREAM-AGGREGATE-STATE-STORE-0000000095-repartition-0
[project3-analytics-streams-aae008f8-ced8-43b5-b3e6-e86f3d7b8fcd-StreamThread-1] INFO org.apache.kafka.clients.consumer.internals.ConsumerCoordinator - [Consumer clientId=project3-analytics-streams-aae008f8-ced8-43b5-b3e6-e86f3d7b8fcd-StreamThread-1-consumer, groupId=project3-analytics-streams] Found no committed offset for partition Sales-0
[project3-analytics-streams-aae008f8-ced8-43b5-b3e6-e86f3d7b8fcd-StreamThread-1] INFO org.apache.kafka.clients.consumer.internals.ConsumerCoordinator - [Consumer clientId=project3-analytics-streams-aae008f8-ced8-43b5-b3e6-e86f3d7b8fcd-StreamThread-1-consumer, groupId=project3-analytics-streams] Found no committed offset for partition project3-analytics-streams-KSTREAM-AGGREGATE-STATE-STORE-0000000012-repartition-0
[project3-analytics-streams-aae008f8-ced8-43b5-b3e6-e86f3d7b8fcd-StreamThread-1] INFO org.apache.kafka.clients.consumer.internals.ConsumerCoordinator - [Consumer clientId=project3-analytics-streams-aae008f8-ced8-43b5-b3e6-e86f3d7b8fcd-StreamThread-1-consumer, groupId=project3-analytics-streams] Found no committed offset for partition project3-analytics-streams-KSTREAM-REDUCE-STATE-STORE-0000000086-repartition-0
[project3-analytics-streams-aae008f8-ced8-43b5-b3e6-e86f3d7b8fcd-StreamThread-1] INFO org.apache.kafka.clients.consumer.internals.ConsumerCoordinator - [Consumer clientId=project3-analytics-streams-aae008f8-ced8-43b5-b3e6-e86f3d7b8fcd-StreamThread-1-consumer, groupId=project3-analytics-streams] Found no committed offset for partition project3-analytics-streams-KSTREAM-AGGREGATE-STATE-STORE-0000000003-repartition-0
[project3-analytics-streams-aae008f8-ced8-43b5-b3e6-e86f3d7b8fcd-StreamThread-1] INFO org.apache.kafka.clients.consumer.internals.ConsumerCoordinator - [Consumer clientId=project3-analytics-streams-aae008f8-ced8-43b5-b3e6-e86f3d7b8fcd-StreamThread-1-consumer, groupId=project3-analytics-streams] Found no committed offset for partition project3-analytics-streams-KSTREAM-AGGREGATE-STATE-STORE-0000000068-repartition-0
[project3-analytics-streams-aae008f8-ced8-43b5-b3e6-e86f3d7b8fcd-StreamThread-1] INFO org.apache.kafka.clients.consumer.internals.ConsumerCoordinator - [Consumer clientId=project3-analytics-streams-aae008f8-ced8-43b5-b3e6-e86f3d7b8fcd-StreamThread-1-consumer, groupId=project3-analytics-streams] Found no committed offset for partition Purchases-0
[project3-analytics-streams-aae008f8-ced8-43b5-b3e6-e86f3d7b8fcd-StreamThread-1] INFO org.apache.kafka.clients.consumer.internals.ConsumerCoordinator - [Consumer clientId=project3-analytics-streams-aae008f8-ced8-43b5-b3e6-e86f3d7b8fcd-StreamThread-1-consumer, groupId=project3-analytics-streams] Found no committed offset for partition project3-analytics-streams-KSTREAM-AGGREGATE-STATE-STORE-0000000030-repartition-0
[project3-analytics-streams-aae008f8-ced8-43b5-b3e6-e86f3d7b8fcd-StreamThread-1] INFO org.apache.kafka.clients.consumer.internals.SubscriptionState - [Consumer clientId=project3-analytics-streams-aae008f8-ced8-43b5-b3e6-e86f3d7b8fcd-StreamThread-1-consumer, groupId=project3-analytics-streams] Resetting offset for partition project3-analytics-streams-KSTREAM-AGGREGATE-STATE-STORE-0000000104-repartition-0 to position FetchPosition{offset=0, offsetEpoch=Optional.empty, currentLeader=LeaderAndEpoch{leader=Optional[broker1:9092 (id: 1 rack: null)], epoch=0}}.
[project3-analytics-streams-aae008f8-ced8-43b5-b3e6-e86f3d7b8fcd-StreamThread-1] INFO org.apache.kafka.clients.consumer.internals.SubscriptionState - [Consumer clientId=project3-analytics-streams-aae008f8-ced8-43b5-b3e6-e86f3d7b8fcd-StreamThread-1-consumer, groupId=project3-analytics-streams] Resetting offset for partition project3-analytics-streams-KSTREAM-AGGREGATE-STATE-STORE-0000000054-repartition-0 to position FetchPosition{offset=0, offsetEpoch=Optional.empty, currentLeader=LeaderAndEpoch{leader=Optional[broker1:9092 (id: 1 rack: null)], epoch=0}}.
[project3-analytics-streams-aae008f8-ced8-43b5-b3e6-e86f3d7b8fcd-StreamThread-1] INFO org.apache.kafka.clients.consumer.internals.SubscriptionState - [Consumer clientId=project3-analytics-streams-aae008f8-ced8-43b5-b3e6-e86f3d7b8fcd-StreamThread-1-consumer, groupId=project3-analytics-streams] Resetting offset for partition Sales-0 to position FetchPosition{offset=0, offsetEpoch=Optional.empty, currentLeader=LeaderAndEpoch{leader=Optional[broker1:9092 (id: 1 rack: null)], epoch=0}}.
[project3-analytics-streams-aae008f8-ced8-43b5-b3e6-e86f3d7b8fcd-StreamThread-1] INFO org.apache.kafka.clients.consumer.internals.SubscriptionState - [Consumer clientId=project3-analytics-streams-aae008f8-ced8-43b5-b3e6-e86f3d7b8fcd-StreamThread-1-consumer, groupId=project3-analytics-streams] Resetting offset for partition project3-analytics-streams-KSTREAM-AGGREGATE-STATE-STORE-0000000021-repartition-0 to position FetchPosition{offset=0, offsetEpoch=Optional.empty, currentLeader=LeaderAndEpoch{leader=Optional[broker1:9092 (id: 1 rack: null)], epoch=0}}.
[project3-analytics-streams-aae008f8-ced8-43b5-b3e6-e86f3d7b8fcd-StreamThread-1] INFO org.apache.kafka.clients.consumer.internals.SubscriptionState - [Consumer clientId=project3-analytics-streams-aae008f8-ced8-43b5-b3e6-e86f3d7b8fcd-StreamThread-1-consumer, groupId=project3-analytics-streams] Resetting offset for partition project3-analytics-streams-KSTREAM-AGGREGATE-STATE-STORE-0000000095-repartition-0 to position FetchPosition{offset=0, offsetEpoch=Optional.empty, currentLeader=LeaderAndEpoch{leader=Optional[broker1:9092 (id: 1 rack: null)], epoch=0}}.
[project3-analytics-streams-aae008f8-ced8-43b5-b3e6-e86f3d7b8fcd-StreamThread-1] INFO org.apache.kafka.clients.consumer.internals.SubscriptionState - [Consumer clientId=project3-analytics-streams-aae008f8-ced8-43b5-b3e6-e86f3d7b8fcd-StreamThread-1-consumer, groupId=project3-analytics-streams] Resetting offset for partition project3-analytics-streams-KSTREAM-AGGREGATE-STATE-STORE-0000000113-repartition-0 to position FetchPosition{offset=0, offsetEpoch=Optional.empty, currentLeader=LeaderAndEpoch{leader=Optional[broker1:9092 (id: 1 rack: null)], epoch=0}}.
[project3-analytics-streams-aae008f8-ced8-43b5-b3e6-e86f3d7b8fcd-StreamThread-1] INFO org.apache.kafka.clients.consumer.internals.SubscriptionState - [Consumer clientId=project3-analytics-streams-aae008f8-ced8-43b5-b3e6-e86f3d7b8fcd-StreamThread-1-consumer, groupId=project3-analytics-streams] Resetting offset for partition project3-analytics-streams-KSTREAM-AGGREGATE-STATE-STORE-0000000012-repartition-0 to position FetchPosition{offset=0, offsetEpoch=Optional.empty, currentLeader=LeaderAndEpoch{leader=Optional[broker1:9092 (id: 1 rack: null)], epoch=0}}.
[project3-analytics-streams-aae008f8-ced8-43b5-b3e6-e86f3d7b8fcd-StreamThread-1] INFO org.apache.kafka.clients.consumer.internals.SubscriptionState - [Consumer clientId=project3-analytics-streams-aae008f8-ced8-43b5-b3e6-e86f3d7b8fcd-StreamThread-1-consumer, groupId=project3-analytics-streams] Resetting offset for partition project3-analytics-streams-KSTREAM-REDUCE-STATE-STORE-0000000086-repartition-0 to position FetchPosition{offset=0, offsetEpoch=Optional.empty, currentLeader=LeaderAndEpoch{leader=Optional[broker1:9092 (id: 1 rack: null)], epoch=0}}.
[project3-analytics-streams-aae008f8-ced8-43b5-b3e6-e86f3d7b8fcd-StreamThread-1] INFO org.apache.kafka.clients.consumer.internals.SubscriptionState - [Consumer clientId=project3-analytics-streams-aae008f8-ced8-43b5-b3e6-e86f3d7b8fcd-StreamThread-1-consumer, groupId=project3-analytics-streams] Resetting offset for partition project3-analytics-streams-KSTREAM-AGGREGATE-STATE-STORE-0000000003-repartition-0 to position FetchPosition{offset=0, offsetEpoch=Optional.empty, currentLeader=LeaderAndEpoch{leader=Optional[broker1:9092 (id: 1 rack: null)], epoch=0}}.
[project3-analytics-streams-aae008f8-ced8-43b5-b3e6-e86f3d7b8fcd-StreamThread-1] INFO org.apache.kafka.clients.consumer.internals.SubscriptionState - [Consumer clientId=project3-analytics-streams-aae008f8-ced8-43b5-b3e6-e86f3d7b8fcd-StreamThread-1-consumer, groupId=project3-analytics-streams] Resetting offset for partition project3-analytics-streams-KSTREAM-AGGREGATE-STATE-STORE-0000000068-repartition-0 to position FetchPosition{offset=0, offsetEpoch=Optional.empty, currentLeader=LeaderAndEpoch{leader=Optional[broker1:9092 (id: 1 rack: null)], epoch=0}}.
[project3-analytics-streams-aae008f8-ced8-43b5-b3e6-e86f3d7b8fcd-StreamThread-1] INFO org.apache.kafka.clients.consumer.internals.SubscriptionState - [Consumer clientId=project3-analytics-streams-aae008f8-ced8-43b5-b3e6-e86f3d7b8fcd-StreamThread-1-consumer, groupId=project3-analytics-streams] Resetting offset for partition Purchases-0 to position FetchPosition{offset=0, offsetEpoch=Optional.empty, currentLeader=LeaderAndEpoch{leader=Optional[broker1:9092 (id: 1 rack: null)], epoch=0}}.
[project3-analytics-streams-aae008f8-ced8-43b5-b3e6-e86f3d7b8fcd-StreamThread-1] INFO org.apache.kafka.clients.consumer.internals.SubscriptionState - [Consumer clientId=project3-analytics-streams-aae008f8-ced8-43b5-b3e6-e86f3d7b8fcd-StreamThread-1-consumer, groupId=project3-analytics-streams] Resetting offset for partition project3-analytics-streams-KSTREAM-AGGREGATE-STATE-STORE-0000000030-repartition-0 to position FetchPosition{offset=0, offsetEpoch=Optional.empty, currentLeader=LeaderAndEpoch{leader=Optional[broker1:9092 (id: 1 rack: null)], epoch=0}}.
[kafka-producer-network-thread | project3-analytics-streams-aae008f8-ced8-43b5-b3e6-e86f3d7b8fcd-StreamThread-1-producer] WARN org.apache.kafka.clients.NetworkClient - [Producer clientId=project3-analytics-streams-aae008f8-ced8-43b5-b3e6-e86f3d7b8fcd-StreamThread-1-producer] Error while fetching metadata with correlation id 15 : {Results=UNKNOWN_TOPIC_OR_PARTITION}
[project3-analytics-streams-aae008f8-ced8-43b5-b3e6-e86f3d7b8fcd-StreamThread-1] INFO org.apache.kafka.streams.state.internals.RocksDBTimestampedStore - Opening store KSTREAM-AGGREGATE-STATE-STORE-0000000095.1778760000000 in regular mode
[project3-analytics-streams-aae008f8-ced8-43b5-b3e6-e86f3d7b8fcd-StreamThread-1] INFO org.apache.kafka.streams.state.internals.RocksDBTimestampedStore - Opening store KSTREAM-AGGREGATE-STATE-STORE-0000000104.1778760000000 in regular mode
[project3-analytics-streams-aae008f8-ced8-43b5-b3e6-e86f3d7b8fcd-StreamThread-1] ERROR org.apache.kafka.clients.consumer.internals.ConsumerCoordinator - [Consumer clientId=project3-analytics-streams-aae008f8-ced8-43b5-b3e6-e86f3d7b8fcd-StreamThread-1-consumer, groupId=project3-analytics-streams] Offset commit failed on partition project3-analytics-streams-KSTREAM-AGGREGATE-STATE-STORE-0000000021-repartition-0 at offset 882: The server experienced an unexpected error when processing the request.
[project3-analytics-streams-aae008f8-ced8-43b5-b3e6-e86f3d7b8fcd-StreamThread-1] ERROR org.apache.kafka.streams.KafkaStreams - stream-client [project3-analytics-streams-aae008f8-ced8-43b5-b3e6-e86f3d7b8fcd] Encountered the following exception during processing and the registered exception handler opted to SHUTDOWN_CLIENT. The streams client is going to shut down now. 
org.apache.kafka.streams.errors.StreamsException: Error encountered committing offsets via consumer
	at org.apache.kafka.streams.processor.internals.TaskManager.commitOffsetsOrTransaction(TaskManager.java:1155)
	at org.apache.kafka.streams.processor.internals.TaskManager.commitAndFillInConsumedOffsetsAndMetadataPerTaskMap(TaskManager.java:1059)
	at org.apache.kafka.streams.processor.internals.TaskManager.commit(TaskManager.java:1025)
	at org.apache.kafka.streams.processor.internals.StreamThread.maybeCommit(StreamThread.java:1010)
	at org.apache.kafka.streams.processor.internals.StreamThread.runOnce(StreamThread.java:786)
	at org.apache.kafka.streams.processor.internals.StreamThread.runLoop(StreamThread.java:583)
	at org.apache.kafka.streams.processor.internals.StreamThread.run(StreamThread.java:556)
Caused by: org.apache.kafka.common.KafkaException: Unexpected error in commit: The server experienced an unexpected error when processing the request.
	at org.apache.kafka.clients.consumer.internals.ConsumerCoordinator$OffsetCommitResponseHandler.handle(ConsumerCoordinator.java:1268)
	at org.apache.kafka.clients.consumer.internals.ConsumerCoordinator$OffsetCommitResponseHandler.handle(ConsumerCoordinator.java:1163)
	at org.apache.kafka.clients.consumer.internals.AbstractCoordinator$CoordinatorResponseHandler.onSuccess(AbstractCoordinator.java:1182)
	at org.apache.kafka.clients.consumer.internals.AbstractCoordinator$CoordinatorResponseHandler.onSuccess(AbstractCoordinator.java:1157)
	at org.apache.kafka.clients.consumer.internals.RequestFuture$1.onSuccess(RequestFuture.java:206)
	at org.apache.kafka.clients.consumer.internals.RequestFuture.fireSuccess(RequestFuture.java:169)
	at org.apache.kafka.clients.consumer.internals.RequestFuture.complete(RequestFuture.java:129)
	at org.apache.kafka.clients.consumer.internals.ConsumerNetworkClient$RequestFutureCompletionHandler.fireCompletion(ConsumerNetworkClient.java:602)
	at org.apache.kafka.clients.consumer.internals.ConsumerNetworkClient.firePendingCompletedRequests(ConsumerNetworkClient.java:412)
	at org.apache.kafka.clients.consumer.internals.ConsumerNetworkClient.poll(ConsumerNetworkClient.java:297)
	at org.apache.kafka.clients.consumer.internals.ConsumerNetworkClient.poll(ConsumerNetworkClient.java:236)
	at org.apache.kafka.clients.consumer.internals.ConsumerNetworkClient.poll(ConsumerNetworkClient.java:215)
	at org.apache.kafka.clients.consumer.internals.ConsumerCoordinator.commitOffsetsSync(ConsumerCoordinator.java:1005)
	at org.apache.kafka.clients.consumer.KafkaConsumer.commitSync(KafkaConsumer.java:1490)
	at org.apache.kafka.clients.consumer.KafkaConsumer.commitSync(KafkaConsumer.java:1438)
	at org.apache.kafka.streams.processor.internals.TaskManager.commitOffsetsOrTransaction(TaskManager.java:1139)
	... 6 more
[project3-analytics-streams-aae008f8-ced8-43b5-b3e6-e86f3d7b8fcd-StreamThread-1] INFO org.apache.kafka.streams.KafkaStreams - stream-client [project3-analytics-streams-aae008f8-ced8-43b5-b3e6-e86f3d7b8fcd] State transition from RUNNING to PENDING_ERROR
[project3-analytics-streams-aae008f8-ced8-43b5-b3e6-e86f3d7b8fcd-StreamThread-1] INFO org.apache.kafka.streams.processor.internals.StreamThread - stream-thread [project3-analytics-streams-aae008f8-ced8-43b5-b3e6-e86f3d7b8fcd-StreamThread-1] State transition from RUNNING to PENDING_SHUTDOWN
[kafka-streams-close-thread] INFO org.apache.kafka.streams.processor.internals.StreamThread - stream-thread [project3-analytics-streams-aae008f8-ced8-43b5-b3e6-e86f3d7b8fcd-StreamThread-1] Informed to shut down
[project3-analytics-streams-aae008f8-ced8-43b5-b3e6-e86f3d7b8fcd-StreamThread-1] INFO org.apache.kafka.streams.processor.internals.StreamThread - stream-thread [project3-analytics-streams-aae008f8-ced8-43b5-b3e6-e86f3d7b8fcd-StreamThread-1] Shutting down
[project3-analytics-streams-aae008f8-ced8-43b5-b3e6-e86f3d7b8fcd-StreamThread-1] INFO org.apache.kafka.streams.processor.internals.StreamTask - stream-thread [project3-analytics-streams-aae008f8-ced8-43b5-b3e6-e86f3d7b8fcd-StreamThread-1] task [1_0] Suspended running
[project3-analytics-streams-aae008f8-ced8-43b5-b3e6-e86f3d7b8fcd-StreamThread-1] INFO org.apache.kafka.clients.consumer.KafkaConsumer - [Consumer clientId=project3-analytics-streams-aae008f8-ced8-43b5-b3e6-e86f3d7b8fcd-StreamThread-1-restore-consumer, groupId=null] Subscribed to partition(s): project3-analytics-streams-KTABLE-MERGE-STATE-STORE-0000000080-changelog-0, project3-analytics-streams-KSTREAM-AGGREGATE-STATE-STORE-0000000030-changelog-0, project3-analytics-streams-KSTREAM-AGGREGATE-STATE-STORE-0000000095-changelog-0, project3-analytics-streams-KSTREAM-REDUCE-STATE-STORE-0000000086-changelog-0, project3-analytics-streams-KSTREAM-AGGREGATE-STATE-STORE-0000000012-changelog-0, project3-analytics-streams-KSTREAM-AGGREGATE-STATE-STORE-0000000104-changelog-0, project3-analytics-streams-KSTREAM-AGGREGATE-STATE-STORE-0000000113-changelog-0, project3-analytics-streams-KSTREAM-AGGREGATE-STATE-STORE-0000000054-changelog-0, project3-analytics-streams-KTABLE-MERGE-STATE-STORE-0000000059-changelog-0, project3-analytics-streams-KSTREAM-AGGREGATE-STATE-STORE-0000000003-changelog-0, project3-analytics-streams-KSTREAM-AGGREGATE-STATE-STORE-0000000068-changelog-0, project3-analytics-streams-KTABLE-MERGE-STATE-STORE-0000000073-changelog-0, project3-analytics-streams-KSTREAM-AGGREGATE-STATE-STORE-0000000021-changelog-0, project3-analytics-streams-KTABLE-MERGE-STATE-STORE-0000000045-changelog-0, project3-analytics-streams-KTABLE-MERGE-STATE-STORE-0000000038-changelog-0
[project3-analytics-streams-aae008f8-ced8-43b5-b3e6-e86f3d7b8fcd-StreamThread-1] INFO org.apache.kafka.streams.processor.internals.RecordCollectorImpl - stream-thread [project3-analytics-streams-aae008f8-ced8-43b5-b3e6-e86f3d7b8fcd-StreamThread-1] task [1_0] Closing record collector dirty
[project3-analytics-streams-aae008f8-ced8-43b5-b3e6-e86f3d7b8fcd-StreamThread-1] INFO org.apache.kafka.streams.processor.internals.StreamTask - stream-thread [project3-analytics-streams-aae008f8-ced8-43b5-b3e6-e86f3d7b8fcd-StreamThread-1] task [1_0] Closed dirty
[project3-analytics-streams-aae008f8-ced8-43b5-b3e6-e86f3d7b8fcd-StreamThread-1] INFO org.apache.kafka.streams.processor.internals.StreamTask - stream-thread [project3-analytics-streams-aae008f8-ced8-43b5-b3e6-e86f3d7b8fcd-StreamThread-1] task [5_0] Suspended running
[project3-analytics-streams-aae008f8-ced8-43b5-b3e6-e86f3d7b8fcd-StreamThread-1] INFO org.apache.kafka.clients.consumer.KafkaConsumer - [Consumer clientId=project3-analytics-streams-aae008f8-ced8-43b5-b3e6-e86f3d7b8fcd-StreamThread-1-restore-consumer, groupId=null] Subscribed to partition(s): project3-analytics-streams-KTABLE-MERGE-STATE-STORE-0000000080-changelog-0, project3-analytics-streams-KSTREAM-AGGREGATE-STATE-STORE-0000000030-changelog-0, project3-analytics-streams-KSTREAM-REDUCE-STATE-STORE-0000000086-changelog-0, project3-analytics-streams-KSTREAM-AGGREGATE-STATE-STORE-0000000012-changelog-0, project3-analytics-streams-KSTREAM-AGGREGATE-STATE-STORE-0000000104-changelog-0, project3-analytics-streams-KSTREAM-AGGREGATE-STATE-STORE-0000000113-changelog-0, project3-analytics-streams-KSTREAM-AGGREGATE-STATE-STORE-0000000054-changelog-0, project3-analytics-streams-KTABLE-MERGE-STATE-STORE-0000000059-changelog-0, project3-analytics-streams-KSTREAM-AGGREGATE-STATE-STORE-0000000003-changelog-0, project3-analytics-streams-KSTREAM-AGGREGATE-STATE-STORE-0000000068-changelog-0, project3-analytics-streams-KTABLE-MERGE-STATE-STORE-0000000073-changelog-0, project3-analytics-streams-KSTREAM-AGGREGATE-STATE-STORE-0000000021-changelog-0, project3-analytics-streams-KTABLE-MERGE-STATE-STORE-0000000045-changelog-0, project3-analytics-streams-KTABLE-MERGE-STATE-STORE-0000000038-changelog-0
[project3-analytics-streams-aae008f8-ced8-43b5-b3e6-e86f3d7b8fcd-StreamThread-1] INFO org.apache.kafka.streams.processor.internals.RecordCollectorImpl - stream-thread [project3-analytics-streams-aae008f8-ced8-43b5-b3e6-e86f3d7b8fcd-StreamThread-1] task [5_0] Closing record collector dirty
[project3-analytics-streams-aae008f8-ced8-43b5-b3e6-e86f3d7b8fcd-StreamThread-1] INFO org.apache.kafka.streams.processor.internals.StreamTask - stream-thread [project3-analytics-streams-aae008f8-ced8-43b5-b3e6-e86f3d7b8fcd-StreamThread-1] task [5_0] Closed dirty
[project3-analytics-streams-aae008f8-ced8-43b5-b3e6-e86f3d7b8fcd-StreamThread-1] INFO org.apache.kafka.streams.processor.internals.StreamTask - stream-thread [project3-analytics-streams-aae008f8-ced8-43b5-b3e6-e86f3d7b8fcd-StreamThread-1] task [3_0] Suspended running
[project3-analytics-streams-aae008f8-ced8-43b5-b3e6-e86f3d7b8fcd-StreamThread-1] INFO org.apache.kafka.clients.consumer.KafkaConsumer - [Consumer clientId=project3-analytics-streams-aae008f8-ced8-43b5-b3e6-e86f3d7b8fcd-StreamThread-1-restore-consumer, groupId=null] Subscribed to partition(s): project3-analytics-streams-KTABLE-MERGE-STATE-STORE-0000000080-changelog-0, project3-analytics-streams-KSTREAM-REDUCE-STATE-STORE-0000000086-changelog-0, project3-analytics-streams-KSTREAM-AGGREGATE-STATE-STORE-0000000104-changelog-0, project3-analytics-streams-KSTREAM-AGGREGATE-STATE-STORE-0000000113-changelog-0, project3-analytics-streams-KSTREAM-AGGREGATE-STATE-STORE-0000000054-changelog-0, project3-analytics-streams-KTABLE-MERGE-STATE-STORE-0000000059-changelog-0, project3-analytics-streams-KSTREAM-AGGREGATE-STATE-STORE-0000000003-changelog-0, project3-analytics-streams-KSTREAM-AGGREGATE-STATE-STORE-0000000021-changelog-0, project3-analytics-streams-KTABLE-MERGE-STATE-STORE-0000000038-changelog-0
[project3-analytics-streams-aae008f8-ced8-43b5-b3e6-e86f3d7b8fcd-StreamThread-1] INFO org.apache.kafka.streams.processor.internals.RecordCollectorImpl - stream-thread [project3-analytics-streams-aae008f8-ced8-43b5-b3e6-e86f3d7b8fcd-StreamThread-1] task [3_0] Closing record collector dirty
[project3-analytics-streams-aae008f8-ced8-43b5-b3e6-e86f3d7b8fcd-StreamThread-1] INFO org.apache.kafka.streams.processor.internals.StreamTask - stream-thread [project3-analytics-streams-aae008f8-ced8-43b5-b3e6-e86f3d7b8fcd-StreamThread-1] task [3_0] Closed dirty
[project3-analytics-streams-aae008f8-ced8-43b5-b3e6-e86f3d7b8fcd-StreamThread-1] INFO org.apache.kafka.streams.processor.internals.StreamTask - stream-thread [project3-analytics-streams-aae008f8-ced8-43b5-b3e6-e86f3d7b8fcd-StreamThread-1] task [6_0] Suspended running
[project3-analytics-streams-aae008f8-ced8-43b5-b3e6-e86f3d7b8fcd-StreamThread-1] INFO org.apache.kafka.clients.consumer.KafkaConsumer - [Consumer clientId=project3-analytics-streams-aae008f8-ced8-43b5-b3e6-e86f3d7b8fcd-StreamThread-1-restore-consumer, groupId=null] Subscribed to partition(s): project3-analytics-streams-KTABLE-MERGE-STATE-STORE-0000000080-changelog-0, project3-analytics-streams-KSTREAM-AGGREGATE-STATE-STORE-0000000113-changelog-0, project3-analytics-streams-KSTREAM-REDUCE-STATE-STORE-0000000086-changelog-0, project3-analytics-streams-KSTREAM-AGGREGATE-STATE-STORE-0000000054-changelog-0, project3-analytics-streams-KTABLE-MERGE-STATE-STORE-0000000059-changelog-0, project3-analytics-streams-KSTREAM-AGGREGATE-STATE-STORE-0000000003-changelog-0, project3-analytics-streams-KSTREAM-AGGREGATE-STATE-STORE-0000000021-changelog-0, project3-analytics-streams-KTABLE-MERGE-STATE-STORE-0000000038-changelog-0
[project3-analytics-streams-aae008f8-ced8-43b5-b3e6-e86f3d7b8fcd-StreamThread-1] INFO org.apache.kafka.streams.processor.internals.RecordCollectorImpl - stream-thread [project3-analytics-streams-aae008f8-ced8-43b5-b3e6-e86f3d7b8fcd-StreamThread-1] task [6_0] Closing record collector dirty
[project3-analytics-streams-aae008f8-ced8-43b5-b3e6-e86f3d7b8fcd-StreamThread-1] INFO org.apache.kafka.streams.processor.internals.StreamTask - stream-thread [project3-analytics-streams-aae008f8-ced8-43b5-b3e6-e86f3d7b8fcd-StreamThread-1] task [6_0] Closed dirty
[project3-analytics-streams-aae008f8-ced8-43b5-b3e6-e86f3d7b8fcd-StreamThread-1] INFO org.apache.kafka.streams.processor.internals.StreamTask - stream-thread [project3-analytics-streams-aae008f8-ced8-43b5-b3e6-e86f3d7b8fcd-StreamThread-1] task [7_0] Suspended running
[project3-analytics-streams-aae008f8-ced8-43b5-b3e6-e86f3d7b8fcd-StreamThread-1] INFO org.apache.kafka.clients.consumer.KafkaConsumer - [Consumer clientId=project3-analytics-streams-aae008f8-ced8-43b5-b3e6-e86f3d7b8fcd-StreamThread-1-restore-consumer, groupId=null] Subscribed to partition(s): project3-analytics-streams-KTABLE-MERGE-STATE-STORE-0000000080-changelog-0, project3-analytics-streams-KSTREAM-REDUCE-STATE-STORE-0000000086-changelog-0, project3-analytics-streams-KSTREAM-AGGREGATE-STATE-STORE-0000000054-changelog-0, project3-analytics-streams-KTABLE-MERGE-STATE-STORE-0000000059-changelog-0, project3-analytics-streams-KSTREAM-AGGREGATE-STATE-STORE-0000000003-changelog-0, project3-analytics-streams-KSTREAM-AGGREGATE-STATE-STORE-0000000021-changelog-0, project3-analytics-streams-KTABLE-MERGE-STATE-STORE-0000000038-changelog-0
[project3-analytics-streams-aae008f8-ced8-43b5-b3e6-e86f3d7b8fcd-StreamThread-1] INFO org.apache.kafka.streams.processor.internals.RecordCollectorImpl - stream-thread [project3-analytics-streams-aae008f8-ced8-43b5-b3e6-e86f3d7b8fcd-StreamThread-1] task [7_0] Closing record collector dirty
[project3-analytics-streams-aae008f8-ced8-43b5-b3e6-e86f3d7b8fcd-StreamThread-1] INFO org.apache.kafka.streams.processor.internals.StreamTask - stream-thread [project3-analytics-streams-aae008f8-ced8-43b5-b3e6-e86f3d7b8fcd-StreamThread-1] task [7_0] Closed dirty
[project3-analytics-streams-aae008f8-ced8-43b5-b3e6-e86f3d7b8fcd-StreamThread-1] INFO org.apache.kafka.streams.processor.internals.StreamTask - stream-thread [project3-analytics-streams-aae008f8-ced8-43b5-b3e6-e86f3d7b8fcd-StreamThread-1] task [2_0] Suspended running
[project3-analytics-streams-aae008f8-ced8-43b5-b3e6-e86f3d7b8fcd-StreamThread-1] INFO org.apache.kafka.clients.consumer.KafkaConsumer - [Consumer clientId=project3-analytics-streams-aae008f8-ced8-43b5-b3e6-e86f3d7b8fcd-StreamThread-1-restore-consumer, groupId=null] Subscribed to partition(s): project3-analytics-streams-KSTREAM-REDUCE-STATE-STORE-0000000086-changelog-0
[project3-analytics-streams-aae008f8-ced8-43b5-b3e6-e86f3d7b8fcd-StreamThread-1] INFO org.apache.kafka.streams.processor.internals.RecordCollectorImpl - stream-thread [project3-analytics-streams-aae008f8-ced8-43b5-b3e6-e86f3d7b8fcd-StreamThread-1] task [2_0] Closing record collector dirty
[project3-analytics-streams-aae008f8-ced8-43b5-b3e6-e86f3d7b8fcd-StreamThread-1] INFO org.apache.kafka.streams.processor.internals.StreamTask - stream-thread [project3-analytics-streams-aae008f8-ced8-43b5-b3e6-e86f3d7b8fcd-StreamThread-1] task [2_0] Closed dirty
[project3-analytics-streams-aae008f8-ced8-43b5-b3e6-e86f3d7b8fcd-StreamThread-1] INFO org.apache.kafka.streams.processor.internals.StreamTask - stream-thread [project3-analytics-streams-aae008f8-ced8-43b5-b3e6-e86f3d7b8fcd-StreamThread-1] task [4_0] Suspended running
[project3-analytics-streams-aae008f8-ced8-43b5-b3e6-e86f3d7b8fcd-StreamThread-1] INFO org.apache.kafka.clients.consumer.KafkaConsumer - [Consumer clientId=project3-analytics-streams-aae008f8-ced8-43b5-b3e6-e86f3d7b8fcd-StreamThread-1-restore-consumer, groupId=null] Unsubscribed all topics or patterns and assigned partitions
[project3-analytics-streams-aae008f8-ced8-43b5-b3e6-e86f3d7b8fcd-StreamThread-1] INFO org.apache.kafka.streams.processor.internals.RecordCollectorImpl - stream-thread [project3-analytics-streams-aae008f8-ced8-43b5-b3e6-e86f3d7b8fcd-StreamThread-1] task [4_0] Closing record collector dirty
[project3-analytics-streams-aae008f8-ced8-43b5-b3e6-e86f3d7b8fcd-StreamThread-1] INFO org.apache.kafka.streams.processor.internals.StreamTask - stream-thread [project3-analytics-streams-aae008f8-ced8-43b5-b3e6-e86f3d7b8fcd-StreamThread-1] task [4_0] Closed dirty
[project3-analytics-streams-aae008f8-ced8-43b5-b3e6-e86f3d7b8fcd-StreamThread-1] INFO org.apache.kafka.streams.processor.internals.StreamTask - stream-thread [project3-analytics-streams-aae008f8-ced8-43b5-b3e6-e86f3d7b8fcd-StreamThread-1] task [0_0] Suspended running
[project3-analytics-streams-aae008f8-ced8-43b5-b3e6-e86f3d7b8fcd-StreamThread-1] INFO org.apache.kafka.clients.consumer.KafkaConsumer - [Consumer clientId=project3-analytics-streams-aae008f8-ced8-43b5-b3e6-e86f3d7b8fcd-StreamThread-1-restore-consumer, groupId=null] Unsubscribed all topics or patterns and assigned partitions
[project3-analytics-streams-aae008f8-ced8-43b5-b3e6-e86f3d7b8fcd-StreamThread-1] INFO org.apache.kafka.streams.processor.internals.RecordCollectorImpl - stream-thread [project3-analytics-streams-aae008f8-ced8-43b5-b3e6-e86f3d7b8fcd-StreamThread-1] task [0_0] Closing record collector dirty
[project3-analytics-streams-aae008f8-ced8-43b5-b3e6-e86f3d7b8fcd-StreamThread-1] INFO org.apache.kafka.streams.processor.internals.StreamTask - stream-thread [project3-analytics-streams-aae008f8-ced8-43b5-b3e6-e86f3d7b8fcd-StreamThread-1] task [0_0] Closed dirty
[project3-analytics-streams-aae008f8-ced8-43b5-b3e6-e86f3d7b8fcd-StreamThread-1] INFO org.apache.kafka.clients.producer.KafkaProducer - [Producer clientId=project3-analytics-streams-aae008f8-ced8-43b5-b3e6-e86f3d7b8fcd-StreamThread-1-producer] Closing the Kafka producer with timeoutMillis = 9223372036854775807 ms.
[project3-analytics-streams-aae008f8-ced8-43b5-b3e6-e86f3d7b8fcd-StreamThread-1] INFO org.apache.kafka.common.metrics.Metrics - Metrics scheduler closed
[project3-analytics-streams-aae008f8-ced8-43b5-b3e6-e86f3d7b8fcd-StreamThread-1] INFO org.apache.kafka.common.metrics.Metrics - Closing reporter org.apache.kafka.common.metrics.JmxReporter
[project3-analytics-streams-aae008f8-ced8-43b5-b3e6-e86f3d7b8fcd-StreamThread-1] INFO org.apache.kafka.common.metrics.Metrics - Metrics reporters closed
[project3-analytics-streams-aae008f8-ced8-43b5-b3e6-e86f3d7b8fcd-StreamThread-1] INFO org.apache.kafka.common.utils.AppInfoParser - App info kafka.producer for project3-analytics-streams-aae008f8-ced8-43b5-b3e6-e86f3d7b8fcd-StreamThread-1-producer unregistered
[project3-analytics-streams-aae008f8-ced8-43b5-b3e6-e86f3d7b8fcd-StreamThread-1] INFO org.apache.kafka.clients.consumer.KafkaConsumer - [Consumer clientId=project3-analytics-streams-aae008f8-ced8-43b5-b3e6-e86f3d7b8fcd-StreamThread-1-restore-consumer, groupId=null] Unsubscribed all topics or patterns and assigned partitions
[project3-analytics-streams-aae008f8-ced8-43b5-b3e6-e86f3d7b8fcd-StreamThread-1] INFO org.apache.kafka.common.metrics.Metrics - Metrics scheduler closed
[project3-analytics-streams-aae008f8-ced8-43b5-b3e6-e86f3d7b8fcd-StreamThread-1] INFO org.apache.kafka.common.metrics.Metrics - Closing reporter org.apache.kafka.common.metrics.JmxReporter
[project3-analytics-streams-aae008f8-ced8-43b5-b3e6-e86f3d7b8fcd-StreamThread-1] INFO org.apache.kafka.common.metrics.Metrics - Metrics reporters closed
[project3-analytics-streams-aae008f8-ced8-43b5-b3e6-e86f3d7b8fcd-StreamThread-1] INFO org.apache.kafka.common.utils.AppInfoParser - App info kafka.consumer for project3-analytics-streams-aae008f8-ced8-43b5-b3e6-e86f3d7b8fcd-StreamThread-1-consumer unregistered
[project3-analytics-streams-aae008f8-ced8-43b5-b3e6-e86f3d7b8fcd-StreamThread-1] INFO org.apache.kafka.common.metrics.Metrics - Metrics scheduler closed
[project3-analytics-streams-aae008f8-ced8-43b5-b3e6-e86f3d7b8fcd-StreamThread-1] INFO org.apache.kafka.common.metrics.Metrics - Closing reporter org.apache.kafka.common.metrics.JmxReporter
[project3-analytics-streams-aae008f8-ced8-43b5-b3e6-e86f3d7b8fcd-StreamThread-1] INFO org.apache.kafka.common.metrics.Metrics - Metrics reporters closed
[project3-analytics-streams-aae008f8-ced8-43b5-b3e6-e86f3d7b8fcd-StreamThread-1] INFO org.apache.kafka.common.utils.AppInfoParser - App info kafka.consumer for project3-analytics-streams-aae008f8-ced8-43b5-b3e6-e86f3d7b8fcd-StreamThread-1-restore-consumer unregistered
[project3-analytics-streams-aae008f8-ced8-43b5-b3e6-e86f3d7b8fcd-StreamThread-1] INFO org.apache.kafka.streams.processor.internals.StreamThread - stream-thread [project3-analytics-streams-aae008f8-ced8-43b5-b3e6-e86f3d7b8fcd-StreamThread-1] State transition from PENDING_SHUTDOWN to DEAD
[project3-analytics-streams-aae008f8-ced8-43b5-b3e6-e86f3d7b8fcd-StreamThread-1] INFO org.apache.kafka.streams.processor.internals.StreamThread - stream-thread [project3-analytics-streams-aae008f8-ced8-43b5-b3e6-e86f3d7b8fcd-StreamThread-1] Shutdown complete
[kafka-admin-client-thread | project3-analytics-streams-aae008f8-ced8-43b5-b3e6-e86f3d7b8fcd-admin] INFO org.apache.kafka.common.utils.AppInfoParser - App info kafka.admin.client for project3-analytics-streams-aae008f8-ced8-43b5-b3e6-e86f3d7b8fcd-admin unregistered
[Thread-0] INFO org.apache.kafka.streams.KafkaStreams - stream-client [project3-analytics-streams-aae008f8-ced8-43b5-b3e6-e86f3d7b8fcd] Streams client is in PENDING_ERROR, all resources are being closed and the client will be stopped.
[kafka-admin-client-thread | project3-analytics-streams-aae008f8-ced8-43b5-b3e6-e86f3d7b8fcd-admin] INFO org.apache.kafka.common.metrics.Metrics - Metrics scheduler closed
[kafka-admin-client-thread | project3-analytics-streams-aae008f8-ced8-43b5-b3e6-e86f3d7b8fcd-admin] INFO org.apache.kafka.common.metrics.Metrics - Closing reporter org.apache.kafka.common.metrics.JmxReporter
[kafka-admin-client-thread | project3-analytics-streams-aae008f8-ced8-43b5-b3e6-e86f3d7b8fcd-admin] INFO org.apache.kafka.common.metrics.Metrics - Metrics reporters closed
[kafka-streams-close-thread] INFO org.apache.kafka.common.metrics.Metrics - Metrics scheduler closed
[kafka-streams-close-thread] INFO org.apache.kafka.common.metrics.Metrics - Closing reporter org.apache.kafka.common.metrics.JmxReporter
[kafka-streams-close-thread] INFO org.apache.kafka.common.metrics.Metrics - Metrics reporters closed
[kafka-streams-close-thread] INFO org.apache.kafka.streams.KafkaStreams - stream-client [project3-analytics-streams-aae008f8-ced8-43b5-b3e6-e86f3d7b8fcd] State transition from PENDING_ERROR to ERROR
[Thread-0] INFO org.apache.kafka.streams.KafkaStreams - stream-client [project3-analytics-streams-aae008f8-ced8-43b5-b3e6-e86f3d7b8fcd] Streams client stopped to ERROR completely
