[main] INFO org.apache.kafka.clients.producer.ProducerConfig - ProducerConfig values: 
	acks = -1
	batch.size = 16384
	bootstrap.servers = [broker1:9092, broker2:9092]
	buffer.memory = 33554432
	client.dns.lookup = use_all_dns_ips
	client.id = producer-1
	compression.type = none
	connections.max.idle.ms = 540000
	delivery.timeout.ms = 120000
	enable.idempotence = false
	interceptor.classes = []
	internal.auto.downgrade.txn.commit = false
	key.serializer = class org.apache.kafka.common.serialization.StringSerializer
	linger.ms = 0
	max.block.ms = 60000
	max.in.flight.requests.per.connection = 5
	max.request.size = 1048576
	metadata.max.age.ms = 300000
	metadata.max.idle.ms = 300000
	metric.reporters = []
	metrics.num.samples = 2
	metrics.recording.level = INFO
	metrics.sample.window.ms = 30000
	partitioner.class = class org.apache.kafka.clients.producer.internals.DefaultPartitioner
	receive.buffer.bytes = 32768
	reconnect.backoff.max.ms = 1000
	reconnect.backoff.ms = 50
	request.timeout.ms = 30000
	retries = 2147483647
	retry.backoff.ms = 100
	sasl.client.callback.handler.class = null
	sasl.jaas.config = null
	sasl.kerberos.kinit.cmd = /usr/bin/kinit
	sasl.kerberos.min.time.before.relogin = 60000
	sasl.kerberos.service.name = null
	sasl.kerberos.ticket.renew.jitter = 0.05
	sasl.kerberos.ticket.renew.window.factor = 0.8
	sasl.login.callback.handler.class = null
	sasl.login.class = null
	sasl.login.refresh.buffer.seconds = 300
	sasl.login.refresh.min.period.seconds = 60
	sasl.login.refresh.window.factor = 0.8
	sasl.login.refresh.window.jitter = 0.05
	sasl.mechanism = GSSAPI
	security.protocol = PLAINTEXT
	security.providers = null
	send.buffer.bytes = 131072
	socket.connection.setup.timeout.max.ms = 30000
	socket.connection.setup.timeout.ms = 10000
	ssl.cipher.suites = null
	ssl.enabled.protocols = [TLSv1.2, TLSv1.3]
	ssl.endpoint.identification.algorithm = https
	ssl.engine.factory.class = null
	ssl.key.password = null
	ssl.keymanager.algorithm = SunX509
	ssl.keystore.certificate.chain = null
	ssl.keystore.key = null
	ssl.keystore.location = null
	ssl.keystore.password = null
	ssl.keystore.type = JKS
	ssl.protocol = TLSv1.3
	ssl.provider = null
	ssl.secure.random.implementation = null
	ssl.trustmanager.algorithm = PKIX
	ssl.truststore.certificates = null
	ssl.truststore.location = null
	ssl.truststore.password = null
	ssl.truststore.type = JKS
	transaction.timeout.ms = 60000
	transactional.id = null
	value.serializer = class org.apache.kafka.common.serialization.StringSerializer

[main] WARN org.apache.kafka.clients.ClientUtils - Couldn't resolve server broker2:9092 from bootstrap.servers as DNS resolution failed for broker2
[main] INFO org.apache.kafka.common.utils.AppInfoParser - Kafka version: 2.8.1
[main] INFO org.apache.kafka.common.utils.AppInfoParser - Kafka commitId: 839b886f9b732b15
[main] INFO org.apache.kafka.common.utils.AppInfoParser - Kafka startTimeMs: 1778599741530
[main] INFO is.project3.SaleEventProducer - Starting Sale Event Producer
[kafka-producer-network-thread | producer-1] WARN org.apache.kafka.clients.NetworkClient - [Producer clientId=producer-1] Error while fetching metadata with correlation id 1 : {Sales=UNKNOWN_TOPIC_OR_PARTITION}
[kafka-producer-network-thread | producer-1] INFO org.apache.kafka.clients.Metadata - [Producer clientId=producer-1] Cluster ID: MkU3OEVBNTcwNTJENDM2Qk
[kafka-producer-network-thread | producer-1] INFO is.project3.SaleEventProducer - Sent sale event: SaleEvent{book_id=5, country_id=1, price=10.926383429052231, quantity=4, timestamp=1778599741543}
[kafka-producer-network-thread | producer-1] INFO is.project3.SaleEventProducer - Sent sale event: SaleEvent{book_id=3, country_id=5, price=87.72299635798127, quantity=6, timestamp=1778599743374}
[kafka-producer-network-thread | producer-1] INFO is.project3.SaleEventProducer - Sent sale event: SaleEvent{book_id=4, country_id=5, price=328.6386015094742, quantity=8, timestamp=1778599743425}
[kafka-producer-network-thread | producer-1] INFO is.project3.SaleEventProducer - Sent sale event: SaleEvent{book_id=1, country_id=1, price=954.5767278277118, quantity=3, timestamp=1778599743476}
[kafka-producer-network-thread | producer-1] INFO is.project3.SaleEventProducer - Sent sale event: SaleEvent{book_id=5, country_id=1, price=10.345632972574197, quantity=7, timestamp=1778599743526}
[kafka-producer-network-thread | producer-1] INFO is.project3.SaleEventProducer - Sent sale event: SaleEvent{book_id=4, country_id=1, price=324.1107151243947, quantity=1, timestamp=1778599743577}
[kafka-producer-network-thread | producer-1] INFO is.project3.SaleEventProducer - Sent sale event: SaleEvent{book_id=2, country_id=3, price=31.673956801299397, quantity=3, timestamp=1778599743627}
[kafka-producer-network-thread | producer-1] INFO is.project3.SaleEventProducer - Sent sale event: SaleEvent{book_id=4, country_id=4, price=280.8751454938597, quantity=1, timestamp=1778599743678}
[kafka-producer-network-thread | producer-1] INFO is.project3.SaleEventProducer - Sent sale event: SaleEvent{book_id=5, country_id=1, price=10.911306849509272, quantity=6, timestamp=1778599743729}
[kafka-producer-network-thread | producer-1] INFO is.project3.SaleEventProducer - Sent sale event: SaleEvent{book_id=4, country_id=4, price=316.2705065274995, quantity=4, timestamp=1778599743779}
[kafka-producer-network-thread | producer-1] INFO is.project3.SaleEventProducer - Sent sale event: SaleEvent{book_id=4, country_id=5, price=325.92409920887144, quantity=8, timestamp=1778599743830}
[kafka-producer-network-thread | producer-1] INFO is.project3.SaleEventProducer - Sent sale event: SaleEvent{book_id=1, country_id=2, price=887.9169500049029, quantity=10, timestamp=1778599743881}
[kafka-producer-network-thread | producer-1] INFO is.project3.SaleEventProducer - Sent sale event: SaleEvent{book_id=5, country_id=3, price=9.776445666007069, quantity=8, timestamp=1778599743932}
[kafka-producer-network-thread | producer-1] INFO is.project3.SaleEventProducer - Sent sale event: SaleEvent{book_id=1, country_id=2, price=873.7703047718738, quantity=3, timestamp=1778599743982}
[kafka-producer-network-thread | producer-1] INFO is.project3.SaleEventProducer - Sent sale event: SaleEvent{book_id=4, country_id=1, price=314.57976732403955, quantity=6, timestamp=1778599744033}
[kafka-producer-network-thread | producer-1] INFO is.project3.SaleEventProducer - Sent sale event: SaleEvent{book_id=1, country_id=1, price=818.8865195238816, quantity=4, timestamp=1778599744084}
[kafka-producer-network-thread | producer-1] INFO is.project3.SaleEventProducer - Sent sale event: SaleEvent{book_id=3, country_id=2, price=72.85709813098237, quantity=5, timestamp=1778599744135}
[kafka-producer-network-thread | producer-1] INFO is.project3.SaleEventProducer - Sent sale event: SaleEvent{book_id=1, country_id=1, price=921.2606441232883, quantity=8, timestamp=1778599744186}
[kafka-producer-network-thread | producer-1] INFO is.project3.SaleEventProducer - Sent sale event: SaleEvent{book_id=1, country_id=4, price=989.8710768094654, quantity=2, timestamp=1778599744237}
[kafka-producer-network-thread | producer-1] INFO is.project3.SaleEventProducer - Sent sale event: SaleEvent{book_id=4, country_id=4, price=273.75736684118095, quantity=1, timestamp=1778599744288}
[kafka-producer-network-thread | producer-1] INFO is.project3.SaleEventProducer - Sent sale event: SaleEvent{book_id=1, country_id=4, price=857.540075427024, quantity=8, timestamp=1778599744339}
[kafka-producer-network-thread | producer-1] INFO is.project3.SaleEventProducer - Sent sale event: SaleEvent{book_id=4, country_id=2, price=272.0716909276167, quantity=10, timestamp=1778599744390}
[kafka-producer-network-thread | producer-1] INFO is.project3.SaleEventProducer - Sent sale event: SaleEvent{book_id=2, country_id=2, price=30.97769067639538, quantity=5, timestamp=1778599744441}
[kafka-producer-network-thread | producer-1] INFO is.project3.SaleEventProducer - Sent sale event: SaleEvent{book_id=4, country_id=3, price=289.23086155722507, quantity=9, timestamp=1778599744492}
[kafka-producer-network-thread | producer-1] INFO is.project3.SaleEventProducer - Sent sale event: SaleEvent{book_id=3, country_id=5, price=87.50642816384894, quantity=9, timestamp=1778599744543}
[kafka-producer-network-thread | producer-1] INFO is.project3.SaleEventProducer - Sent sale event: SaleEvent{book_id=4, country_id=1, price=320.12752809255585, quantity=5, timestamp=1778599744594}
[kafka-producer-network-thread | producer-1] INFO is.project3.SaleEventProducer - Sent sale event: SaleEvent{book_id=1, country_id=3, price=983.0045289661856, quantity=1, timestamp=1778599744646}
[kafka-producer-network-thread | producer-1] INFO is.project3.SaleEventProducer - Sent sale event: SaleEvent{book_id=2, country_id=3, price=29.076470063428598, quantity=3, timestamp=1778599744696}
[kafka-producer-network-thread | producer-1] INFO is.project3.SaleEventProducer - Sent sale event: SaleEvent{book_id=5, country_id=2, price=9.12708428036946, quantity=9, timestamp=1778599744747}
[kafka-producer-network-thread | producer-1] INFO is.project3.SaleEventProducer - Sent sale event: SaleEvent{book_id=4, country_id=2, price=307.54358786900974, quantity=7, timestamp=1778599744798}
[kafka-producer-network-thread | producer-1] INFO is.project3.SaleEventProducer - Sent sale event: SaleEvent{book_id=1, country_id=1, price=821.7158377634859, quantity=5, timestamp=1778599744848}
[kafka-producer-network-thread | producer-1] INFO is.project3.SaleEventProducer - Sent sale event: SaleEvent{book_id=5, country_id=2, price=9.259359254694994, quantity=8, timestamp=1778599744899}
[kafka-producer-network-thread | producer-1] INFO is.project3.SaleEventProducer - Sent sale event: SaleEvent{book_id=4, country_id=3, price=273.6925023828998, quantity=1, timestamp=1778599744949}
[kafka-producer-network-thread | producer-1] INFO is.project3.SaleEventProducer - Sent sale event: SaleEvent{book_id=2, country_id=1, price=30.941016848135778, quantity=1, timestamp=1778599745000}
[kafka-producer-network-thread | producer-1] INFO is.project3.SaleEventProducer - Sent sale event: SaleEvent{book_id=4, country_id=2, price=275.1911027616283, quantity=6, timestamp=1778599745051}
[kafka-producer-network-thread | producer-1] INFO is.project3.SaleEventProducer - Sent sale event: SaleEvent{book_id=2, country_id=5, price=27.1525750856415, quantity=4, timestamp=1778599745102}
[kafka-producer-network-thread | producer-1] INFO is.project3.SaleEventProducer - Sent sale event: SaleEvent{book_id=4, country_id=2, price=273.1544241671649, quantity=6, timestamp=1778599745153}
[kafka-producer-network-thread | producer-1] INFO is.project3.SaleEventProducer - Sent sale event: SaleEvent{book_id=2, country_id=2, price=30.416130959827896, quantity=4, timestamp=1778599745204}
[kafka-producer-network-thread | producer-1] INFO is.project3.SaleEventProducer - Sent sale event: SaleEvent{book_id=1, country_id=5, price=919.3861260259928, quantity=2, timestamp=1778599745254}
[kafka-producer-network-thread | producer-1] INFO is.project3.SaleEventProducer - Sent sale event: SaleEvent{book_id=1, country_id=3, price=912.2689233624899, quantity=10, timestamp=1778599745305}
[kafka-producer-network-thread | producer-1] INFO is.project3.SaleEventProducer - Sent sale event: SaleEvent{book_id=2, country_id=1, price=28.60772477648788, quantity=4, timestamp=1778599745356}
[kafka-producer-network-thread | producer-1] INFO is.project3.SaleEventProducer - Sent sale event: SaleEvent{book_id=5, country_id=5, price=9.102106648358442, quantity=3, timestamp=1778599745407}
[kafka-producer-network-thread | producer-1] INFO is.project3.SaleEventProducer - Sent sale event: SaleEvent{book_id=1, country_id=2, price=924.8573303288371, quantity=3, timestamp=1778599745458}
[kafka-producer-network-thread | producer-1] INFO is.project3.SaleEventProducer - Sent sale event: SaleEvent{book_id=3, country_id=1, price=81.0455853519216, quantity=9, timestamp=1778599745509}
[kafka-producer-network-thread | producer-1] INFO is.project3.SaleEventProducer - Sent sale event: SaleEvent{book_id=3, country_id=1, price=78.8252561633289, quantity=1, timestamp=1778599745560}
[kafka-producer-network-thread | producer-1] INFO is.project3.SaleEventProducer - Sent sale event: SaleEvent{book_id=4, country_id=4, price=304.91992205313767, quantity=3, timestamp=1778599745611}
[kafka-producer-network-thread | producer-1] INFO is.project3.SaleEventProducer - Sent sale event: SaleEvent{book_id=2, country_id=3, price=30.63549473685104, quantity=2, timestamp=1778599745662}
[kafka-producer-network-thread | producer-1] INFO is.project3.SaleEventProducer - Sent sale event: SaleEvent{book_id=5, country_id=1, price=10.162197503711914, quantity=2, timestamp=1778599745713}
[kafka-producer-network-thread | producer-1] INFO is.project3.SaleEventProducer - Sent sale event: SaleEvent{book_id=3, country_id=3, price=73.62578126376377, quantity=10, timestamp=1778599745763}
[kafka-producer-network-thread | producer-1] INFO is.project3.SaleEventProducer - Sent sale event: SaleEvent{book_id=4, country_id=5, price=278.95627870354156, quantity=2, timestamp=1778599745814}
[kafka-producer-network-thread | producer-1] INFO is.project3.SaleEventProducer - Sent sale event: SaleEvent{book_id=1, country_id=1, price=949.5175141498338, quantity=6, timestamp=1778599745866}
[kafka-producer-network-thread | producer-1] INFO is.project3.SaleEventProducer - Sent sale event: SaleEvent{book_id=1, country_id=2, price=861.0898662667121, quantity=5, timestamp=1778599745917}
[kafka-producer-network-thread | producer-1] INFO is.project3.SaleEventProducer - Sent sale event: SaleEvent{book_id=5, country_id=3, price=10.145663905312807, quantity=6, timestamp=1778599745968}
[kafka-producer-network-thread | producer-1] INFO is.project3.SaleEventProducer - Sent sale event: SaleEvent{book_id=5, country_id=1, price=9.105485218548779, quantity=2, timestamp=1778599746019}
[kafka-producer-network-thread | producer-1] INFO is.project3.SaleEventProducer - Sent sale event: SaleEvent{book_id=3, country_id=2, price=86.82907244384906, quantity=4, timestamp=1778599746070}
[kafka-producer-network-thread | producer-1] INFO is.project3.SaleEventProducer - Sent sale event: SaleEvent{book_id=3, country_id=4, price=82.36076935939263, quantity=10, timestamp=1778599746121}
[kafka-producer-network-thread | producer-1] INFO is.project3.SaleEventProducer - Sent sale event: SaleEvent{book_id=3, country_id=4, price=86.81731521712291, quantity=8, timestamp=1778599746172}
[kafka-producer-network-thread | producer-1] INFO is.project3.SaleEventProducer - Sent sale event: SaleEvent{book_id=4, country_id=5, price=316.1870474113978, quantity=3, timestamp=1778599746223}
[kafka-producer-network-thread | producer-1] INFO is.project3.SaleEventProducer - Sent sale event: SaleEvent{book_id=4, country_id=1, price=289.38482972266183, quantity=5, timestamp=1778599746274}
[kafka-producer-network-thread | producer-1] INFO is.project3.SaleEventProducer - Sent sale event: SaleEvent{book_id=5, country_id=2, price=9.114413031949496, quantity=1, timestamp=1778599746325}
[kafka-producer-network-thread | producer-1] INFO is.project3.SaleEventProducer - Sent sale event: SaleEvent{book_id=3, country_id=3, price=77.458509378631, quantity=4, timestamp=1778599746376}
[kafka-producer-network-thread | producer-1] INFO is.project3.SaleEventProducer - Sent sale event: SaleEvent{book_id=5, country_id=3, price=9.343394134143544, quantity=7, timestamp=1778599746427}
[kafka-producer-network-thread | producer-1] INFO is.project3.SaleEventProducer - Sent sale event: SaleEvent{book_id=2, country_id=3, price=31.615760739517782, quantity=8, timestamp=1778599746478}
[kafka-producer-network-thread | producer-1] INFO is.project3.SaleEventProducer - Sent sale event: SaleEvent{book_id=5, country_id=2, price=10.21189365870095, quantity=6, timestamp=1778599746528}
[kafka-producer-network-thread | producer-1] INFO is.project3.SaleEventProducer - Sent sale event: SaleEvent{book_id=2, country_id=4, price=28.98952121740854, quantity=2, timestamp=1778599746580}
[kafka-producer-network-thread | producer-1] INFO is.project3.SaleEventProducer - Sent sale event: SaleEvent{book_id=3, country_id=3, price=80.14926800143247, quantity=9, timestamp=1778599746631}
[kafka-producer-network-thread | producer-1] INFO is.project3.SaleEventProducer - Sent sale event: SaleEvent{book_id=2, country_id=4, price=29.422351448091554, quantity=3, timestamp=1778599746681}
[kafka-producer-network-thread | producer-1] INFO is.project3.SaleEventProducer - Sent sale event: SaleEvent{book_id=4, country_id=5, price=327.3224383240889, quantity=3, timestamp=1778599746732}
[kafka-producer-network-thread | producer-1] INFO is.project3.SaleEventProducer - Sent sale event: SaleEvent{book_id=1, country_id=1, price=908.8293911910382, quantity=6, timestamp=1778599746783}
[kafka-producer-network-thread | producer-1] INFO is.project3.SaleEventProducer - Sent sale event: SaleEvent{book_id=1, country_id=3, price=831.5080857225718, quantity=8, timestamp=1778599746834}
[kafka-producer-network-thread | producer-1] INFO is.project3.SaleEventProducer - Sent sale event: SaleEvent{book_id=4, country_id=3, price=325.65132862982847, quantity=1, timestamp=1778599746885}
[kafka-producer-network-thread | producer-1] INFO is.project3.SaleEventProducer - Sent sale event: SaleEvent{book_id=1, country_id=2, price=850.9515492326943, quantity=8, timestamp=1778599746937}
[kafka-producer-network-thread | producer-1] INFO is.project3.SaleEventProducer - Sent sale event: SaleEvent{book_id=3, country_id=1, price=85.79108836105078, quantity=2, timestamp=1778599746988}
[kafka-producer-network-thread | producer-1] INFO is.project3.SaleEventProducer - Sent sale event: SaleEvent{book_id=3, country_id=1, price=78.42708902295671, quantity=9, timestamp=1778599747038}
[kafka-producer-network-thread | producer-1] INFO is.project3.SaleEventProducer - Sent sale event: SaleEvent{book_id=1, country_id=3, price=943.5997281186145, quantity=2, timestamp=1778599747089}
[kafka-producer-network-thread | producer-1] INFO is.project3.SaleEventProducer - Sent sale event: SaleEvent{book_id=2, country_id=4, price=29.509752359836344, quantity=10, timestamp=1778599747140}
[kafka-producer-network-thread | producer-1] INFO is.project3.SaleEventProducer - Sent sale event: SaleEvent{book_id=1, country_id=2, price=892.7441987085334, quantity=5, timestamp=1778599747190}
[kafka-producer-network-thread | producer-1] INFO is.project3.SaleEventProducer - Sent sale event: SaleEvent{book_id=2, country_id=2, price=32.57227639248011, quantity=7, timestamp=1778599747241}
[kafka-producer-network-thread | producer-1] INFO is.project3.SaleEventProducer - Sent sale event: SaleEvent{book_id=4, country_id=2, price=320.9047798216698, quantity=5, timestamp=1778599747292}
[kafka-producer-network-thread | producer-1] INFO is.project3.SaleEventProducer - Sent sale event: SaleEvent{book_id=1, country_id=2, price=969.9926747179791, quantity=4, timestamp=1778599747343}
[kafka-producer-network-thread | producer-1] INFO is.project3.SaleEventProducer - Sent sale event: SaleEvent{book_id=1, country_id=1, price=979.2313086359568, quantity=3, timestamp=1778599747393}
[kafka-producer-network-thread | producer-1] INFO is.project3.SaleEventProducer - Sent sale event: SaleEvent{book_id=2, country_id=3, price=32.9667511479668, quantity=5, timestamp=1778599747444}
[kafka-producer-network-thread | producer-1] INFO is.project3.SaleEventProducer - Sent sale event: SaleEvent{book_id=3, country_id=1, price=80.3032858514687, quantity=10, timestamp=1778599747495}
[kafka-producer-network-thread | producer-1] INFO is.project3.SaleEventProducer - Sent sale event: SaleEvent{book_id=4, country_id=3, price=293.4187916098952, quantity=3, timestamp=1778599747545}
[kafka-producer-network-thread | producer-1] INFO is.project3.SaleEventProducer - Sent sale event: SaleEvent{book_id=1, country_id=2, price=928.3554491818621, quantity=9, timestamp=1778599747596}
[kafka-producer-network-thread | producer-1] INFO is.project3.SaleEventProducer - Sent sale event: SaleEvent{book_id=3, country_id=1, price=72.51819106088455, quantity=1, timestamp=1778599747647}
[kafka-producer-network-thread | producer-1] INFO is.project3.SaleEventProducer - Sent sale event: SaleEvent{book_id=5, country_id=4, price=10.068905862473162, quantity=1, timestamp=1778599747698}
[kafka-producer-network-thread | producer-1] INFO is.project3.SaleEventProducer - Sent sale event: SaleEvent{book_id=1, country_id=1, price=854.7498152721137, quantity=8, timestamp=1778599747748}
[kafka-producer-network-thread | producer-1] INFO is.project3.SaleEventProducer - Sent sale event: SaleEvent{book_id=4, country_id=4, price=296.1793965060894, quantity=6, timestamp=1778599747798}
[kafka-producer-network-thread | producer-1] INFO is.project3.SaleEventProducer - Sent sale event: SaleEvent{book_id=2, country_id=3, price=28.02979943244487, quantity=8, timestamp=1778599747849}
[kafka-producer-network-thread | producer-1] INFO is.project3.SaleEventProducer - Sent sale event: SaleEvent{book_id=4, country_id=5, price=275.4402239689938, quantity=9, timestamp=1778599747899}
[kafka-producer-network-thread | producer-1] INFO is.project3.SaleEventProducer - Sent sale event: SaleEvent{book_id=5, country_id=4, price=9.32517460719597, quantity=6, timestamp=1778599747950}
[kafka-producer-network-thread | producer-1] INFO is.project3.SaleEventProducer - Sent sale event: SaleEvent{book_id=2, country_id=5, price=29.65046679842721, quantity=6, timestamp=1778599748000}
[kafka-producer-network-thread | producer-1] INFO is.project3.SaleEventProducer - Sent sale event: SaleEvent{book_id=3, country_id=1, price=76.77890387391383, quantity=6, timestamp=1778599748051}
[kafka-producer-network-thread | producer-1] INFO is.project3.SaleEventProducer - Sent sale event: SaleEvent{book_id=3, country_id=3, price=82.2980264242887, quantity=2, timestamp=1778599748101}
[kafka-producer-network-thread | producer-1] INFO is.project3.SaleEventProducer - Sent sale event: SaleEvent{book_id=1, country_id=1, price=812.8056159376779, quantity=7, timestamp=1778599748152}
[kafka-producer-network-thread | producer-1] INFO is.project3.SaleEventProducer - Sent sale event: SaleEvent{book_id=3, country_id=4, price=86.29503391738373, quantity=9, timestamp=1778599748202}
[kafka-producer-network-thread | producer-1] INFO is.project3.SaleEventProducer - Sent sale event: SaleEvent{book_id=1, country_id=5, price=902.0578265747625, quantity=5, timestamp=1778599748253}
[kafka-producer-network-thread | producer-1] INFO is.project3.SaleEventProducer - Sent sale event: SaleEvent{book_id=3, country_id=4, price=79.02510523479708, quantity=10, timestamp=1778599748304}
[kafka-producer-network-thread | producer-1] INFO is.project3.SaleEventProducer - Sent sale event: SaleEvent{book_id=1, country_id=3, price=971.2101785414328, quantity=8, timestamp=1778599748354}
[kafka-producer-network-thread | producer-1] INFO is.project3.SaleEventProducer - Sent sale event: SaleEvent{book_id=5, country_id=4, price=10.52894929419128, quantity=4, timestamp=1778599748405}
[kafka-producer-network-thread | producer-1] INFO is.project3.SaleEventProducer - Sent sale event: SaleEvent{book_id=4, country_id=3, price=322.1683314017321, quantity=8, timestamp=1778599748455}
[kafka-producer-network-thread | producer-1] INFO is.project3.SaleEventProducer - Sent sale event: SaleEvent{book_id=4, country_id=4, price=285.67184044119296, quantity=7, timestamp=1778599748506}
[kafka-producer-network-thread | producer-1] INFO is.project3.SaleEventProducer - Sent sale event: SaleEvent{book_id=4, country_id=3, price=300.5246091216611, quantity=7, timestamp=1778599748557}
[kafka-producer-network-thread | producer-1] INFO is.project3.SaleEventProducer - Sent sale event: SaleEvent{book_id=4, country_id=1, price=276.2721060502324, quantity=9, timestamp=1778599748607}
[kafka-producer-network-thread | producer-1] INFO is.project3.SaleEventProducer - Sent sale event: SaleEvent{book_id=4, country_id=5, price=293.26024098350223, quantity=8, timestamp=1778599748658}
[kafka-producer-network-thread | producer-1] INFO is.project3.SaleEventProducer - Sent sale event: SaleEvent{book_id=2, country_id=4, price=28.542296986555307, quantity=9, timestamp=1778599748709}
[kafka-producer-network-thread | producer-1] INFO is.project3.SaleEventProducer - Sent sale event: SaleEvent{book_id=1, country_id=1, price=890.8426078318382, quantity=8, timestamp=1778599748759}
[kafka-producer-network-thread | producer-1] INFO is.project3.SaleEventProducer - Sent sale event: SaleEvent{book_id=4, country_id=1, price=287.9101005813601, quantity=5, timestamp=1778599748810}
[kafka-producer-network-thread | producer-1] INFO is.project3.SaleEventProducer - Sent sale event: SaleEvent{book_id=4, country_id=3, price=307.3267112870646, quantity=5, timestamp=1778599748860}
[kafka-producer-network-thread | producer-1] INFO is.project3.SaleEventProducer - Sent sale event: SaleEvent{book_id=2, country_id=2, price=32.904915426407236, quantity=9, timestamp=1778599748911}
[kafka-producer-network-thread | producer-1] INFO is.project3.SaleEventProducer - Sent sale event: SaleEvent{book_id=5, country_id=5, price=10.050079099079472, quantity=4, timestamp=1778599748962}
[kafka-producer-network-thread | producer-1] INFO is.project3.SaleEventProducer - Sent sale event: SaleEvent{book_id=2, country_id=3, price=29.35836395729169, quantity=5, timestamp=1778599749012}
[kafka-producer-network-thread | producer-1] INFO is.project3.SaleEventProducer - Sent sale event: SaleEvent{book_id=1, country_id=5, price=860.787715767748, quantity=8, timestamp=1778599749063}
[kafka-producer-network-thread | producer-1] INFO is.project3.SaleEventProducer - Sent sale event: SaleEvent{book_id=5, country_id=3, price=10.424172856909681, quantity=5, timestamp=1778599749114}
[kafka-producer-network-thread | producer-1] INFO is.project3.SaleEventProducer - Sent sale event: SaleEvent{book_id=4, country_id=2, price=310.9983532367606, quantity=8, timestamp=1778599749164}
[kafka-producer-network-thread | producer-1] INFO is.project3.SaleEventProducer - Sent sale event: SaleEvent{book_id=4, country_id=2, price=283.7635669015304, quantity=5, timestamp=1778599749214}
[kafka-producer-network-thread | producer-1] INFO is.project3.SaleEventProducer - Sent sale event: SaleEvent{book_id=5, country_id=3, price=9.604822066063067, quantity=3, timestamp=1778599749265}
[kafka-producer-network-thread | producer-1] INFO is.project3.SaleEventProducer - Sent sale event: SaleEvent{book_id=5, country_id=4, price=9.794782854418864, quantity=3, timestamp=1778599749315}
[kafka-producer-network-thread | producer-1] INFO is.project3.SaleEventProducer - Sent sale event: SaleEvent{book_id=2, country_id=5, price=31.344997186626582, quantity=8, timestamp=1778599749367}
[kafka-producer-network-thread | producer-1] INFO is.project3.SaleEventProducer - Sent sale event: SaleEvent{book_id=2, country_id=2, price=31.125239456592414, quantity=2, timestamp=1778599749417}
[kafka-producer-network-thread | producer-1] INFO is.project3.SaleEventProducer - Sent sale event: SaleEvent{book_id=3, country_id=3, price=87.09551352854001, quantity=2, timestamp=1778599749468}
[kafka-producer-network-thread | producer-1] INFO is.project3.SaleEventProducer - Sent sale event: SaleEvent{book_id=1, country_id=1, price=898.365495135927, quantity=6, timestamp=1778599749518}
[kafka-producer-network-thread | producer-1] INFO is.project3.SaleEventProducer - Sent sale event: SaleEvent{book_id=3, country_id=3, price=77.64031798343062, quantity=5, timestamp=1778599749569}
[kafka-producer-network-thread | producer-1] INFO is.project3.SaleEventProducer - Sent sale event: SaleEvent{book_id=3, country_id=4, price=74.29283996434283, quantity=2, timestamp=1778599749620}
[kafka-producer-network-thread | producer-1] INFO is.project3.SaleEventProducer - Sent sale event: SaleEvent{book_id=2, country_id=3, price=32.22073761758002, quantity=2, timestamp=1778599749671}
[kafka-producer-network-thread | producer-1] INFO is.project3.SaleEventProducer - Sent sale event: SaleEvent{book_id=4, country_id=3, price=315.7229480497946, quantity=3, timestamp=1778599749721}
[kafka-producer-network-thread | producer-1] INFO is.project3.SaleEventProducer - Sent sale event: SaleEvent{book_id=3, country_id=2, price=86.2173119610777, quantity=5, timestamp=1778599749772}
[kafka-producer-network-thread | producer-1] INFO is.project3.SaleEventProducer - Sent sale event: SaleEvent{book_id=5, country_id=5, price=9.312850025834933, quantity=7, timestamp=1778599749824}
[kafka-producer-network-thread | producer-1] INFO is.project3.SaleEventProducer - Sent sale event: SaleEvent{book_id=1, country_id=1, price=840.8958371609767, quantity=5, timestamp=1778599749875}
[kafka-producer-network-thread | producer-1] INFO is.project3.SaleEventProducer - Sent sale event: SaleEvent{book_id=2, country_id=1, price=29.3771314775912, quantity=8, timestamp=1778599749925}
[kafka-producer-network-thread | producer-1] INFO is.project3.SaleEventProducer - Sent sale event: SaleEvent{book_id=1, country_id=3, price=892.6172793718155, quantity=2, timestamp=1778599749976}
[kafka-producer-network-thread | producer-1] INFO is.project3.SaleEventProducer - Sent sale event: SaleEvent{book_id=1, country_id=1, price=853.7028218775392, quantity=10, timestamp=1778599750027}
[kafka-producer-network-thread | producer-1] INFO is.project3.SaleEventProducer - Sent sale event: SaleEvent{book_id=4, country_id=2, price=295.78975460431315, quantity=6, timestamp=1778599750077}
[kafka-producer-network-thread | producer-1] INFO is.project3.SaleEventProducer - Sent sale event: SaleEvent{book_id=1, country_id=1, price=968.7285600724566, quantity=9, timestamp=1778599750128}
[kafka-producer-network-thread | producer-1] INFO is.project3.SaleEventProducer - Sent sale event: SaleEvent{book_id=3, country_id=3, price=81.20998308584194, quantity=6, timestamp=1778599750178}
[kafka-producer-network-thread | producer-1] INFO is.project3.SaleEventProducer - Sent sale event: SaleEvent{book_id=3, country_id=3, price=72.66594789759283, quantity=9, timestamp=1778599750229}
[kafka-producer-network-thread | producer-1] INFO is.project3.SaleEventProducer - Sent sale event: SaleEvent{book_id=1, country_id=4, price=981.9944016120858, quantity=10, timestamp=1778599750279}
[kafka-producer-network-thread | producer-1] INFO is.project3.SaleEventProducer - Sent sale event: SaleEvent{book_id=5, country_id=3, price=9.097147388950727, quantity=3, timestamp=1778599750330}
[kafka-producer-network-thread | producer-1] INFO is.project3.SaleEventProducer - Sent sale event: SaleEvent{book_id=3, country_id=4, price=78.85598243329947, quantity=7, timestamp=1778599750380}
[kafka-producer-network-thread | producer-1] INFO is.project3.SaleEventProducer - Sent sale event: SaleEvent{book_id=1, country_id=3, price=812.7533588124684, quantity=3, timestamp=1778599750431}
[kafka-producer-network-thread | producer-1] INFO is.project3.SaleEventProducer - Sent sale event: SaleEvent{book_id=3, country_id=1, price=82.44732236792348, quantity=7, timestamp=1778599750481}
[kafka-producer-network-thread | producer-1] INFO is.project3.SaleEventProducer - Sent sale event: SaleEvent{book_id=2, country_id=4, price=29.15919765089401, quantity=9, timestamp=1778599750532}
[kafka-producer-network-thread | producer-1] INFO is.project3.SaleEventProducer - Sent sale event: SaleEvent{book_id=4, country_id=5, price=270.31225303893916, quantity=7, timestamp=1778599750582}
[kafka-producer-network-thread | producer-1] INFO is.project3.SaleEventProducer - Sent sale event: SaleEvent{book_id=3, country_id=2, price=87.64582953873231, quantity=4, timestamp=1778599750633}
[kafka-producer-network-thread | producer-1] INFO is.project3.SaleEventProducer - Sent sale event: SaleEvent{book_id=1, country_id=2, price=926.7372076752392, quantity=8, timestamp=1778599750683}
[kafka-producer-network-thread | producer-1] INFO is.project3.SaleEventProducer - Sent sale event: SaleEvent{book_id=5, country_id=3, price=9.56952864784142, quantity=7, timestamp=1778599750734}
[kafka-producer-network-thread | producer-1] INFO is.project3.SaleEventProducer - Sent sale event: SaleEvent{book_id=2, country_id=3, price=28.935999186767056, quantity=6, timestamp=1778599750784}
[kafka-producer-network-thread | producer-1] INFO is.project3.SaleEventProducer - Sent sale event: SaleEvent{book_id=3, country_id=1, price=81.04808584191672, quantity=4, timestamp=1778599750835}
[kafka-producer-network-thread | producer-1] INFO is.project3.SaleEventProducer - Sent sale event: SaleEvent{book_id=5, country_id=4, price=9.201029707994103, quantity=5, timestamp=1778599750885}
[kafka-producer-network-thread | producer-1] INFO is.project3.SaleEventProducer - Sent sale event: SaleEvent{book_id=4, country_id=1, price=275.4636945344775, quantity=10, timestamp=1778599750936}
[kafka-producer-network-thread | producer-1] INFO is.project3.SaleEventProducer - Sent sale event: SaleEvent{book_id=2, country_id=3, price=29.66817861173846, quantity=8, timestamp=1778599750987}
[kafka-producer-network-thread | producer-1] INFO is.project3.SaleEventProducer - Sent sale event: SaleEvent{book_id=4, country_id=1, price=278.38754153256616, quantity=4, timestamp=1778599751037}
[kafka-producer-network-thread | producer-1] INFO is.project3.SaleEventProducer - Sent sale event: SaleEvent{book_id=5, country_id=1, price=10.256293693894818, quantity=5, timestamp=1778599751088}
[kafka-producer-network-thread | producer-1] INFO is.project3.SaleEventProducer - Sent sale event: SaleEvent{book_id=5, country_id=3, price=10.418719565179826, quantity=9, timestamp=1778599751138}
[kafka-producer-network-thread | producer-1] INFO is.project3.SaleEventProducer - Sent sale event: SaleEvent{book_id=2, country_id=1, price=28.241689374805386, quantity=4, timestamp=1778599751189}
[kafka-producer-network-thread | producer-1] INFO is.project3.SaleEventProducer - Sent sale event: SaleEvent{book_id=1, country_id=2, price=910.3353023494934, quantity=3, timestamp=1778599751239}
[kafka-producer-network-thread | producer-1] INFO is.project3.SaleEventProducer - Sent sale event: SaleEvent{book_id=2, country_id=4, price=27.984485398913133, quantity=5, timestamp=1778599751290}
[kafka-producer-network-thread | producer-1] INFO is.project3.SaleEventProducer - Sent sale event: SaleEvent{book_id=2, country_id=1, price=30.848818698290025, quantity=3, timestamp=1778599751340}
[kafka-producer-network-thread | producer-1] INFO is.project3.SaleEventProducer - Sent sale event: SaleEvent{book_id=5, country_id=5, price=9.405356953687848, quantity=9, timestamp=1778599751391}
[kafka-producer-network-thread | producer-1] INFO is.project3.SaleEventProducer - Sent sale event: SaleEvent{book_id=3, country_id=5, price=74.58518762033646, quantity=8, timestamp=1778599751442}
[kafka-producer-network-thread | producer-1] INFO is.project3.SaleEventProducer - Sent sale event: SaleEvent{book_id=4, country_id=2, price=310.85656112485344, quantity=1, timestamp=1778599751492}
[kafka-producer-network-thread | producer-1] INFO is.project3.SaleEventProducer - Sent sale event: SaleEvent{book_id=2, country_id=5, price=31.06671804949315, quantity=6, timestamp=1778599751543}
[kafka-producer-network-thread | producer-1] INFO is.project3.SaleEventProducer - Sent sale event: SaleEvent{book_id=4, country_id=3, price=325.4345749633291, quantity=5, timestamp=1778599751593}
[kafka-producer-network-thread | producer-1] INFO is.project3.SaleEventProducer - Sent sale event: SaleEvent{book_id=3, country_id=2, price=87.5500175952612, quantity=1, timestamp=1778599751644}
[kafka-producer-network-thread | producer-1] INFO is.project3.SaleEventProducer - Sent sale event: SaleEvent{book_id=5, country_id=3, price=10.520256415710625, quantity=9, timestamp=1778599751694}
[kafka-producer-network-thread | producer-1] INFO is.project3.SaleEventProducer - Sent sale event: SaleEvent{book_id=1, country_id=4, price=912.3296164482654, quantity=7, timestamp=1778599751745}
[kafka-producer-network-thread | producer-1] INFO is.project3.SaleEventProducer - Sent sale event: SaleEvent{book_id=5, country_id=5, price=10.755978952157319, quantity=6, timestamp=1778599751796}
[kafka-producer-network-thread | producer-1] INFO is.project3.SaleEventProducer - Sent sale event: SaleEvent{book_id=4, country_id=2, price=323.6204875983878, quantity=6, timestamp=1778599751847}
[kafka-producer-network-thread | producer-1] INFO is.project3.SaleEventProducer - Sent sale event: SaleEvent{book_id=3, country_id=2, price=85.14315295901102, quantity=6, timestamp=1778599751897}
[kafka-producer-network-thread | producer-1] INFO is.project3.SaleEventProducer - Sent sale event: SaleEvent{book_id=2, country_id=3, price=27.706048083423905, quantity=7, timestamp=1778599751948}
[kafka-producer-network-thread | producer-1] INFO is.project3.SaleEventProducer - Sent sale event: SaleEvent{book_id=2, country_id=5, price=31.619577483032582, quantity=9, timestamp=1778599751998}
[kafka-producer-network-thread | producer-1] INFO is.project3.SaleEventProducer - Sent sale event: SaleEvent{book_id=2, country_id=3, price=31.160992631578008, quantity=2, timestamp=1778599752049}
[kafka-producer-network-thread | producer-1] INFO is.project3.SaleEventProducer - Sent sale event: SaleEvent{book_id=2, country_id=3, price=27.444160681979834, quantity=7, timestamp=1778599752099}
[kafka-producer-network-thread | producer-1] INFO is.project3.SaleEventProducer - Sent sale event: SaleEvent{book_id=3, country_id=2, price=85.09438808142463, quantity=7, timestamp=1778599752150}
[kafka-producer-network-thread | producer-1] INFO is.project3.SaleEventProducer - Sent sale event: SaleEvent{book_id=1, country_id=3, price=943.3926907563549, quantity=6, timestamp=1778599752200}
[kafka-producer-network-thread | producer-1] INFO is.project3.SaleEventProducer - Sent sale event: SaleEvent{book_id=2, country_id=4, price=32.07404989875295, quantity=8, timestamp=1778599752251}
[kafka-producer-network-thread | producer-1] INFO is.project3.SaleEventProducer - Sent sale event: SaleEvent{book_id=1, country_id=5, price=823.6814516725078, quantity=6, timestamp=1778599752301}
[kafka-producer-network-thread | producer-1] INFO is.project3.SaleEventProducer - Sent sale event: SaleEvent{book_id=4, country_id=3, price=281.2210397864799, quantity=6, timestamp=1778599752352}
[kafka-producer-network-thread | producer-1] INFO is.project3.SaleEventProducer - Sent sale event: SaleEvent{book_id=1, country_id=5, price=811.9041017201826, quantity=5, timestamp=1778599752403}
[kafka-producer-network-thread | producer-1] INFO is.project3.SaleEventProducer - Sent sale event: SaleEvent{book_id=4, country_id=5, price=283.04919439501987, quantity=4, timestamp=1778599752453}
[kafka-producer-network-thread | producer-1] INFO is.project3.SaleEventProducer - Sent sale event: SaleEvent{book_id=1, country_id=1, price=932.5595304047096, quantity=3, timestamp=1778599752504}
[kafka-producer-network-thread | producer-1] INFO is.project3.SaleEventProducer - Sent sale event: SaleEvent{book_id=4, country_id=1, price=299.6126776079773, quantity=2, timestamp=1778599752555}
[kafka-producer-network-thread | producer-1] INFO is.project3.SaleEventProducer - Sent sale event: SaleEvent{book_id=5, country_id=5, price=10.958916801011918, quantity=9, timestamp=1778599752606}
[kafka-producer-network-thread | producer-1] INFO is.project3.SaleEventProducer - Sent sale event: SaleEvent{book_id=3, country_id=2, price=75.36825642365272, quantity=10, timestamp=1778599752656}
[kafka-producer-network-thread | producer-1] INFO is.project3.SaleEventProducer - Sent sale event: SaleEvent{book_id=5, country_id=5, price=10.659596738525947, quantity=10, timestamp=1778599752707}
[kafka-producer-network-thread | producer-1] INFO is.project3.SaleEventProducer - Sent sale event: SaleEvent{book_id=3, country_id=2, price=77.71874898256179, quantity=9, timestamp=1778599752757}
[kafka-producer-network-thread | producer-1] INFO is.project3.SaleEventProducer - Sent sale event: SaleEvent{book_id=4, country_id=4, price=309.9051027824484, quantity=3, timestamp=1778599752808}
[kafka-producer-network-thread | producer-1] INFO is.project3.SaleEventProducer - Sent sale event: SaleEvent{book_id=3, country_id=5, price=82.1725278338299, quantity=7, timestamp=1778599752858}
[kafka-producer-network-thread | producer-1] INFO is.project3.SaleEventProducer - Sent sale event: SaleEvent{book_id=3, country_id=2, price=80.31177918301962, quantity=9, timestamp=1778599752909}
[kafka-producer-network-thread | producer-1] INFO is.project3.SaleEventProducer - Sent sale event: SaleEvent{book_id=2, country_id=4, price=32.2331008391895, quantity=4, timestamp=1778599752959}
[kafka-producer-network-thread | producer-1] INFO is.project3.SaleEventProducer - Sent sale event: SaleEvent{book_id=4, country_id=1, price=280.217453625078, quantity=6, timestamp=1778599753010}
[kafka-producer-network-thread | producer-1] INFO is.project3.SaleEventProducer - Sent sale event: SaleEvent{book_id=1, country_id=3, price=858.2741657747272, quantity=5, timestamp=1778599753060}
[kafka-producer-network-thread | producer-1] INFO is.project3.SaleEventProducer - Sent sale event: SaleEvent{book_id=1, country_id=2, price=815.8061776048975, quantity=8, timestamp=1778599753111}
[kafka-producer-network-thread | producer-1] INFO is.project3.SaleEventProducer - Sent sale event: SaleEvent{book_id=3, country_id=1, price=83.15202073340318, quantity=8, timestamp=1778599753161}
[kafka-producer-network-thread | producer-1] INFO is.project3.SaleEventProducer - Sent sale event: SaleEvent{book_id=5, country_id=1, price=10.69193490833611, quantity=7, timestamp=1778599753212}
[kafka-producer-network-thread | producer-1] INFO is.project3.SaleEventProducer - Sent sale event: SaleEvent{book_id=2, country_id=4, price=29.855477057301457, quantity=6, timestamp=1778599753262}
[kafka-producer-network-thread | producer-1] INFO is.project3.SaleEventProducer - Sent sale event: SaleEvent{book_id=5, country_id=5, price=9.094446329508164, quantity=7, timestamp=1778599753313}
[kafka-producer-network-thread | producer-1] INFO is.project3.SaleEventProducer - Sent sale event: SaleEvent{book_id=5, country_id=4, price=9.500382423043618, quantity=4, timestamp=1778599753364}
[kafka-producer-network-thread | producer-1] INFO is.project3.SaleEventProducer - Sent sale event: SaleEvent{book_id=3, country_id=1, price=75.4378003426686, quantity=9, timestamp=1778599753414}
[kafka-producer-network-thread | producer-1] INFO is.project3.SaleEventProducer - Sent sale event: SaleEvent{book_id=1, country_id=3, price=826.5125072116854, quantity=6, timestamp=1778599753465}
[kafka-producer-network-thread | producer-1] INFO is.project3.SaleEventProducer - Sent sale event: SaleEvent{book_id=5, country_id=2, price=9.951921101921739, quantity=7, timestamp=1778599753515}
[kafka-producer-network-thread | producer-1] INFO is.project3.SaleEventProducer - Sent sale event: SaleEvent{book_id=1, country_id=4, price=865.901290083996, quantity=10, timestamp=1778599753565}
[kafka-producer-network-thread | producer-1] INFO is.project3.SaleEventProducer - Sent sale event: SaleEvent{book_id=4, country_id=5, price=313.1835864189249, quantity=9, timestamp=1778599753616}
[kafka-producer-network-thread | producer-1] INFO is.project3.SaleEventProducer - Sent sale event: SaleEvent{book_id=4, country_id=2, price=318.08369749875243, quantity=7, timestamp=1778599753666}
[kafka-producer-network-thread | producer-1] INFO is.project3.SaleEventProducer - Sent sale event: SaleEvent{book_id=2, country_id=3, price=31.105171070001347, quantity=5, timestamp=1778599753717}
[kafka-producer-network-thread | producer-1] INFO is.project3.SaleEventProducer - Sent sale event: SaleEvent{book_id=4, country_id=4, price=294.28471718291746, quantity=3, timestamp=1778599753767}
[kafka-producer-network-thread | producer-1] INFO is.project3.SaleEventProducer - Sent sale event: SaleEvent{book_id=1, country_id=5, price=862.7886349317412, quantity=7, timestamp=1778599753818}
[kafka-producer-network-thread | producer-1] INFO is.project3.SaleEventProducer - Sent sale event: SaleEvent{book_id=3, country_id=5, price=78.89572268759815, quantity=2, timestamp=1778599753869}
[kafka-producer-network-thread | producer-1] INFO is.project3.SaleEventProducer - Sent sale event: SaleEvent{book_id=5, country_id=5, price=10.845583951088312, quantity=6, timestamp=1778599753920}
[kafka-producer-network-thread | producer-1] INFO is.project3.SaleEventProducer - Sent sale event: SaleEvent{book_id=1, country_id=3, price=911.8136538067246, quantity=6, timestamp=1778599753970}
[kafka-producer-network-thread | producer-1] INFO is.project3.SaleEventProducer - Sent sale event: SaleEvent{book_id=2, country_id=5, price=27.929852285577127, quantity=3, timestamp=1778599754021}
[kafka-producer-network-thread | producer-1] INFO is.project3.SaleEventProducer - Sent sale event: SaleEvent{book_id=5, country_id=3, price=9.95514405751458, quantity=7, timestamp=1778599754071}
[kafka-producer-network-thread | producer-1] INFO is.project3.SaleEventProducer - Sent sale event: SaleEvent{book_id=4, country_id=3, price=300.18204659315404, quantity=4, timestamp=1778599754122}
[kafka-producer-network-thread | producer-1] INFO is.project3.SaleEventProducer - Sent sale event: SaleEvent{book_id=5, country_id=3, price=10.174553857059195, quantity=1, timestamp=1778599754172}
[kafka-producer-network-thread | producer-1] INFO is.project3.SaleEventProducer - Sent sale event: SaleEvent{book_id=4, country_id=4, price=293.2452105650272, quantity=1, timestamp=1778599754223}
[kafka-producer-network-thread | producer-1] INFO is.project3.SaleEventProducer - Sent sale event: SaleEvent{book_id=4, country_id=4, price=317.8099666894742, quantity=8, timestamp=1778599754273}
[kafka-producer-network-thread | producer-1] INFO is.project3.SaleEventProducer - Sent sale event: SaleEvent{book_id=3, country_id=4, price=78.84638510980491, quantity=6, timestamp=1778599754324}
[kafka-producer-network-thread | producer-1] INFO is.project3.SaleEventProducer - Sent sale event: SaleEvent{book_id=1, country_id=5, price=912.9474285162237, quantity=4, timestamp=1778599754374}
[kafka-producer-network-thread | producer-1] INFO is.project3.SaleEventProducer - Sent sale event: SaleEvent{book_id=4, country_id=1, price=304.1485303882082, quantity=9, timestamp=1778599754426}
[kafka-producer-network-thread | producer-1] INFO is.project3.SaleEventProducer - Sent sale event: SaleEvent{book_id=5, country_id=1, price=10.04784388876691, quantity=3, timestamp=1778599754476}
[kafka-producer-network-thread | producer-1] INFO is.project3.SaleEventProducer - Sent sale event: SaleEvent{book_id=5, country_id=3, price=10.345026173839763, quantity=8, timestamp=1778599754526}
[kafka-producer-network-thread | producer-1] INFO is.project3.SaleEventProducer - Sent sale event: SaleEvent{book_id=3, country_id=3, price=72.10661590716845, quantity=8, timestamp=1778599754577}
[kafka-producer-network-thread | producer-1] INFO is.project3.SaleEventProducer - Sent sale event: SaleEvent{book_id=3, country_id=1, price=78.96437232403426, quantity=3, timestamp=1778599754627}
[kafka-producer-network-thread | producer-1] INFO is.project3.SaleEventProducer - Sent sale event: SaleEvent{book_id=4, country_id=5, price=321.01273564038, quantity=2, timestamp=1778599754678}
[kafka-producer-network-thread | producer-1] INFO is.project3.SaleEventProducer - Sent sale event: SaleEvent{book_id=1, country_id=5, price=920.2455545307189, quantity=10, timestamp=1778599754729}
[kafka-producer-network-thread | producer-1] INFO is.project3.SaleEventProducer - Sent sale event: SaleEvent{book_id=2, country_id=3, price=30.18110263762351, quantity=9, timestamp=1778599754779}
[kafka-producer-network-thread | producer-1] INFO is.project3.SaleEventProducer - Sent sale event: SaleEvent{book_id=3, country_id=3, price=79.23135104035059, quantity=3, timestamp=1778599754830}
[kafka-producer-network-thread | producer-1] INFO is.project3.SaleEventProducer - Sent sale event: SaleEvent{book_id=2, country_id=1, price=31.897317936313865, quantity=3, timestamp=1778599754880}
[kafka-producer-network-thread | producer-1] INFO is.project3.SaleEventProducer - Sent sale event: SaleEvent{book_id=2, country_id=4, price=31.88659365444515, quantity=4, timestamp=1778599754931}
[kafka-producer-network-thread | producer-1] INFO is.project3.SaleEventProducer - Sent sale event: SaleEvent{book_id=1, country_id=2, price=822.9001238520674, quantity=2, timestamp=1778599754982}
[kafka-producer-network-thread | producer-1] INFO is.project3.SaleEventProducer - Sent sale event: SaleEvent{book_id=4, country_id=1, price=317.8206595006252, quantity=2, timestamp=1778599755033}
[kafka-producer-network-thread | producer-1] INFO is.project3.SaleEventProducer - Sent sale event: SaleEvent{book_id=5, country_id=2, price=9.736818966849164, quantity=9, timestamp=1778599755083}
[kafka-producer-network-thread | producer-1] INFO is.project3.SaleEventProducer - Sent sale event: SaleEvent{book_id=1, country_id=4, price=864.7182288926543, quantity=10, timestamp=1778599755133}
[kafka-producer-network-thread | producer-1] INFO is.project3.SaleEventProducer - Sent sale event: SaleEvent{book_id=4, country_id=2, price=271.85291381233554, quantity=5, timestamp=1778599755184}
[kafka-producer-network-thread | producer-1] INFO is.project3.SaleEventProducer - Sent sale event: SaleEvent{book_id=5, country_id=3, price=10.831573902146687, quantity=3, timestamp=1778599755234}
[kafka-producer-network-thread | producer-1] INFO is.project3.SaleEventProducer - Sent sale event: SaleEvent{book_id=1, country_id=5, price=927.4464674496522, quantity=8, timestamp=1778599755285}
[kafka-producer-network-thread | producer-1] INFO is.project3.SaleEventProducer - Sent sale event: SaleEvent{book_id=2, country_id=5, price=30.776860576247465, quantity=1, timestamp=1778599755335}
[kafka-producer-network-thread | producer-1] INFO is.project3.SaleEventProducer - Sent sale event: SaleEvent{book_id=1, country_id=5, price=915.6441399633594, quantity=5, timestamp=1778599755386}
[kafka-producer-network-thread | producer-1] INFO is.project3.SaleEventProducer - Sent sale event: SaleEvent{book_id=4, country_id=1, price=284.2539143736497, quantity=2, timestamp=1778599755437}
[kafka-producer-network-thread | producer-1] INFO is.project3.SaleEventProducer - Sent sale event: SaleEvent{book_id=3, country_id=3, price=75.88384876026123, quantity=6, timestamp=1778599755487}
[kafka-producer-network-thread | producer-1] INFO is.project3.SaleEventProducer - Sent sale event: SaleEvent{book_id=4, country_id=1, price=313.08452349935556, quantity=10, timestamp=1778599755538}
[kafka-producer-network-thread | producer-1] INFO is.project3.SaleEventProducer - Sent sale event: SaleEvent{book_id=5, country_id=1, price=9.075747549499903, quantity=7, timestamp=1778599755588}
[kafka-producer-network-thread | producer-1] INFO is.project3.SaleEventProducer - Sent sale event: SaleEvent{book_id=2, country_id=5, price=27.446420092516504, quantity=7, timestamp=1778599755639}
[kafka-producer-network-thread | producer-1] INFO is.project3.SaleEventProducer - Sent sale event: SaleEvent{book_id=4, country_id=1, price=276.95573555663003, quantity=3, timestamp=1778599755690}
[kafka-producer-network-thread | producer-1] INFO is.project3.SaleEventProducer - Sent sale event: SaleEvent{book_id=2, country_id=2, price=32.83755907554628, quantity=4, timestamp=1778599755740}
[kafka-producer-network-thread | producer-1] INFO is.project3.SaleEventProducer - Sent sale event: SaleEvent{book_id=5, country_id=4, price=10.774067942370912, quantity=1, timestamp=1778599755791}
[kafka-producer-network-thread | producer-1] INFO is.project3.SaleEventProducer - Sent sale event: SaleEvent{book_id=3, country_id=5, price=83.9866559063164, quantity=1, timestamp=1778599755842}
[kafka-producer-network-thread | producer-1] INFO is.project3.SaleEventProducer - Sent sale event: SaleEvent{book_id=5, country_id=3, price=9.127513518145134, quantity=7, timestamp=1778599755892}
[kafka-producer-network-thread | producer-1] INFO is.project3.SaleEventProducer - Sent sale event: SaleEvent{book_id=5, country_id=1, price=9.31923428040999, quantity=8, timestamp=1778599755943}
[kafka-producer-network-thread | producer-1] INFO is.project3.SaleEventProducer - Sent sale event: SaleEvent{book_id=2, country_id=4, price=29.492635117786474, quantity=9, timestamp=1778599755993}
[kafka-producer-network-thread | producer-1] INFO is.project3.SaleEventProducer - Sent sale event: SaleEvent{book_id=2, country_id=5, price=32.27602176066126, quantity=5, timestamp=1778599756044}
[kafka-producer-network-thread | producer-1] INFO is.project3.SaleEventProducer - Sent sale event: SaleEvent{book_id=3, country_id=1, price=76.79758114627657, quantity=2, timestamp=1778599756095}
[kafka-producer-network-thread | producer-1] INFO is.project3.SaleEventProducer - Sent sale event: SaleEvent{book_id=2, country_id=5, price=28.65801655166043, quantity=10, timestamp=1778599756146}
[kafka-producer-network-thread | producer-1] INFO is.project3.SaleEventProducer - Sent sale event: SaleEvent{book_id=1, country_id=5, price=851.0582473362404, quantity=6, timestamp=1778599756197}
[kafka-producer-network-thread | producer-1] INFO is.project3.SaleEventProducer - Sent sale event: SaleEvent{book_id=3, country_id=4, price=76.6575386517306, quantity=10, timestamp=1778599756248}
[kafka-producer-network-thread | producer-1] INFO is.project3.SaleEventProducer - Sent sale event: SaleEvent{book_id=3, country_id=2, price=77.7953431678478, quantity=1, timestamp=1778599756299}
[kafka-producer-network-thread | producer-1] INFO is.project3.SaleEventProducer - Sent sale event: SaleEvent{book_id=2, country_id=4, price=31.60402839493566, quantity=4, timestamp=1778599756349}
[kafka-producer-network-thread | producer-1] INFO is.project3.SaleEventProducer - Sent sale event: SaleEvent{book_id=5, country_id=2, price=10.817432656977733, quantity=10, timestamp=1778599756400}
[kafka-producer-network-thread | producer-1] INFO is.project3.SaleEventProducer - Sent sale event: SaleEvent{book_id=3, country_id=3, price=75.4190570620977, quantity=8, timestamp=1778599756450}
[kafka-producer-network-thread | producer-1] INFO is.project3.SaleEventProducer - Sent sale event: SaleEvent{book_id=5, country_id=3, price=9.211826666688722, quantity=5, timestamp=1778599756501}
[kafka-producer-network-thread | producer-1] INFO is.project3.SaleEventProducer - Sent sale event: SaleEvent{book_id=5, country_id=5, price=10.713462081198887, quantity=10, timestamp=1778599756551}
[kafka-producer-network-thread | producer-1] INFO is.project3.SaleEventProducer - Sent sale event: SaleEvent{book_id=3, country_id=1, price=76.53263736702561, quantity=9, timestamp=1778599756601}
[kafka-producer-network-thread | producer-1] INFO is.project3.SaleEventProducer - Sent sale event: SaleEvent{book_id=3, country_id=4, price=87.46480672278831, quantity=5, timestamp=1778599756652}
[kafka-producer-network-thread | producer-1] INFO is.project3.SaleEventProducer - Sent sale event: SaleEvent{book_id=3, country_id=4, price=78.7651586147314, quantity=4, timestamp=1778599756702}
[kafka-producer-network-thread | producer-1] INFO is.project3.SaleEventProducer - Sent sale event: SaleEvent{book_id=2, country_id=1, price=28.43628736984115, quantity=6, timestamp=1778599756753}
[kafka-producer-network-thread | producer-1] INFO is.project3.SaleEventProducer - Sent sale event: SaleEvent{book_id=4, country_id=3, price=292.8447125819482, quantity=9, timestamp=1778599756803}
[kafka-producer-network-thread | producer-1] INFO is.project3.SaleEventProducer - Sent sale event: SaleEvent{book_id=5, country_id=3, price=10.748862675655618, quantity=8, timestamp=1778599756854}
[kafka-producer-network-thread | producer-1] INFO is.project3.SaleEventProducer - Sent sale event: SaleEvent{book_id=2, country_id=2, price=30.05938259199952, quantity=2, timestamp=1778599756905}
[kafka-producer-network-thread | producer-1] INFO is.project3.SaleEventProducer - Sent sale event: SaleEvent{book_id=1, country_id=3, price=885.3392445517271, quantity=1, timestamp=1778599756955}
[kafka-producer-network-thread | producer-1] INFO is.project3.SaleEventProducer - Sent sale event: SaleEvent{book_id=4, country_id=4, price=299.62923938362377, quantity=10, timestamp=1778599757006}
[kafka-producer-network-thread | producer-1] INFO is.project3.SaleEventProducer - Sent sale event: SaleEvent{book_id=1, country_id=4, price=855.2896421755869, quantity=4, timestamp=1778599757056}
[kafka-producer-network-thread | producer-1] INFO is.project3.SaleEventProducer - Sent sale event: SaleEvent{book_id=1, country_id=3, price=874.9030003308911, quantity=8, timestamp=1778599757107}
[kafka-producer-network-thread | producer-1] INFO is.project3.SaleEventProducer - Sent sale event: SaleEvent{book_id=5, country_id=5, price=9.186846002781426, quantity=7, timestamp=1778599757158}
[kafka-producer-network-thread | producer-1] INFO is.project3.SaleEventProducer - Sent sale event: SaleEvent{book_id=3, country_id=1, price=80.55978380239895, quantity=4, timestamp=1778599757208}
[kafka-producer-network-thread | producer-1] INFO is.project3.SaleEventProducer - Sent sale event: SaleEvent{book_id=3, country_id=2, price=82.71622609717934, quantity=2, timestamp=1778599757258}
[kafka-producer-network-thread | producer-1] INFO is.project3.SaleEventProducer - Sent sale event: SaleEvent{book_id=2, country_id=3, price=31.651276802573555, quantity=2, timestamp=1778599757309}
[kafka-producer-network-thread | producer-1] INFO is.project3.SaleEventProducer - Sent sale event: SaleEvent{book_id=4, country_id=5, price=281.27570774296106, quantity=9, timestamp=1778599757360}
[kafka-producer-network-thread | producer-1] INFO is.project3.SaleEventProducer - Sent sale event: SaleEvent{book_id=2, country_id=5, price=32.95194718901709, quantity=10, timestamp=1778599757410}
[kafka-producer-network-thread | producer-1] INFO is.project3.SaleEventProducer - Sent sale event: SaleEvent{book_id=3, country_id=1, price=81.78285837820891, quantity=4, timestamp=1778599757461}
[kafka-producer-network-thread | producer-1] INFO is.project3.SaleEventProducer - Sent sale event: SaleEvent{book_id=4, country_id=3, price=274.64775469446494, quantity=3, timestamp=1778599757511}
[kafka-producer-network-thread | producer-1] INFO is.project3.SaleEventProducer - Sent sale event: SaleEvent{book_id=5, country_id=1, price=9.192389461014791, quantity=4, timestamp=1778599757562}
[kafka-producer-network-thread | producer-1] INFO is.project3.SaleEventProducer - Sent sale event: SaleEvent{book_id=2, country_id=3, price=32.54931128226089, quantity=1, timestamp=1778599757612}
[kafka-producer-network-thread | producer-1] INFO is.project3.SaleEventProducer - Sent sale event: SaleEvent{book_id=5, country_id=3, price=9.000802519413654, quantity=3, timestamp=1778599757663}
[kafka-producer-network-thread | producer-1] INFO is.project3.SaleEventProducer - Sent sale event: SaleEvent{book_id=4, country_id=3, price=301.06991435062315, quantity=8, timestamp=1778599757713}
[kafka-producer-network-thread | producer-1] INFO is.project3.SaleEventProducer - Sent sale event: SaleEvent{book_id=5, country_id=4, price=9.01557461233581, quantity=10, timestamp=1778599757764}
[kafka-producer-network-thread | producer-1] INFO is.project3.SaleEventProducer - Sent sale event: SaleEvent{book_id=3, country_id=1, price=76.64420937685337, quantity=9, timestamp=1778599757814}
[kafka-producer-network-thread | producer-1] INFO is.project3.SaleEventProducer - Sent sale event: SaleEvent{book_id=4, country_id=1, price=286.26629576247507, quantity=5, timestamp=1778599757865}
[kafka-producer-network-thread | producer-1] INFO is.project3.SaleEventProducer - Sent sale event: SaleEvent{book_id=4, country_id=1, price=291.0938887670399, quantity=1, timestamp=1778599757915}
[kafka-producer-network-thread | producer-1] INFO is.project3.SaleEventProducer - Sent sale event: SaleEvent{book_id=4, country_id=2, price=320.82928510713896, quantity=2, timestamp=1778599757966}
[kafka-producer-network-thread | producer-1] INFO is.project3.SaleEventProducer - Sent sale event: SaleEvent{book_id=3, country_id=1, price=72.73436725175017, quantity=2, timestamp=1778599758016}
[kafka-producer-network-thread | producer-1] INFO is.project3.SaleEventProducer - Sent sale event: SaleEvent{book_id=3, country_id=3, price=76.38242020312173, quantity=4, timestamp=1778599758067}
[kafka-producer-network-thread | producer-1] INFO is.project3.SaleEventProducer - Sent sale event: SaleEvent{book_id=3, country_id=2, price=72.50149858201851, quantity=9, timestamp=1778599758117}
[kafka-producer-network-thread | producer-1] INFO is.project3.SaleEventProducer - Sent sale event: SaleEvent{book_id=1, country_id=2, price=896.3099074909985, quantity=10, timestamp=1778599758167}
[kafka-producer-network-thread | producer-1] INFO is.project3.SaleEventProducer - Sent sale event: SaleEvent{book_id=1, country_id=1, price=922.0669380882321, quantity=2, timestamp=1778599758218}
[kafka-producer-network-thread | producer-1] INFO is.project3.SaleEventProducer - Sent sale event: SaleEvent{book_id=4, country_id=5, price=325.1341200036445, quantity=2, timestamp=1778599758268}
[kafka-producer-network-thread | producer-1] INFO is.project3.SaleEventProducer - Sent sale event: SaleEvent{book_id=4, country_id=5, price=304.1022373277677, quantity=4, timestamp=1778599758319}
[kafka-producer-network-thread | producer-1] INFO is.project3.SaleEventProducer - Sent sale event: SaleEvent{book_id=1, country_id=3, price=920.7967249930308, quantity=4, timestamp=1778599758370}
[kafka-producer-network-thread | producer-1] INFO is.project3.SaleEventProducer - Sent sale event: SaleEvent{book_id=4, country_id=4, price=285.6634882048823, quantity=8, timestamp=1778599758420}
[kafka-producer-network-thread | producer-1] INFO is.project3.SaleEventProducer - Sent sale event: SaleEvent{book_id=4, country_id=3, price=317.261417568664, quantity=8, timestamp=1778599758471}
[kafka-producer-network-thread | producer-1] INFO is.project3.SaleEventProducer - Sent sale event: SaleEvent{book_id=4, country_id=2, price=317.4504043455121, quantity=10, timestamp=1778599758521}
[kafka-producer-network-thread | producer-1] INFO is.project3.SaleEventProducer - Sent sale event: SaleEvent{book_id=2, country_id=5, price=32.02038546469697, quantity=7, timestamp=1778599758572}
[kafka-producer-network-thread | producer-1] INFO is.project3.SaleEventProducer - Sent sale event: SaleEvent{book_id=5, country_id=3, price=10.33781351812367, quantity=6, timestamp=1778599758623}
[kafka-producer-network-thread | producer-1] INFO is.project3.SaleEventProducer - Sent sale event: SaleEvent{book_id=3, country_id=3, price=86.1832251593842, quantity=4, timestamp=1778599758673}
[kafka-producer-network-thread | producer-1] INFO is.project3.SaleEventProducer - Sent sale event: SaleEvent{book_id=5, country_id=1, price=9.163346918851369, quantity=1, timestamp=1778599758724}
[kafka-producer-network-thread | producer-1] INFO is.project3.SaleEventProducer - Sent sale event: SaleEvent{book_id=4, country_id=4, price=304.18619659842466, quantity=2, timestamp=1778599758774}
[kafka-producer-network-thread | producer-1] INFO is.project3.SaleEventProducer - Sent sale event: SaleEvent{book_id=2, country_id=3, price=28.104551755018967, quantity=5, timestamp=1778599758824}
[kafka-producer-network-thread | producer-1] INFO is.project3.SaleEventProducer - Sent sale event: SaleEvent{book_id=4, country_id=3, price=277.23469521047593, quantity=4, timestamp=1778599758875}
[kafka-producer-network-thread | producer-1] INFO is.project3.SaleEventProducer - Sent sale event: SaleEvent{book_id=3, country_id=2, price=83.39093939304925, quantity=9, timestamp=1778599758926}
[kafka-producer-network-thread | producer-1] INFO is.project3.SaleEventProducer - Sent sale event: SaleEvent{book_id=4, country_id=3, price=282.9358419734546, quantity=6, timestamp=1778599758976}
[kafka-producer-network-thread | producer-1] INFO is.project3.SaleEventProducer - Sent sale event: SaleEvent{book_id=1, country_id=3, price=955.3904708360371, quantity=10, timestamp=1778599759027}
[kafka-producer-network-thread | producer-1] INFO is.project3.SaleEventProducer - Sent sale event: SaleEvent{book_id=2, country_id=5, price=31.016581763978607, quantity=10, timestamp=1778599759077}
[kafka-producer-network-thread | producer-1] INFO is.project3.SaleEventProducer - Sent sale event: SaleEvent{book_id=2, country_id=5, price=30.98339625751963, quantity=2, timestamp=1778599759128}
[kafka-producer-network-thread | producer-1] INFO is.project3.SaleEventProducer - Sent sale event: SaleEvent{book_id=5, country_id=5, price=9.764303943967157, quantity=1, timestamp=1778599759178}
[kafka-producer-network-thread | producer-1] INFO is.project3.SaleEventProducer - Sent sale event: SaleEvent{book_id=5, country_id=1, price=9.7438237645424, quantity=9, timestamp=1778599759228}
[kafka-producer-network-thread | producer-1] INFO is.project3.SaleEventProducer - Sent sale event: SaleEvent{book_id=1, country_id=5, price=944.4004708548769, quantity=3, timestamp=1778599759279}
[kafka-producer-network-thread | producer-1] INFO is.project3.SaleEventProducer - Sent sale event: SaleEvent{book_id=3, country_id=1, price=75.16100242478187, quantity=8, timestamp=1778599759329}
[kafka-producer-network-thread | producer-1] INFO is.project3.SaleEventProducer - Sent sale event: SaleEvent{book_id=5, country_id=5, price=10.867193900455096, quantity=5, timestamp=1778599759380}
[kafka-producer-network-thread | producer-1] INFO is.project3.SaleEventProducer - Sent sale event: SaleEvent{book_id=2, country_id=5, price=28.335697270829755, quantity=7, timestamp=1778599759430}
[kafka-producer-network-thread | producer-1] INFO is.project3.SaleEventProducer - Sent sale event: SaleEvent{book_id=3, country_id=4, price=83.34524387396694, quantity=9, timestamp=1778599759481}
[kafka-producer-network-thread | producer-1] INFO is.project3.SaleEventProducer - Sent sale event: SaleEvent{book_id=3, country_id=2, price=86.22785343521596, quantity=6, timestamp=1778599759531}
[kafka-producer-network-thread | producer-1] INFO is.project3.SaleEventProducer - Sent sale event: SaleEvent{book_id=3, country_id=5, price=75.21096835034805, quantity=5, timestamp=1778599759582}
[kafka-producer-network-thread | producer-1] INFO is.project3.SaleEventProducer - Sent sale event: SaleEvent{book_id=2, country_id=3, price=31.49300180213679, quantity=4, timestamp=1778599759632}
[kafka-producer-network-thread | producer-1] INFO is.project3.SaleEventProducer - Sent sale event: SaleEvent{book_id=5, country_id=4, price=9.098853056980301, quantity=7, timestamp=1778599759683}
[kafka-producer-network-thread | producer-1] INFO is.project3.SaleEventProducer - Sent sale event: SaleEvent{book_id=2, country_id=2, price=31.85336975154044, quantity=3, timestamp=1778599759733}
[kafka-producer-network-thread | producer-1] INFO is.project3.SaleEventProducer - Sent sale event: SaleEvent{book_id=3, country_id=2, price=79.04482260654852, quantity=6, timestamp=1778599759784}
[kafka-producer-network-thread | producer-1] INFO is.project3.SaleEventProducer - Sent sale event: SaleEvent{book_id=1, country_id=2, price=902.1014895254981, quantity=3, timestamp=1778599759834}
[kafka-producer-network-thread | producer-1] INFO is.project3.SaleEventProducer - Sent sale event: SaleEvent{book_id=4, country_id=5, price=270.4916806685704, quantity=7, timestamp=1778599759885}
[kafka-producer-network-thread | producer-1] INFO is.project3.SaleEventProducer - Sent sale event: SaleEvent{book_id=5, country_id=2, price=9.031433663959653, quantity=7, timestamp=1778599759935}
[kafka-producer-network-thread | producer-1] INFO is.project3.SaleEventProducer - Sent sale event: SaleEvent{book_id=4, country_id=2, price=301.2280817171529, quantity=1, timestamp=1778599759986}
[kafka-producer-network-thread | producer-1] INFO is.project3.SaleEventProducer - Sent sale event: SaleEvent{book_id=5, country_id=3, price=10.85771067600985, quantity=7, timestamp=1778599760037}
[kafka-producer-network-thread | producer-1] INFO is.project3.SaleEventProducer - Sent sale event: SaleEvent{book_id=3, country_id=2, price=75.76014831088193, quantity=3, timestamp=1778599760087}
[kafka-producer-network-thread | producer-1] INFO is.project3.SaleEventProducer - Sent sale event: SaleEvent{book_id=5, country_id=5, price=10.727420718426275, quantity=4, timestamp=1778599760138}
[kafka-producer-network-thread | producer-1] INFO is.project3.SaleEventProducer - Sent sale event: SaleEvent{book_id=5, country_id=4, price=9.583855462916613, quantity=7, timestamp=1778599760189}
[kafka-producer-network-thread | producer-1] INFO is.project3.SaleEventProducer - Sent sale event: SaleEvent{book_id=4, country_id=1, price=322.3598988167008, quantity=5, timestamp=1778599760239}
[kafka-producer-network-thread | producer-1] INFO is.project3.SaleEventProducer - Sent sale event: SaleEvent{book_id=4, country_id=2, price=302.10533436286045, quantity=4, timestamp=1778599760290}
[kafka-producer-network-thread | producer-1] INFO is.project3.SaleEventProducer - Sent sale event: SaleEvent{book_id=1, country_id=1, price=860.8987903179568, quantity=5, timestamp=1778599760340}
[kafka-producer-network-thread | producer-1] INFO is.project3.SaleEventProducer - Sent sale event: SaleEvent{book_id=1, country_id=3, price=885.8447574791404, quantity=1, timestamp=1778599760391}
[kafka-producer-network-thread | producer-1] INFO is.project3.SaleEventProducer - Sent sale event: SaleEvent{book_id=2, country_id=5, price=32.138550728954954, quantity=5, timestamp=1778599760441}
[kafka-producer-network-thread | producer-1] INFO is.project3.SaleEventProducer - Sent sale event: SaleEvent{book_id=2, country_id=3, price=27.484632356959146, quantity=9, timestamp=1778599760492}
[kafka-producer-network-thread | producer-1] INFO is.project3.SaleEventProducer - Sent sale event: SaleEvent{book_id=5, country_id=2, price=9.355190875243295, quantity=4, timestamp=1778599760542}
[kafka-producer-network-thread | producer-1] INFO is.project3.SaleEventProducer - Sent sale event: SaleEvent{book_id=5, country_id=1, price=9.86207093427294, quantity=5, timestamp=1778599760593}
[kafka-producer-network-thread | producer-1] INFO is.project3.SaleEventProducer - Sent sale event: SaleEvent{book_id=1, country_id=5, price=975.2179118315648, quantity=2, timestamp=1778599760643}
[kafka-producer-network-thread | producer-1] INFO is.project3.SaleEventProducer - Sent sale event: SaleEvent{book_id=3, country_id=5, price=76.92363307977786, quantity=7, timestamp=1778599760694}
[kafka-producer-network-thread | producer-1] INFO is.project3.SaleEventProducer - Sent sale event: SaleEvent{book_id=3, country_id=1, price=74.68387128919574, quantity=1, timestamp=1778599760745}
[kafka-producer-network-thread | producer-1] INFO is.project3.SaleEventProducer - Sent sale event: SaleEvent{book_id=3, country_id=1, price=86.28328728666689, quantity=2, timestamp=1778599760796}
[kafka-producer-network-thread | producer-1] INFO is.project3.SaleEventProducer - Sent sale event: SaleEvent{book_id=4, country_id=2, price=285.75354799752205, quantity=2, timestamp=1778599760846}
[kafka-producer-network-thread | producer-1] INFO is.project3.SaleEventProducer - Sent sale event: SaleEvent{book_id=5, country_id=5, price=9.793498764054098, quantity=2, timestamp=1778599760897}
[kafka-producer-network-thread | producer-1] INFO is.project3.SaleEventProducer - Sent sale event: SaleEvent{book_id=3, country_id=4, price=81.87748914012253, quantity=3, timestamp=1778599760947}
[kafka-producer-network-thread | producer-1] INFO is.project3.SaleEventProducer - Sent sale event: SaleEvent{book_id=1, country_id=1, price=892.4547483006954, quantity=7, timestamp=1778599760998}
[kafka-producer-network-thread | producer-1] INFO is.project3.SaleEventProducer - Sent sale event: SaleEvent{book_id=2, country_id=4, price=28.832907332868633, quantity=3, timestamp=1778599761048}
[kafka-producer-network-thread | producer-1] INFO is.project3.SaleEventProducer - Sent sale event: SaleEvent{book_id=2, country_id=3, price=31.43949452671887, quantity=4, timestamp=1778599761099}
[kafka-producer-network-thread | producer-1] INFO is.project3.SaleEventProducer - Sent sale event: SaleEvent{book_id=3, country_id=1, price=86.98348457727721, quantity=2, timestamp=1778599761149}
[kafka-producer-network-thread | producer-1] INFO is.project3.SaleEventProducer - Sent sale event: SaleEvent{book_id=4, country_id=5, price=310.60566166569686, quantity=7, timestamp=1778599761200}
[kafka-producer-network-thread | producer-1] INFO is.project3.SaleEventProducer - Sent sale event: SaleEvent{book_id=3, country_id=1, price=79.1841297696694, quantity=1, timestamp=1778599761250}
[kafka-producer-network-thread | producer-1] INFO is.project3.SaleEventProducer - Sent sale event: SaleEvent{book_id=2, country_id=4, price=30.836136079575557, quantity=3, timestamp=1778599761301}
[kafka-producer-network-thread | producer-1] INFO is.project3.SaleEventProducer - Sent sale event: SaleEvent{book_id=3, country_id=1, price=75.30393558290986, quantity=6, timestamp=1778599761351}
[kafka-producer-network-thread | producer-1] INFO is.project3.SaleEventProducer - Sent sale event: SaleEvent{book_id=4, country_id=1, price=286.87453980040414, quantity=9, timestamp=1778599761402}
[kafka-producer-network-thread | producer-1] INFO is.project3.SaleEventProducer - Sent sale event: SaleEvent{book_id=3, country_id=3, price=83.00173151889325, quantity=7, timestamp=1778599761452}
[kafka-producer-network-thread | producer-1] INFO is.project3.SaleEventProducer - Sent sale event: SaleEvent{book_id=3, country_id=2, price=74.01376572492862, quantity=8, timestamp=1778599761503}
[kafka-producer-network-thread | producer-1] INFO is.project3.SaleEventProducer - Sent sale event: SaleEvent{book_id=1, country_id=4, price=840.6795329920329, quantity=6, timestamp=1778599761553}
[kafka-producer-network-thread | producer-1] INFO is.project3.SaleEventProducer - Sent sale event: SaleEvent{book_id=3, country_id=5, price=76.94510414513182, quantity=3, timestamp=1778599761604}
[kafka-producer-network-thread | producer-1] INFO is.project3.SaleEventProducer - Sent sale event: SaleEvent{book_id=1, country_id=1, price=907.4892647316085, quantity=7, timestamp=1778599761654}
[kafka-producer-network-thread | producer-1] INFO is.project3.SaleEventProducer - Sent sale event: SaleEvent{book_id=1, country_id=5, price=864.0500453967019, quantity=4, timestamp=1778599761705}
[kafka-producer-network-thread | producer-1] INFO is.project3.SaleEventProducer - Sent sale event: SaleEvent{book_id=3, country_id=2, price=72.31094173878755, quantity=7, timestamp=1778599761755}
[kafka-producer-network-thread | producer-1] INFO is.project3.SaleEventProducer - Sent sale event: SaleEvent{book_id=2, country_id=3, price=27.333788448482665, quantity=1, timestamp=1778599761806}
[kafka-producer-network-thread | producer-1] INFO is.project3.SaleEventProducer - Sent sale event: SaleEvent{book_id=5, country_id=5, price=9.652313482799041, quantity=3, timestamp=1778599761856}
[kafka-producer-network-thread | producer-1] INFO is.project3.SaleEventProducer - Sent sale event: SaleEvent{book_id=3, country_id=2, price=73.30724073226921, quantity=6, timestamp=1778599761907}
[kafka-producer-network-thread | producer-1] INFO is.project3.SaleEventProducer - Sent sale event: SaleEvent{book_id=3, country_id=4, price=86.12508459658325, quantity=10, timestamp=1778599761957}
[kafka-producer-network-thread | producer-1] INFO is.project3.SaleEventProducer - Sent sale event: SaleEvent{book_id=2, country_id=2, price=29.282245818022744, quantity=8, timestamp=1778599762008}
[kafka-producer-network-thread | producer-1] INFO is.project3.SaleEventProducer - Sent sale event: SaleEvent{book_id=5, country_id=3, price=10.448579514001933, quantity=1, timestamp=1778599762058}
[kafka-producer-network-thread | producer-1] INFO is.project3.SaleEventProducer - Sent sale event: SaleEvent{book_id=3, country_id=1, price=86.14178344769566, quantity=2, timestamp=1778599762109}
[kafka-producer-network-thread | producer-1] INFO is.project3.SaleEventProducer - Sent sale event: SaleEvent{book_id=1, country_id=2, price=831.4190426275607, quantity=9, timestamp=1778599762159}
[kafka-producer-network-thread | producer-1] INFO is.project3.SaleEventProducer - Sent sale event: SaleEvent{book_id=5, country_id=4, price=9.77691487464363, quantity=7, timestamp=1778599762210}
[kafka-producer-network-thread | producer-1] INFO is.project3.SaleEventProducer - Sent sale event: SaleEvent{book_id=1, country_id=4, price=915.4620718199643, quantity=2, timestamp=1778599762260}
[kafka-producer-network-thread | producer-1] INFO is.project3.SaleEventProducer - Sent sale event: SaleEvent{book_id=2, country_id=5, price=29.591972059110056, quantity=4, timestamp=1778599762311}
[kafka-producer-network-thread | producer-1] INFO is.project3.SaleEventProducer - Sent sale event: SaleEvent{book_id=1, country_id=1, price=886.4529719424579, quantity=2, timestamp=1778599762361}
[kafka-producer-network-thread | producer-1] INFO is.project3.SaleEventProducer - Sent sale event: SaleEvent{book_id=4, country_id=2, price=281.3903417090346, quantity=2, timestamp=1778599762412}
[kafka-producer-network-thread | producer-1] INFO is.project3.SaleEventProducer - Sent sale event: SaleEvent{book_id=5, country_id=5, price=9.95624941158534, quantity=10, timestamp=1778599762462}
[kafka-producer-network-thread | producer-1] INFO is.project3.SaleEventProducer - Sent sale event: SaleEvent{book_id=4, country_id=5, price=298.170371059953, quantity=3, timestamp=1778599762513}
[kafka-producer-network-thread | producer-1] INFO is.project3.SaleEventProducer - Sent sale event: SaleEvent{book_id=4, country_id=2, price=299.35762086624726, quantity=7, timestamp=1778599762585}
[kafka-producer-network-thread | producer-1] INFO is.project3.SaleEventProducer - Sent sale event: SaleEvent{book_id=4, country_id=3, price=296.7819546916083, quantity=1, timestamp=1778599762635}
[kafka-producer-network-thread | producer-1] INFO is.project3.SaleEventProducer - Sent sale event: SaleEvent{book_id=3, country_id=1, price=85.0054618460865, quantity=4, timestamp=1778599762686}
[kafka-producer-network-thread | producer-1] INFO is.project3.SaleEventProducer - Sent sale event: SaleEvent{book_id=5, country_id=2, price=9.470913356489758, quantity=1, timestamp=1778599762736}
[kafka-producer-network-thread | producer-1] INFO is.project3.SaleEventProducer - Sent sale event: SaleEvent{book_id=5, country_id=4, price=9.243400584977358, quantity=9, timestamp=1778599762787}
[kafka-producer-network-thread | producer-1] INFO is.project3.SaleEventProducer - Sent sale event: SaleEvent{book_id=3, country_id=5, price=73.08348967507806, quantity=1, timestamp=1778599762838}
[kafka-producer-network-thread | producer-1] INFO is.project3.SaleEventProducer - Sent sale event: SaleEvent{book_id=3, country_id=2, price=79.70072890821741, quantity=2, timestamp=1778599762888}
[kafka-producer-network-thread | producer-1] INFO is.project3.SaleEventProducer - Sent sale event: SaleEvent{book_id=5, country_id=5, price=9.851189873596027, quantity=5, timestamp=1778599762939}
[kafka-producer-network-thread | producer-1] INFO is.project3.SaleEventProducer - Sent sale event: SaleEvent{book_id=4, country_id=4, price=328.8812429762317, quantity=7, timestamp=1778599762989}
[kafka-producer-network-thread | producer-1] INFO is.project3.SaleEventProducer - Sent sale event: SaleEvent{book_id=5, country_id=3, price=9.720133124488301, quantity=10, timestamp=1778599763039}
[kafka-producer-network-thread | producer-1] INFO is.project3.SaleEventProducer - Sent sale event: SaleEvent{book_id=2, country_id=4, price=31.298631539987856, quantity=9, timestamp=1778599763090}
[kafka-producer-network-thread | producer-1] INFO is.project3.SaleEventProducer - Sent sale event: SaleEvent{book_id=2, country_id=2, price=30.833813963195215, quantity=1, timestamp=1778599763141}
[kafka-producer-network-thread | producer-1] INFO is.project3.SaleEventProducer - Sent sale event: SaleEvent{book_id=2, country_id=2, price=29.614051108442194, quantity=8, timestamp=1778599763191}
[kafka-producer-network-thread | producer-1] INFO is.project3.SaleEventProducer - Sent sale event: SaleEvent{book_id=4, country_id=3, price=311.2052576216209, quantity=4, timestamp=1778599763242}
[kafka-producer-network-thread | producer-1] INFO is.project3.SaleEventProducer - Sent sale event: SaleEvent{book_id=2, country_id=2, price=27.464630752766265, quantity=3, timestamp=1778599763293}
[kafka-producer-network-thread | producer-1] INFO is.project3.SaleEventProducer - Sent sale event: SaleEvent{book_id=3, country_id=1, price=80.22018928705278, quantity=8, timestamp=1778599763343}
[kafka-producer-network-thread | producer-1] INFO is.project3.SaleEventProducer - Sent sale event: SaleEvent{book_id=1, country_id=4, price=982.3483310105823, quantity=8, timestamp=1778599763394}
[kafka-producer-network-thread | producer-1] INFO is.project3.SaleEventProducer - Sent sale event: SaleEvent{book_id=3, country_id=2, price=86.30136226406856, quantity=2, timestamp=1778599763444}
[kafka-producer-network-thread | producer-1] INFO is.project3.SaleEventProducer - Sent sale event: SaleEvent{book_id=1, country_id=4, price=828.2623183376625, quantity=6, timestamp=1778599763495}
[kafka-producer-network-thread | producer-1] INFO is.project3.SaleEventProducer - Sent sale event: SaleEvent{book_id=3, country_id=2, price=84.0981719320962, quantity=3, timestamp=1778599763545}
[kafka-producer-network-thread | producer-1] INFO is.project3.SaleEventProducer - Sent sale event: SaleEvent{book_id=5, country_id=5, price=9.147972801735163, quantity=6, timestamp=1778599763595}
[kafka-producer-network-thread | producer-1] INFO is.project3.SaleEventProducer - Sent sale event: SaleEvent{book_id=5, country_id=3, price=9.996370766795685, quantity=6, timestamp=1778599763646}
[kafka-producer-network-thread | producer-1] INFO is.project3.SaleEventProducer - Sent sale event: SaleEvent{book_id=4, country_id=4, price=297.207662517338, quantity=4, timestamp=1778599763696}
[kafka-producer-network-thread | producer-1] INFO is.project3.SaleEventProducer - Sent sale event: SaleEvent{book_id=5, country_id=4, price=9.458840996009362, quantity=4, timestamp=1778599763747}
[kafka-producer-network-thread | producer-1] INFO is.project3.SaleEventProducer - Sent sale event: SaleEvent{book_id=5, country_id=4, price=10.048865667146224, quantity=3, timestamp=1778599763797}
[kafka-producer-network-thread | producer-1] INFO is.project3.SaleEventProducer - Sent sale event: SaleEvent{book_id=4, country_id=5, price=311.6786665606499, quantity=1, timestamp=1778599763848}
[kafka-producer-network-thread | producer-1] INFO is.project3.SaleEventProducer - Sent sale event: SaleEvent{book_id=5, country_id=3, price=10.792674656703102, quantity=4, timestamp=1778599763899}
[kafka-producer-network-thread | producer-1] INFO is.project3.SaleEventProducer - Sent sale event: SaleEvent{book_id=2, country_id=5, price=27.871143558845382, quantity=6, timestamp=1778599763949}
[kafka-producer-network-thread | producer-1] INFO is.project3.SaleEventProducer - Sent sale event: SaleEvent{book_id=4, country_id=3, price=305.1377395767573, quantity=7, timestamp=1778599764000}
[kafka-producer-network-thread | producer-1] INFO is.project3.SaleEventProducer - Sent sale event: SaleEvent{book_id=5, country_id=1, price=9.73616373556375, quantity=6, timestamp=1778599764050}
[kafka-producer-network-thread | producer-1] INFO is.project3.SaleEventProducer - Sent sale event: SaleEvent{book_id=5, country_id=4, price=9.452046748350787, quantity=8, timestamp=1778599764101}
[kafka-producer-network-thread | producer-1] INFO is.project3.SaleEventProducer - Sent sale event: SaleEvent{book_id=3, country_id=1, price=79.99965551996905, quantity=1, timestamp=1778599764151}
[kafka-producer-network-thread | producer-1] INFO is.project3.SaleEventProducer - Sent sale event: SaleEvent{book_id=1, country_id=4, price=989.4584274218489, quantity=7, timestamp=1778599764202}
[kafka-producer-network-thread | producer-1] INFO is.project3.SaleEventProducer - Sent sale event: SaleEvent{book_id=4, country_id=5, price=273.19447243758367, quantity=7, timestamp=1778599764252}
[kafka-producer-network-thread | producer-1] INFO is.project3.SaleEventProducer - Sent sale event: SaleEvent{book_id=2, country_id=2, price=27.152028087692962, quantity=4, timestamp=1778599764303}
[kafka-producer-network-thread | producer-1] INFO is.project3.SaleEventProducer - Sent sale event: SaleEvent{book_id=2, country_id=4, price=28.17586444538492, quantity=9, timestamp=1778599764353}
[kafka-producer-network-thread | producer-1] INFO is.project3.SaleEventProducer - Sent sale event: SaleEvent{book_id=3, country_id=2, price=79.59698215963623, quantity=1, timestamp=1778599764404}
[kafka-producer-network-thread | producer-1] INFO is.project3.SaleEventProducer - Sent sale event: SaleEvent{book_id=4, country_id=3, price=272.7443350137879, quantity=6, timestamp=1778599764454}
[kafka-producer-network-thread | producer-1] INFO is.project3.SaleEventProducer - Sent sale event: SaleEvent{book_id=5, country_id=1, price=9.483993264914723, quantity=1, timestamp=1778599764505}
[kafka-producer-network-thread | producer-1] INFO is.project3.SaleEventProducer - Sent sale event: SaleEvent{book_id=2, country_id=5, price=30.087503109473833, quantity=6, timestamp=1778599764555}
[kafka-producer-network-thread | producer-1] INFO is.project3.SaleEventProducer - Sent sale event: SaleEvent{book_id=3, country_id=4, price=77.6069160972127, quantity=8, timestamp=1778599764606}
[kafka-producer-network-thread | producer-1] INFO is.project3.SaleEventProducer - Sent sale event: SaleEvent{book_id=5, country_id=1, price=9.460794426053718, quantity=9, timestamp=1778599764656}
[kafka-producer-network-thread | producer-1] INFO is.project3.SaleEventProducer - Sent sale event: SaleEvent{book_id=5, country_id=5, price=10.801595926502204, quantity=6, timestamp=1778599764707}
[kafka-producer-network-thread | producer-1] INFO is.project3.SaleEventProducer - Sent sale event: SaleEvent{book_id=5, country_id=4, price=9.791791430812621, quantity=5, timestamp=1778599764757}
[kafka-producer-network-thread | producer-1] INFO is.project3.SaleEventProducer - Sent sale event: SaleEvent{book_id=5, country_id=2, price=9.313263185300384, quantity=4, timestamp=1778599764808}
[kafka-producer-network-thread | producer-1] INFO is.project3.SaleEventProducer - Sent sale event: SaleEvent{book_id=4, country_id=5, price=323.67040935526956, quantity=1, timestamp=1778599764858}
[kafka-producer-network-thread | producer-1] INFO is.project3.SaleEventProducer - Sent sale event: SaleEvent{book_id=3, country_id=4, price=77.23560468416248, quantity=4, timestamp=1778599764909}
[kafka-producer-network-thread | producer-1] INFO is.project3.SaleEventProducer - Sent sale event: SaleEvent{book_id=4, country_id=5, price=282.707717352324, quantity=3, timestamp=1778599764959}
[kafka-producer-network-thread | producer-1] INFO is.project3.SaleEventProducer - Sent sale event: SaleEvent{book_id=1, country_id=4, price=898.5170541231657, quantity=7, timestamp=1778599765010}
[kafka-producer-network-thread | producer-1] INFO is.project3.SaleEventProducer - Sent sale event: SaleEvent{book_id=4, country_id=1, price=309.42396045651833, quantity=2, timestamp=1778599765060}
[kafka-producer-network-thread | producer-1] INFO is.project3.SaleEventProducer - Sent sale event: SaleEvent{book_id=1, country_id=5, price=969.5392327960873, quantity=5, timestamp=1778599765111}
[kafka-producer-network-thread | producer-1] INFO is.project3.SaleEventProducer - Sent sale event: SaleEvent{book_id=5, country_id=1, price=10.32674765822744, quantity=10, timestamp=1778599765161}
[kafka-producer-network-thread | producer-1] INFO is.project3.SaleEventProducer - Sent sale event: SaleEvent{book_id=3, country_id=4, price=82.83480463816929, quantity=6, timestamp=1778599765212}
[kafka-producer-network-thread | producer-1] INFO is.project3.SaleEventProducer - Sent sale event: SaleEvent{book_id=1, country_id=2, price=946.9415539148943, quantity=8, timestamp=1778599765263}
[kafka-producer-network-thread | producer-1] INFO is.project3.SaleEventProducer - Sent sale event: SaleEvent{book_id=2, country_id=3, price=29.46034567423962, quantity=1, timestamp=1778599765313}
[kafka-producer-network-thread | producer-1] INFO is.project3.SaleEventProducer - Sent sale event: SaleEvent{book_id=4, country_id=4, price=325.3304984147779, quantity=3, timestamp=1778599765364}
[kafka-producer-network-thread | producer-1] INFO is.project3.SaleEventProducer - Sent sale event: SaleEvent{book_id=3, country_id=5, price=74.10094547319254, quantity=5, timestamp=1778599765414}
[kafka-producer-network-thread | producer-1] INFO is.project3.SaleEventProducer - Sent sale event: SaleEvent{book_id=1, country_id=3, price=889.3102051310912, quantity=7, timestamp=1778599765465}
[kafka-producer-network-thread | producer-1] INFO is.project3.SaleEventProducer - Sent sale event: SaleEvent{book_id=1, country_id=4, price=914.0501158302899, quantity=8, timestamp=1778599765515}
[kafka-producer-network-thread | producer-1] INFO is.project3.SaleEventProducer - Sent sale event: SaleEvent{book_id=1, country_id=4, price=938.5241064699359, quantity=9, timestamp=1778599765566}
[kafka-producer-network-thread | producer-1] INFO is.project3.SaleEventProducer - Sent sale event: SaleEvent{book_id=2, country_id=5, price=28.329916963574277, quantity=7, timestamp=1778599765616}
[kafka-producer-network-thread | producer-1] INFO is.project3.SaleEventProducer - Sent sale event: SaleEvent{book_id=5, country_id=2, price=9.466431656168911, quantity=1, timestamp=1778599765667}
[kafka-producer-network-thread | producer-1] INFO is.project3.SaleEventProducer - Sent sale event: SaleEvent{book_id=1, country_id=5, price=826.2903802525444, quantity=5, timestamp=1778599765717}
[kafka-producer-network-thread | producer-1] INFO is.project3.SaleEventProducer - Sent sale event: SaleEvent{book_id=3, country_id=3, price=81.07567894937817, quantity=1, timestamp=1778599765768}
[kafka-producer-network-thread | producer-1] INFO is.project3.SaleEventProducer - Sent sale event: SaleEvent{book_id=4, country_id=2, price=281.9095298215088, quantity=10, timestamp=1778599765818}
[kafka-producer-network-thread | producer-1] INFO is.project3.SaleEventProducer - Sent sale event: SaleEvent{book_id=2, country_id=5, price=30.923418550141974, quantity=6, timestamp=1778599765869}
[kafka-producer-network-thread | producer-1] INFO is.project3.SaleEventProducer - Sent sale event: SaleEvent{book_id=1, country_id=3, price=814.2968883331438, quantity=2, timestamp=1778599765920}
[kafka-producer-network-thread | producer-1] INFO is.project3.SaleEventProducer - Sent sale event: SaleEvent{book_id=2, country_id=4, price=27.27246479495168, quantity=4, timestamp=1778599765970}
[kafka-producer-network-thread | producer-1] INFO is.project3.SaleEventProducer - Sent sale event: SaleEvent{book_id=1, country_id=5, price=904.5356886759881, quantity=9, timestamp=1778599766021}
[kafka-producer-network-thread | producer-1] INFO is.project3.SaleEventProducer - Sent sale event: SaleEvent{book_id=3, country_id=5, price=72.9211156016983, quantity=1, timestamp=1778599766071}
[kafka-producer-network-thread | producer-1] INFO is.project3.SaleEventProducer - Sent sale event: SaleEvent{book_id=1, country_id=4, price=932.7789398304365, quantity=9, timestamp=1778599766122}
[kafka-producer-network-thread | producer-1] INFO is.project3.SaleEventProducer - Sent sale event: SaleEvent{book_id=1, country_id=4, price=870.822175026274, quantity=8, timestamp=1778599766172}
[kafka-producer-network-thread | producer-1] INFO is.project3.SaleEventProducer - Sent sale event: SaleEvent{book_id=3, country_id=3, price=86.93486137836629, quantity=6, timestamp=1778599766223}
[kafka-producer-network-thread | producer-1] INFO is.project3.SaleEventProducer - Sent sale event: SaleEvent{book_id=5, country_id=5, price=10.492422148439715, quantity=10, timestamp=1778599766273}
[kafka-producer-network-thread | producer-1] INFO is.project3.SaleEventProducer - Sent sale event: SaleEvent{book_id=4, country_id=5, price=276.0076114542656, quantity=5, timestamp=1778599766324}
[kafka-producer-network-thread | producer-1] INFO is.project3.SaleEventProducer - Sent sale event: SaleEvent{book_id=5, country_id=1, price=9.61399254653316, quantity=1, timestamp=1778599766374}
[kafka-producer-network-thread | producer-1] INFO is.project3.SaleEventProducer - Sent sale event: SaleEvent{book_id=1, country_id=1, price=819.5025849348722, quantity=10, timestamp=1778599766425}
[kafka-producer-network-thread | producer-1] INFO is.project3.SaleEventProducer - Sent sale event: SaleEvent{book_id=5, country_id=4, price=9.98669426606224, quantity=5, timestamp=1778599766475}
[kafka-producer-network-thread | producer-1] INFO is.project3.SaleEventProducer - Sent sale event: SaleEvent{book_id=5, country_id=2, price=9.480193633909906, quantity=8, timestamp=1778599766525}
[kafka-producer-network-thread | producer-1] INFO is.project3.SaleEventProducer - Sent sale event: SaleEvent{book_id=3, country_id=1, price=84.0660998692093, quantity=7, timestamp=1778599766576}
[kafka-producer-network-thread | producer-1] INFO is.project3.SaleEventProducer - Sent sale event: SaleEvent{book_id=1, country_id=2, price=953.850534230351, quantity=3, timestamp=1778599766626}
[kafka-producer-network-thread | producer-1] INFO is.project3.SaleEventProducer - Sent sale event: SaleEvent{book_id=2, country_id=2, price=28.433763552606877, quantity=2, timestamp=1778599766677}
[kafka-producer-network-thread | producer-1] INFO is.project3.SaleEventProducer - Sent sale event: SaleEvent{book_id=3, country_id=2, price=86.27448846657376, quantity=5, timestamp=1778599766727}
[kafka-producer-network-thread | producer-1] INFO is.project3.SaleEventProducer - Sent sale event: SaleEvent{book_id=1, country_id=2, price=906.921895447915, quantity=6, timestamp=1778599766778}
[kafka-producer-network-thread | producer-1] INFO is.project3.SaleEventProducer - Sent sale event: SaleEvent{book_id=2, country_id=1, price=27.882454481731365, quantity=7, timestamp=1778599766828}
[kafka-producer-network-thread | producer-1] INFO is.project3.SaleEventProducer - Sent sale event: SaleEvent{book_id=4, country_id=1, price=322.8087587419676, quantity=9, timestamp=1778599766878}
[kafka-producer-network-thread | producer-1] INFO is.project3.SaleEventProducer - Sent sale event: SaleEvent{book_id=5, country_id=5, price=10.076578571860916, quantity=2, timestamp=1778599766929}
[kafka-producer-network-thread | producer-1] INFO is.project3.SaleEventProducer - Sent sale event: SaleEvent{book_id=1, country_id=5, price=816.4533381942704, quantity=1, timestamp=1778599766979}
[kafka-producer-network-thread | producer-1] INFO is.project3.SaleEventProducer - Sent sale event: SaleEvent{book_id=2, country_id=3, price=31.387351854228072, quantity=3, timestamp=1778599767030}
[kafka-producer-network-thread | producer-1] INFO is.project3.SaleEventProducer - Sent sale event: SaleEvent{book_id=2, country_id=1, price=31.13431025651346, quantity=9, timestamp=1778599767080}
[kafka-producer-network-thread | producer-1] INFO is.project3.SaleEventProducer - Sent sale event: SaleEvent{book_id=1, country_id=2, price=970.2031645186137, quantity=4, timestamp=1778599767131}
[kafka-producer-network-thread | producer-1] INFO is.project3.SaleEventProducer - Sent sale event: SaleEvent{book_id=1, country_id=4, price=875.245778905827, quantity=10, timestamp=1778599767181}
[kafka-producer-network-thread | producer-1] INFO is.project3.SaleEventProducer - Sent sale event: SaleEvent{book_id=5, country_id=5, price=9.471051899118999, quantity=10, timestamp=1778599767232}
[kafka-producer-network-thread | producer-1] INFO is.project3.SaleEventProducer - Sent sale event: SaleEvent{book_id=1, country_id=5, price=864.2978326321535, quantity=5, timestamp=1778599767282}
[kafka-producer-network-thread | producer-1] INFO is.project3.SaleEventProducer - Sent sale event: SaleEvent{book_id=5, country_id=3, price=10.678238566284927, quantity=6, timestamp=1778599767333}
[kafka-producer-network-thread | producer-1] INFO is.project3.SaleEventProducer - Sent sale event: SaleEvent{book_id=2, country_id=3, price=32.21624155527545, quantity=8, timestamp=1778599767384}
[kafka-producer-network-thread | producer-1] INFO is.project3.SaleEventProducer - Sent sale event: SaleEvent{book_id=4, country_id=3, price=287.37524356686475, quantity=2, timestamp=1778599767434}
[kafka-producer-network-thread | producer-1] INFO is.project3.SaleEventProducer - Sent sale event: SaleEvent{book_id=3, country_id=2, price=79.56554599790344, quantity=10, timestamp=1778599767485}
[kafka-producer-network-thread | producer-1] INFO is.project3.SaleEventProducer - Sent sale event: SaleEvent{book_id=1, country_id=4, price=941.1103293568195, quantity=4, timestamp=1778599767535}
[kafka-producer-network-thread | producer-1] INFO is.project3.SaleEventProducer - Sent sale event: SaleEvent{book_id=3, country_id=2, price=78.80484479723088, quantity=9, timestamp=1778599767586}
[kafka-producer-network-thread | producer-1] INFO is.project3.SaleEventProducer - Sent sale event: SaleEvent{book_id=2, country_id=2, price=29.407523254980134, quantity=8, timestamp=1778599767636}
[kafka-producer-network-thread | producer-1] INFO is.project3.SaleEventProducer - Sent sale event: SaleEvent{book_id=3, country_id=2, price=83.27313273226214, quantity=5, timestamp=1778599767687}
[kafka-producer-network-thread | producer-1] INFO is.project3.SaleEventProducer - Sent sale event: SaleEvent{book_id=1, country_id=4, price=913.4642915378577, quantity=7, timestamp=1778599767737}
[kafka-producer-network-thread | producer-1] INFO is.project3.SaleEventProducer - Sent sale event: SaleEvent{book_id=5, country_id=2, price=9.154124597200012, quantity=9, timestamp=1778599767788}
[kafka-producer-network-thread | producer-1] INFO is.project3.SaleEventProducer - Sent sale event: SaleEvent{book_id=1, country_id=2, price=933.0918418930188, quantity=2, timestamp=1778599767838}
[kafka-producer-network-thread | producer-1] INFO is.project3.SaleEventProducer - Sent sale event: SaleEvent{book_id=5, country_id=5, price=10.010998655238234, quantity=3, timestamp=1778599767888}
[kafka-producer-network-thread | producer-1] INFO is.project3.SaleEventProducer - Sent sale event: SaleEvent{book_id=2, country_id=3, price=32.33276580617177, quantity=4, timestamp=1778599767939}
[kafka-producer-network-thread | producer-1] INFO is.project3.SaleEventProducer - Sent sale event: SaleEvent{book_id=4, country_id=3, price=328.39096426102043, quantity=5, timestamp=1778599767989}
[kafka-producer-network-thread | producer-1] INFO is.project3.SaleEventProducer - Sent sale event: SaleEvent{book_id=1, country_id=4, price=934.2508209011698, quantity=10, timestamp=1778599768040}
[kafka-producer-network-thread | producer-1] INFO is.project3.SaleEventProducer - Sent sale event: SaleEvent{book_id=1, country_id=2, price=858.4353070186412, quantity=3, timestamp=1778599768090}
[kafka-producer-network-thread | producer-1] INFO is.project3.SaleEventProducer - Sent sale event: SaleEvent{book_id=5, country_id=2, price=9.605426215261852, quantity=6, timestamp=1778599768140}
[kafka-producer-network-thread | producer-1] INFO is.project3.SaleEventProducer - Sent sale event: SaleEvent{book_id=1, country_id=5, price=834.6313572526204, quantity=1, timestamp=1778599768191}
[kafka-producer-network-thread | producer-1] INFO is.project3.SaleEventProducer - Sent sale event: SaleEvent{book_id=5, country_id=4, price=10.601196236924302, quantity=7, timestamp=1778599768242}
[kafka-producer-network-thread | producer-1] INFO is.project3.SaleEventProducer - Sent sale event: SaleEvent{book_id=5, country_id=1, price=9.929261941848479, quantity=5, timestamp=1778599768292}
[kafka-producer-network-thread | producer-1] INFO is.project3.SaleEventProducer - Sent sale event: SaleEvent{book_id=2, country_id=3, price=28.24465309174239, quantity=2, timestamp=1778599768342}
[kafka-producer-network-thread | producer-1] INFO is.project3.SaleEventProducer - Sent sale event: SaleEvent{book_id=4, country_id=2, price=277.2194940063934, quantity=5, timestamp=1778599768393}
[kafka-producer-network-thread | producer-1] INFO is.project3.SaleEventProducer - Sent sale event: SaleEvent{book_id=4, country_id=1, price=319.778494503237, quantity=6, timestamp=1778599768443}
[kafka-producer-network-thread | producer-1] INFO is.project3.SaleEventProducer - Sent sale event: SaleEvent{book_id=5, country_id=4, price=10.757691638319736, quantity=5, timestamp=1778599768494}
[kafka-producer-network-thread | producer-1] INFO is.project3.SaleEventProducer - Sent sale event: SaleEvent{book_id=5, country_id=2, price=9.510383269710525, quantity=2, timestamp=1778599768544}
[kafka-producer-network-thread | producer-1] INFO is.project3.SaleEventProducer - Sent sale event: SaleEvent{book_id=1, country_id=5, price=840.9729717086296, quantity=8, timestamp=1778599768594}
[kafka-producer-network-thread | producer-1] INFO is.project3.SaleEventProducer - Sent sale event: SaleEvent{book_id=5, country_id=2, price=10.674144225776502, quantity=8, timestamp=1778599768645}
[kafka-producer-network-thread | producer-1] INFO is.project3.SaleEventProducer - Sent sale event: SaleEvent{book_id=4, country_id=2, price=297.9503872557752, quantity=1, timestamp=1778599768695}
[kafka-producer-network-thread | producer-1] INFO is.project3.SaleEventProducer - Sent sale event: SaleEvent{book_id=2, country_id=2, price=28.54193553746989, quantity=3, timestamp=1778599768746}
[kafka-producer-network-thread | producer-1] INFO is.project3.SaleEventProducer - Sent sale event: SaleEvent{book_id=1, country_id=3, price=880.0795392904148, quantity=8, timestamp=1778599768796}
[kafka-producer-network-thread | producer-1] INFO is.project3.SaleEventProducer - Sent sale event: SaleEvent{book_id=1, country_id=1, price=824.8174554982048, quantity=6, timestamp=1778599768846}
[kafka-producer-network-thread | producer-1] INFO is.project3.SaleEventProducer - Sent sale event: SaleEvent{book_id=4, country_id=4, price=280.25079100259944, quantity=6, timestamp=1778599768897}
[kafka-producer-network-thread | producer-1] INFO is.project3.SaleEventProducer - Sent sale event: SaleEvent{book_id=2, country_id=5, price=29.89104012538905, quantity=2, timestamp=1778599768947}
[kafka-producer-network-thread | producer-1] INFO is.project3.SaleEventProducer - Sent sale event: SaleEvent{book_id=2, country_id=2, price=32.797730332176585, quantity=2, timestamp=1778599768998}
[kafka-producer-network-thread | producer-1] INFO is.project3.SaleEventProducer - Sent sale event: SaleEvent{book_id=1, country_id=2, price=851.5571291232515, quantity=10, timestamp=1778599769048}
[kafka-producer-network-thread | producer-1] INFO is.project3.SaleEventProducer - Sent sale event: SaleEvent{book_id=4, country_id=4, price=290.7698339825945, quantity=2, timestamp=1778599769098}
[kafka-producer-network-thread | producer-1] INFO is.project3.SaleEventProducer - Sent sale event: SaleEvent{book_id=2, country_id=3, price=31.394028310179888, quantity=3, timestamp=1778599769149}
[kafka-producer-network-thread | producer-1] INFO is.project3.SaleEventProducer - Sent sale event: SaleEvent{book_id=1, country_id=4, price=968.6019931148425, quantity=4, timestamp=1778599769199}
[kafka-producer-network-thread | producer-1] INFO is.project3.SaleEventProducer - Sent sale event: SaleEvent{book_id=4, country_id=4, price=288.6525072857437, quantity=5, timestamp=1778599769250}
[kafka-producer-network-thread | producer-1] INFO is.project3.SaleEventProducer - Sent sale event: SaleEvent{book_id=1, country_id=4, price=825.4155520590681, quantity=1, timestamp=1778599769300}
[kafka-producer-network-thread | producer-1] INFO is.project3.SaleEventProducer - Sent sale event: SaleEvent{book_id=5, country_id=2, price=9.394610528209014, quantity=7, timestamp=1778599769351}
[kafka-producer-network-thread | producer-1] INFO is.project3.SaleEventProducer - Sent sale event: SaleEvent{book_id=2, country_id=4, price=28.995074826772825, quantity=8, timestamp=1778599769401}
[kafka-producer-network-thread | producer-1] INFO is.project3.SaleEventProducer - Sent sale event: SaleEvent{book_id=3, country_id=1, price=76.94444410636413, quantity=7, timestamp=1778599769451}
[kafka-producer-network-thread | producer-1] INFO is.project3.SaleEventProducer - Sent sale event: SaleEvent{book_id=1, country_id=4, price=819.43060217842, quantity=1, timestamp=1778599769502}
[kafka-producer-network-thread | producer-1] INFO is.project3.SaleEventProducer - Sent sale event: SaleEvent{book_id=5, country_id=5, price=10.395791153990972, quantity=10, timestamp=1778599769552}
[kafka-producer-network-thread | producer-1] INFO is.project3.SaleEventProducer - Sent sale event: SaleEvent{book_id=5, country_id=1, price=10.76013918508908, quantity=9, timestamp=1778599769602}
[kafka-producer-network-thread | producer-1] INFO is.project3.SaleEventProducer - Sent sale event: SaleEvent{book_id=3, country_id=1, price=81.0930506464858, quantity=6, timestamp=1778599769653}
[kafka-producer-network-thread | producer-1] INFO is.project3.SaleEventProducer - Sent sale event: SaleEvent{book_id=5, country_id=5, price=10.318697761788036, quantity=3, timestamp=1778599769703}
[kafka-producer-network-thread | producer-1] INFO is.project3.SaleEventProducer - Sent sale event: SaleEvent{book_id=2, country_id=3, price=28.894300086191524, quantity=8, timestamp=1778599769753}
[kafka-producer-network-thread | producer-1] INFO is.project3.SaleEventProducer - Sent sale event: SaleEvent{book_id=4, country_id=3, price=298.07269479069805, quantity=3, timestamp=1778599769803}
[kafka-producer-network-thread | producer-1] INFO is.project3.SaleEventProducer - Sent sale event: SaleEvent{book_id=3, country_id=1, price=74.93876382139213, quantity=6, timestamp=1778599769854}
[kafka-producer-network-thread | producer-1] INFO is.project3.SaleEventProducer - Sent sale event: SaleEvent{book_id=2, country_id=3, price=29.347872202270988, quantity=7, timestamp=1778599769904}
[kafka-producer-network-thread | producer-1] INFO is.project3.SaleEventProducer - Sent sale event: SaleEvent{book_id=4, country_id=4, price=281.95410245658076, quantity=9, timestamp=1778599769955}
[kafka-producer-network-thread | producer-1] INFO is.project3.SaleEventProducer - Sent sale event: SaleEvent{book_id=5, country_id=1, price=10.617302941815854, quantity=5, timestamp=1778599770005}
[kafka-producer-network-thread | producer-1] INFO is.project3.SaleEventProducer - Sent sale event: SaleEvent{book_id=4, country_id=1, price=319.274156486552, quantity=7, timestamp=1778599770055}
[kafka-producer-network-thread | producer-1] INFO is.project3.SaleEventProducer - Sent sale event: SaleEvent{book_id=4, country_id=4, price=321.7585143729159, quantity=1, timestamp=1778599770106}
[kafka-producer-network-thread | producer-1] INFO is.project3.SaleEventProducer - Sent sale event: SaleEvent{book_id=4, country_id=3, price=326.39875441421725, quantity=8, timestamp=1778599770156}
[kafka-producer-network-thread | producer-1] INFO is.project3.SaleEventProducer - Sent sale event: SaleEvent{book_id=5, country_id=5, price=9.306320415151209, quantity=9, timestamp=1778599770207}
[kafka-producer-network-thread | producer-1] INFO is.project3.SaleEventProducer - Sent sale event: SaleEvent{book_id=5, country_id=1, price=9.043046998741072, quantity=7, timestamp=1778599770257}
[kafka-producer-network-thread | producer-1] INFO is.project3.SaleEventProducer - Sent sale event: SaleEvent{book_id=1, country_id=3, price=951.2301325937614, quantity=1, timestamp=1778599770307}
[kafka-producer-network-thread | producer-1] INFO is.project3.SaleEventProducer - Sent sale event: SaleEvent{book_id=3, country_id=5, price=87.64972093747835, quantity=3, timestamp=1778599770358}
[kafka-producer-network-thread | producer-1] INFO is.project3.SaleEventProducer - Sent sale event: SaleEvent{book_id=2, country_id=1, price=27.523571772119116, quantity=7, timestamp=1778599770408}
[kafka-producer-network-thread | producer-1] INFO is.project3.SaleEventProducer - Sent sale event: SaleEvent{book_id=3, country_id=1, price=83.97367576856927, quantity=4, timestamp=1778599770459}
[kafka-producer-network-thread | producer-1] INFO is.project3.SaleEventProducer - Sent sale event: SaleEvent{book_id=3, country_id=3, price=84.13981187533408, quantity=10, timestamp=1778599770509}
[kafka-producer-network-thread | producer-1] INFO is.project3.SaleEventProducer - Sent sale event: SaleEvent{book_id=5, country_id=4, price=10.842669200915521, quantity=9, timestamp=1778599770560}
[kafka-producer-network-thread | producer-1] INFO is.project3.SaleEventProducer - Sent sale event: SaleEvent{book_id=1, country_id=2, price=834.2381464005103, quantity=7, timestamp=1778599770610}
[kafka-producer-network-thread | producer-1] INFO is.project3.SaleEventProducer - Sent sale event: SaleEvent{book_id=1, country_id=5, price=852.9378839991094, quantity=3, timestamp=1778599770661}
[kafka-producer-network-thread | producer-1] INFO is.project3.SaleEventProducer - Sent sale event: SaleEvent{book_id=4, country_id=4, price=280.1108596483671, quantity=6, timestamp=1778599770711}
[kafka-producer-network-thread | producer-1] INFO is.project3.SaleEventProducer - Sent sale event: SaleEvent{book_id=4, country_id=4, price=293.8086986012239, quantity=8, timestamp=1778599770761}
[kafka-producer-network-thread | producer-1] INFO is.project3.SaleEventProducer - Sent sale event: SaleEvent{book_id=2, country_id=3, price=27.078679448089872, quantity=8, timestamp=1778599770812}
[kafka-producer-network-thread | producer-1] INFO is.project3.SaleEventProducer - Sent sale event: SaleEvent{book_id=4, country_id=1, price=326.5731059149867, quantity=9, timestamp=1778599770862}
[kafka-producer-network-thread | producer-1] INFO is.project3.SaleEventProducer - Sent sale event: SaleEvent{book_id=1, country_id=3, price=920.820472101146, quantity=4, timestamp=1778599770913}
[kafka-producer-network-thread | producer-1] INFO is.project3.SaleEventProducer - Sent sale event: SaleEvent{book_id=3, country_id=3, price=84.87248111217453, quantity=8, timestamp=1778599770963}
[kafka-producer-network-thread | producer-1] INFO is.project3.SaleEventProducer - Sent sale event: SaleEvent{book_id=1, country_id=3, price=898.4291260779754, quantity=3, timestamp=1778599771013}
[kafka-producer-network-thread | producer-1] INFO is.project3.SaleEventProducer - Sent sale event: SaleEvent{book_id=3, country_id=3, price=82.96972697697348, quantity=5, timestamp=1778599771064}
[kafka-producer-network-thread | producer-1] INFO is.project3.SaleEventProducer - Sent sale event: SaleEvent{book_id=3, country_id=4, price=77.63219199860923, quantity=7, timestamp=1778599771114}
[kafka-producer-network-thread | producer-1] INFO is.project3.SaleEventProducer - Sent sale event: SaleEvent{book_id=2, country_id=5, price=28.716076409680955, quantity=1, timestamp=1778599771165}
[kafka-producer-network-thread | producer-1] INFO is.project3.SaleEventProducer - Sent sale event: SaleEvent{book_id=5, country_id=3, price=10.430618138443906, quantity=8, timestamp=1778599771216}
[kafka-producer-network-thread | producer-1] INFO is.project3.SaleEventProducer - Sent sale event: SaleEvent{book_id=3, country_id=2, price=75.19492005454026, quantity=9, timestamp=1778599771266}
[kafka-producer-network-thread | producer-1] INFO is.project3.SaleEventProducer - Sent sale event: SaleEvent{book_id=5, country_id=2, price=9.802525159691236, quantity=4, timestamp=1778599771316}
[kafka-producer-network-thread | producer-1] INFO is.project3.SaleEventProducer - Sent sale event: SaleEvent{book_id=5, country_id=1, price=9.310048086361942, quantity=6, timestamp=1778599771367}
[kafka-producer-network-thread | producer-1] INFO is.project3.SaleEventProducer - Sent sale event: SaleEvent{book_id=2, country_id=2, price=32.006889322796205, quantity=8, timestamp=1778599771417}
[kafka-producer-network-thread | producer-1] INFO is.project3.SaleEventProducer - Sent sale event: SaleEvent{book_id=2, country_id=1, price=29.767456368958793, quantity=6, timestamp=1778599771468}
[kafka-producer-network-thread | producer-1] INFO is.project3.SaleEventProducer - Sent sale event: SaleEvent{book_id=1, country_id=4, price=897.4625907368244, quantity=7, timestamp=1778599771518}
[kafka-producer-network-thread | producer-1] INFO is.project3.SaleEventProducer - Sent sale event: SaleEvent{book_id=2, country_id=5, price=29.50731500062361, quantity=1, timestamp=1778599771569}
[kafka-producer-network-thread | producer-1] INFO is.project3.SaleEventProducer - Sent sale event: SaleEvent{book_id=4, country_id=2, price=328.1038816454179, quantity=7, timestamp=1778599771619}
[kafka-producer-network-thread | producer-1] INFO is.project3.SaleEventProducer - Sent sale event: SaleEvent{book_id=1, country_id=3, price=818.998040323779, quantity=3, timestamp=1778599771670}
[kafka-producer-network-thread | producer-1] INFO is.project3.SaleEventProducer - Sent sale event: SaleEvent{book_id=2, country_id=3, price=29.792622626056694, quantity=3, timestamp=1778599771720}
[kafka-producer-network-thread | producer-1] INFO is.project3.SaleEventProducer - Sent sale event: SaleEvent{book_id=1, country_id=3, price=901.2838623037522, quantity=9, timestamp=1778599771770}
[kafka-producer-network-thread | producer-1] INFO is.project3.SaleEventProducer - Sent sale event: SaleEvent{book_id=5, country_id=1, price=10.533572199165803, quantity=9, timestamp=1778599771820}
[kafka-producer-network-thread | producer-1] INFO is.project3.SaleEventProducer - Sent sale event: SaleEvent{book_id=4, country_id=2, price=299.8195929240902, quantity=9, timestamp=1778599771871}
[kafka-producer-network-thread | producer-1] INFO is.project3.SaleEventProducer - Sent sale event: SaleEvent{book_id=4, country_id=3, price=284.04775487151636, quantity=9, timestamp=1778599771921}
[kafka-producer-network-thread | producer-1] INFO is.project3.SaleEventProducer - Sent sale event: SaleEvent{book_id=3, country_id=2, price=81.47767681095003, quantity=8, timestamp=1778599771971}
[kafka-producer-network-thread | producer-1] INFO is.project3.SaleEventProducer - Sent sale event: SaleEvent{book_id=3, country_id=3, price=87.90224007074332, quantity=9, timestamp=1778599772022}
[kafka-producer-network-thread | producer-1] INFO is.project3.SaleEventProducer - Sent sale event: SaleEvent{book_id=3, country_id=2, price=73.69011991558033, quantity=6, timestamp=1778599772072}
[kafka-producer-network-thread | producer-1] INFO is.project3.SaleEventProducer - Sent sale event: SaleEvent{book_id=3, country_id=3, price=85.61463224340237, quantity=9, timestamp=1778599772122}
[kafka-producer-network-thread | producer-1] INFO is.project3.SaleEventProducer - Sent sale event: SaleEvent{book_id=4, country_id=1, price=326.8377201120494, quantity=2, timestamp=1778599772173}
[kafka-producer-network-thread | producer-1] INFO is.project3.SaleEventProducer - Sent sale event: SaleEvent{book_id=2, country_id=5, price=29.118882255240795, quantity=5, timestamp=1778599772223}
[kafka-producer-network-thread | producer-1] INFO is.project3.SaleEventProducer - Sent sale event: SaleEvent{book_id=2, country_id=4, price=30.823964295178342, quantity=8, timestamp=1778599772274}
[kafka-producer-network-thread | producer-1] INFO is.project3.SaleEventProducer - Sent sale event: SaleEvent{book_id=3, country_id=4, price=79.76863645414396, quantity=2, timestamp=1778599772324}
[kafka-producer-network-thread | producer-1] INFO is.project3.SaleEventProducer - Sent sale event: SaleEvent{book_id=2, country_id=3, price=31.1767862249058, quantity=10, timestamp=1778599772374}
[kafka-producer-network-thread | producer-1] INFO is.project3.SaleEventProducer - Sent sale event: SaleEvent{book_id=5, country_id=5, price=10.131702664709904, quantity=9, timestamp=1778599772425}
[kafka-producer-network-thread | producer-1] INFO is.project3.SaleEventProducer - Sent sale event: SaleEvent{book_id=2, country_id=4, price=28.933590182758675, quantity=5, timestamp=1778599772475}
[kafka-producer-network-thread | producer-1] INFO is.project3.SaleEventProducer - Sent sale event: SaleEvent{book_id=2, country_id=2, price=31.915416975107537, quantity=7, timestamp=1778599772526}
[kafka-producer-network-thread | producer-1] INFO is.project3.SaleEventProducer - Sent sale event: SaleEvent{book_id=2, country_id=2, price=29.368256701211592, quantity=7, timestamp=1778599772576}
[kafka-producer-network-thread | producer-1] INFO is.project3.SaleEventProducer - Sent sale event: SaleEvent{book_id=2, country_id=4, price=29.513682395784084, quantity=10, timestamp=1778599772627}
[kafka-producer-network-thread | producer-1] INFO is.project3.SaleEventProducer - Sent sale event: SaleEvent{book_id=5, country_id=3, price=10.494457058665496, quantity=5, timestamp=1778599772677}
[kafka-producer-network-thread | producer-1] INFO is.project3.SaleEventProducer - Sent sale event: SaleEvent{book_id=3, country_id=2, price=73.56435095651327, quantity=6, timestamp=1778599772728}
[kafka-producer-network-thread | producer-1] INFO is.project3.SaleEventProducer - Sent sale event: SaleEvent{book_id=1, country_id=1, price=828.057372963208, quantity=7, timestamp=1778599772778}
[kafka-producer-network-thread | producer-1] INFO is.project3.SaleEventProducer - Sent sale event: SaleEvent{book_id=4, country_id=4, price=279.7128822816728, quantity=3, timestamp=1778599772828}
[kafka-producer-network-thread | producer-1] INFO is.project3.SaleEventProducer - Sent sale event: SaleEvent{book_id=4, country_id=5, price=315.75494059992553, quantity=7, timestamp=1778599772879}
[kafka-producer-network-thread | producer-1] INFO is.project3.SaleEventProducer - Sent sale event: SaleEvent{book_id=5, country_id=3, price=10.30116675247795, quantity=9, timestamp=1778599772929}
[kafka-producer-network-thread | producer-1] INFO is.project3.SaleEventProducer - Sent sale event: SaleEvent{book_id=1, country_id=3, price=813.7875905523941, quantity=2, timestamp=1778599772979}
[kafka-producer-network-thread | producer-1] INFO is.project3.SaleEventProducer - Sent sale event: SaleEvent{book_id=1, country_id=1, price=818.8401507618337, quantity=10, timestamp=1778599773030}
[kafka-producer-network-thread | producer-1] INFO is.project3.SaleEventProducer - Sent sale event: SaleEvent{book_id=3, country_id=5, price=83.9861732214766, quantity=8, timestamp=1778599773080}
[kafka-producer-network-thread | producer-1] INFO is.project3.SaleEventProducer - Sent sale event: SaleEvent{book_id=1, country_id=3, price=857.6150474251616, quantity=4, timestamp=1778599773130}
[kafka-producer-network-thread | producer-1] INFO is.project3.SaleEventProducer - Sent sale event: SaleEvent{book_id=5, country_id=3, price=10.090753848024738, quantity=2, timestamp=1778599773181}
[kafka-producer-network-thread | producer-1] INFO is.project3.SaleEventProducer - Sent sale event: SaleEvent{book_id=3, country_id=5, price=78.06675395883767, quantity=8, timestamp=1778599773231}
[kafka-producer-network-thread | producer-1] INFO is.project3.SaleEventProducer - Sent sale event: SaleEvent{book_id=5, country_id=3, price=9.011369844737299, quantity=5, timestamp=1778599773282}
[kafka-producer-network-thread | producer-1] INFO is.project3.SaleEventProducer - Sent sale event: SaleEvent{book_id=4, country_id=5, price=307.4600460282617, quantity=5, timestamp=1778599773332}
[kafka-producer-network-thread | producer-1] INFO is.project3.SaleEventProducer - Sent sale event: SaleEvent{book_id=2, country_id=5, price=30.51984683397311, quantity=4, timestamp=1778599773383}
[kafka-producer-network-thread | producer-1] INFO is.project3.SaleEventProducer - Sent sale event: SaleEvent{book_id=4, country_id=2, price=328.3636312024619, quantity=6, timestamp=1778599773433}
[kafka-producer-network-thread | producer-1] INFO is.project3.SaleEventProducer - Sent sale event: SaleEvent{book_id=3, country_id=2, price=79.12785273135786, quantity=10, timestamp=1778599773484}
[kafka-producer-network-thread | producer-1] INFO is.project3.SaleEventProducer - Sent sale event: SaleEvent{book_id=2, country_id=5, price=30.460136183678323, quantity=5, timestamp=1778599773534}
[kafka-producer-network-thread | producer-1] INFO is.project3.SaleEventProducer - Sent sale event: SaleEvent{book_id=1, country_id=5, price=883.4080923260854, quantity=4, timestamp=1778599773585}
[kafka-producer-network-thread | producer-1] INFO is.project3.SaleEventProducer - Sent sale event: SaleEvent{book_id=5, country_id=1, price=10.868084909104077, quantity=7, timestamp=1778599773635}
[kafka-producer-network-thread | producer-1] INFO is.project3.SaleEventProducer - Sent sale event: SaleEvent{book_id=5, country_id=4, price=10.98868362139098, quantity=6, timestamp=1778599773685}
[kafka-producer-network-thread | producer-1] INFO is.project3.SaleEventProducer - Sent sale event: SaleEvent{book_id=2, country_id=5, price=30.082456134058578, quantity=6, timestamp=1778599773735}
[kafka-producer-network-thread | producer-1] INFO is.project3.SaleEventProducer - Sent sale event: SaleEvent{book_id=5, country_id=4, price=10.601596492512789, quantity=7, timestamp=1778599773786}
[kafka-producer-network-thread | producer-1] INFO is.project3.SaleEventProducer - Sent sale event: SaleEvent{book_id=1, country_id=3, price=888.8695007934353, quantity=4, timestamp=1778599773836}
[kafka-producer-network-thread | producer-1] INFO is.project3.SaleEventProducer - Sent sale event: SaleEvent{book_id=5, country_id=3, price=10.161272331130073, quantity=7, timestamp=1778599773887}
[kafka-producer-network-thread | producer-1] INFO is.project3.SaleEventProducer - Sent sale event: SaleEvent{book_id=2, country_id=5, price=31.500934304966595, quantity=4, timestamp=1778599773937}
[kafka-producer-network-thread | producer-1] INFO is.project3.SaleEventProducer - Sent sale event: SaleEvent{book_id=5, country_id=2, price=9.73764707986308, quantity=5, timestamp=1778599773987}
[kafka-producer-network-thread | producer-1] INFO is.project3.SaleEventProducer - Sent sale event: SaleEvent{book_id=1, country_id=1, price=983.9671129346895, quantity=2, timestamp=1778599774038}
[kafka-producer-network-thread | producer-1] INFO is.project3.SaleEventProducer - Sent sale event: SaleEvent{book_id=5, country_id=5, price=10.142846902694004, quantity=2, timestamp=1778599774088}
[kafka-producer-network-thread | producer-1] INFO is.project3.SaleEventProducer - Sent sale event: SaleEvent{book_id=5, country_id=2, price=10.192409316109067, quantity=9, timestamp=1778599774139}
[kafka-producer-network-thread | producer-1] INFO is.project3.SaleEventProducer - Sent sale event: SaleEvent{book_id=3, country_id=4, price=78.32126553765508, quantity=7, timestamp=1778599774189}
[kafka-producer-network-thread | producer-1] INFO is.project3.SaleEventProducer - Sent sale event: SaleEvent{book_id=3, country_id=4, price=86.0179530564266, quantity=5, timestamp=1778599774240}
[kafka-producer-network-thread | producer-1] INFO is.project3.SaleEventProducer - Sent sale event: SaleEvent{book_id=3, country_id=3, price=78.34213767901336, quantity=8, timestamp=1778599774290}
[kafka-producer-network-thread | producer-1] INFO is.project3.SaleEventProducer - Sent sale event: SaleEvent{book_id=2, country_id=3, price=28.495354999454158, quantity=3, timestamp=1778599774341}
[kafka-producer-network-thread | producer-1] INFO is.project3.SaleEventProducer - Sent sale event: SaleEvent{book_id=2, country_id=3, price=27.478064690521304, quantity=8, timestamp=1778599774391}
[kafka-producer-network-thread | producer-1] INFO is.project3.SaleEventProducer - Sent sale event: SaleEvent{book_id=2, country_id=4, price=31.84553177168066, quantity=5, timestamp=1778599774441}
[kafka-producer-network-thread | producer-1] INFO is.project3.SaleEventProducer - Sent sale event: SaleEvent{book_id=1, country_id=3, price=954.5161577043035, quantity=8, timestamp=1778599774492}
[kafka-producer-network-thread | producer-1] INFO is.project3.SaleEventProducer - Sent sale event: SaleEvent{book_id=5, country_id=5, price=9.566710290686414, quantity=5, timestamp=1778599774542}
[kafka-producer-network-thread | producer-1] INFO is.project3.SaleEventProducer - Sent sale event: SaleEvent{book_id=5, country_id=4, price=10.116254920061108, quantity=2, timestamp=1778599774593}
[kafka-producer-network-thread | producer-1] INFO is.project3.SaleEventProducer - Sent sale event: SaleEvent{book_id=2, country_id=4, price=31.514953765523476, quantity=5, timestamp=1778599774643}
[kafka-producer-network-thread | producer-1] INFO is.project3.SaleEventProducer - Sent sale event: SaleEvent{book_id=5, country_id=3, price=10.127337153230469, quantity=6, timestamp=1778599774693}
[kafka-producer-network-thread | producer-1] INFO is.project3.SaleEventProducer - Sent sale event: SaleEvent{book_id=4, country_id=1, price=318.53660327836457, quantity=10, timestamp=1778599774744}
[kafka-producer-network-thread | producer-1] INFO is.project3.SaleEventProducer - Sent sale event: SaleEvent{book_id=5, country_id=4, price=10.694205652640845, quantity=5, timestamp=1778599774794}
[kafka-producer-network-thread | producer-1] INFO is.project3.SaleEventProducer - Sent sale event: SaleEvent{book_id=4, country_id=5, price=298.55258470101626, quantity=9, timestamp=1778599774844}
[kafka-producer-network-thread | producer-1] INFO is.project3.SaleEventProducer - Sent sale event: SaleEvent{book_id=1, country_id=1, price=932.6171245514752, quantity=7, timestamp=1778599774895}
[kafka-producer-network-thread | producer-1] INFO is.project3.SaleEventProducer - Sent sale event: SaleEvent{book_id=4, country_id=3, price=328.6308409845856, quantity=8, timestamp=1778599774945}
[kafka-producer-network-thread | producer-1] INFO is.project3.SaleEventProducer - Sent sale event: SaleEvent{book_id=5, country_id=1, price=10.502427491470687, quantity=9, timestamp=1778599774996}
[kafka-producer-network-thread | producer-1] INFO is.project3.SaleEventProducer - Sent sale event: SaleEvent{book_id=5, country_id=1, price=9.246845064738773, quantity=2, timestamp=1778599775046}
[kafka-producer-network-thread | producer-1] INFO is.project3.SaleEventProducer - Sent sale event: SaleEvent{book_id=5, country_id=5, price=10.206266343932482, quantity=5, timestamp=1778599775097}
[kafka-producer-network-thread | producer-1] INFO is.project3.SaleEventProducer - Sent sale event: SaleEvent{book_id=1, country_id=3, price=971.7191066737485, quantity=5, timestamp=1778599775147}
[kafka-producer-network-thread | producer-1] INFO is.project3.SaleEventProducer - Sent sale event: SaleEvent{book_id=4, country_id=1, price=309.37922042346565, quantity=3, timestamp=1778599775197}
[kafka-producer-network-thread | producer-1] INFO is.project3.SaleEventProducer - Sent sale event: SaleEvent{book_id=5, country_id=4, price=9.851744412248634, quantity=6, timestamp=1778599775248}
[kafka-producer-network-thread | producer-1] INFO is.project3.SaleEventProducer - Sent sale event: SaleEvent{book_id=1, country_id=4, price=930.5434018073914, quantity=2, timestamp=1778599775298}
[kafka-producer-network-thread | producer-1] INFO is.project3.SaleEventProducer - Sent sale event: SaleEvent{book_id=5, country_id=3, price=10.712407912313667, quantity=10, timestamp=1778599775349}
[kafka-producer-network-thread | producer-1] INFO is.project3.SaleEventProducer - Sent sale event: SaleEvent{book_id=2, country_id=5, price=27.533473813732975, quantity=2, timestamp=1778599775399}
[kafka-producer-network-thread | producer-1] INFO is.project3.SaleEventProducer - Sent sale event: SaleEvent{book_id=3, country_id=3, price=84.28307881140849, quantity=10, timestamp=1778599775449}
[kafka-producer-network-thread | producer-1] INFO is.project3.SaleEventProducer - Sent sale event: SaleEvent{book_id=3, country_id=1, price=74.22890089454091, quantity=6, timestamp=1778599775500}
[kafka-producer-network-thread | producer-1] INFO is.project3.SaleEventProducer - Sent sale event: SaleEvent{book_id=1, country_id=3, price=943.7032915574107, quantity=10, timestamp=1778599775550}
[kafka-producer-network-thread | producer-1] INFO is.project3.SaleEventProducer - Sent sale event: SaleEvent{book_id=2, country_id=4, price=31.902083840856776, quantity=8, timestamp=1778599775600}
[kafka-producer-network-thread | producer-1] INFO is.project3.SaleEventProducer - Sent sale event: SaleEvent{book_id=2, country_id=2, price=31.549829884960364, quantity=4, timestamp=1778599775651}
[kafka-producer-network-thread | producer-1] INFO is.project3.SaleEventProducer - Sent sale event: SaleEvent{book_id=1, country_id=3, price=830.6114245049639, quantity=7, timestamp=1778599775701}
[kafka-producer-network-thread | producer-1] INFO is.project3.SaleEventProducer - Sent sale event: SaleEvent{book_id=3, country_id=1, price=79.47267093442568, quantity=7, timestamp=1778599775751}
[kafka-producer-network-thread | producer-1] INFO is.project3.SaleEventProducer - Sent sale event: SaleEvent{book_id=4, country_id=5, price=306.0974754508857, quantity=7, timestamp=1778599775802}
[kafka-producer-network-thread | producer-1] INFO is.project3.SaleEventProducer - Sent sale event: SaleEvent{book_id=3, country_id=2, price=74.75035312487982, quantity=10, timestamp=1778599775852}
[kafka-producer-network-thread | producer-1] INFO is.project3.SaleEventProducer - Sent sale event: SaleEvent{book_id=5, country_id=1, price=10.65539261618415, quantity=10, timestamp=1778599775902}
[kafka-producer-network-thread | producer-1] INFO is.project3.SaleEventProducer - Sent sale event: SaleEvent{book_id=2, country_id=3, price=29.343043281456552, quantity=2, timestamp=1778599775953}
[kafka-producer-network-thread | producer-1] INFO is.project3.SaleEventProducer - Sent sale event: SaleEvent{book_id=3, country_id=3, price=77.1930583223698, quantity=9, timestamp=1778599776003}
[kafka-producer-network-thread | producer-1] INFO is.project3.SaleEventProducer - Sent sale event: SaleEvent{book_id=3, country_id=1, price=82.37616893339603, quantity=2, timestamp=1778599776053}
[kafka-producer-network-thread | producer-1] INFO is.project3.SaleEventProducer - Sent sale event: SaleEvent{book_id=3, country_id=1, price=79.78733953417766, quantity=1, timestamp=1778599776104}
[kafka-producer-network-thread | producer-1] INFO is.project3.SaleEventProducer - Sent sale event: SaleEvent{book_id=2, country_id=5, price=31.564991151131803, quantity=8, timestamp=1778599776154}
[kafka-producer-network-thread | producer-1] INFO is.project3.SaleEventProducer - Sent sale event: SaleEvent{book_id=1, country_id=5, price=909.6934693876366, quantity=3, timestamp=1778599776204}
[kafka-producer-network-thread | producer-1] INFO is.project3.SaleEventProducer - Sent sale event: SaleEvent{book_id=1, country_id=3, price=888.8383774945399, quantity=8, timestamp=1778599776254}
[kafka-producer-network-thread | producer-1] INFO is.project3.SaleEventProducer - Sent sale event: SaleEvent{book_id=5, country_id=1, price=9.608555189105454, quantity=1, timestamp=1778599776305}
[kafka-producer-network-thread | producer-1] INFO is.project3.SaleEventProducer - Sent sale event: SaleEvent{book_id=1, country_id=5, price=935.6754792381535, quantity=5, timestamp=1778599776355}
[kafka-producer-network-thread | producer-1] INFO is.project3.SaleEventProducer - Sent sale event: SaleEvent{book_id=4, country_id=2, price=308.3136519278794, quantity=9, timestamp=1778599776406}
[kafka-producer-network-thread | producer-1] INFO is.project3.SaleEventProducer - Sent sale event: SaleEvent{book_id=5, country_id=4, price=10.384437135978597, quantity=10, timestamp=1778599776456}
[kafka-producer-network-thread | producer-1] INFO is.project3.SaleEventProducer - Sent sale event: SaleEvent{book_id=2, country_id=3, price=27.712686883134467, quantity=1, timestamp=1778599776507}
[kafka-producer-network-thread | producer-1] INFO is.project3.SaleEventProducer - Sent sale event: SaleEvent{book_id=1, country_id=5, price=907.8852788163987, quantity=10, timestamp=1778599776557}
[kafka-producer-network-thread | producer-1] INFO is.project3.SaleEventProducer - Sent sale event: SaleEvent{book_id=3, country_id=3, price=77.64671202178283, quantity=5, timestamp=1778599776608}
[kafka-producer-network-thread | producer-1] INFO is.project3.SaleEventProducer - Sent sale event: SaleEvent{book_id=5, country_id=5, price=10.488100771657642, quantity=4, timestamp=1778599776658}
[kafka-producer-network-thread | producer-1] INFO is.project3.SaleEventProducer - Sent sale event: SaleEvent{book_id=2, country_id=5, price=30.410244305908844, quantity=1, timestamp=1778599776708}
[kafka-producer-network-thread | producer-1] INFO is.project3.SaleEventProducer - Sent sale event: SaleEvent{book_id=5, country_id=2, price=10.532164204987778, quantity=3, timestamp=1778599776759}
[kafka-producer-network-thread | producer-1] INFO is.project3.SaleEventProducer - Sent sale event: SaleEvent{book_id=1, country_id=5, price=954.8251382472052, quantity=4, timestamp=1778599776809}
[kafka-producer-network-thread | producer-1] INFO is.project3.SaleEventProducer - Sent sale event: SaleEvent{book_id=3, country_id=5, price=85.46832824044621, quantity=8, timestamp=1778599776860}
[kafka-producer-network-thread | producer-1] INFO is.project3.SaleEventProducer - Sent sale event: SaleEvent{book_id=4, country_id=3, price=327.86334222857187, quantity=9, timestamp=1778599776911}
[kafka-producer-network-thread | producer-1] INFO is.project3.SaleEventProducer - Sent sale event: SaleEvent{book_id=4, country_id=2, price=309.0419849387187, quantity=4, timestamp=1778599776961}
[kafka-producer-network-thread | producer-1] INFO is.project3.SaleEventProducer - Sent sale event: SaleEvent{book_id=2, country_id=2, price=28.567165896101773, quantity=3, timestamp=1778599777012}
[kafka-producer-network-thread | producer-1] INFO is.project3.SaleEventProducer - Sent sale event: SaleEvent{book_id=3, country_id=3, price=74.83738223081774, quantity=7, timestamp=1778599777062}
[kafka-producer-network-thread | producer-1] INFO is.project3.SaleEventProducer - Sent sale event: SaleEvent{book_id=3, country_id=5, price=75.42158109530784, quantity=1, timestamp=1778599777112}
[kafka-producer-network-thread | producer-1] INFO is.project3.SaleEventProducer - Sent sale event: SaleEvent{book_id=4, country_id=5, price=308.1726924449448, quantity=6, timestamp=1778599777163}
[kafka-producer-network-thread | producer-1] INFO is.project3.SaleEventProducer - Sent sale event: SaleEvent{book_id=1, country_id=4, price=855.9790286336631, quantity=3, timestamp=1778599777213}
[kafka-producer-network-thread | producer-1] INFO is.project3.SaleEventProducer - Sent sale event: SaleEvent{book_id=4, country_id=3, price=303.82580347762286, quantity=9, timestamp=1778599777264}
[kafka-producer-network-thread | producer-1] INFO is.project3.SaleEventProducer - Sent sale event: SaleEvent{book_id=5, country_id=4, price=10.51032653000532, quantity=4, timestamp=1778599777314}
[kafka-producer-network-thread | producer-1] INFO is.project3.SaleEventProducer - Sent sale event: SaleEvent{book_id=5, country_id=1, price=9.49506491413116, quantity=4, timestamp=1778599777365}
[kafka-producer-network-thread | producer-1] INFO is.project3.SaleEventProducer - Sent sale event: SaleEvent{book_id=4, country_id=2, price=329.60213909523617, quantity=6, timestamp=1778599777415}
[kafka-producer-network-thread | producer-1] INFO is.project3.SaleEventProducer - Sent sale event: SaleEvent{book_id=4, country_id=5, price=306.0977569953595, quantity=7, timestamp=1778599777466}
[kafka-producer-network-thread | producer-1] INFO is.project3.SaleEventProducer - Sent sale event: SaleEvent{book_id=5, country_id=5, price=10.911419351603328, quantity=10, timestamp=1778599777516}
[kafka-producer-network-thread | producer-1] INFO is.project3.SaleEventProducer - Sent sale event: SaleEvent{book_id=4, country_id=4, price=291.44898964869907, quantity=1, timestamp=1778599777567}
[kafka-producer-network-thread | producer-1] INFO is.project3.SaleEventProducer - Sent sale event: SaleEvent{book_id=1, country_id=3, price=836.7653505813541, quantity=10, timestamp=1778599777617}
[kafka-producer-network-thread | producer-1] INFO is.project3.SaleEventProducer - Sent sale event: SaleEvent{book_id=3, country_id=1, price=81.47960408416785, quantity=2, timestamp=1778599777668}
[kafka-producer-network-thread | producer-1] INFO is.project3.SaleEventProducer - Sent sale event: SaleEvent{book_id=5, country_id=3, price=10.79986502987335, quantity=4, timestamp=1778599777718}
[kafka-producer-network-thread | producer-1] INFO is.project3.SaleEventProducer - Sent sale event: SaleEvent{book_id=4, country_id=2, price=275.4638122736948, quantity=10, timestamp=1778599777768}
[kafka-producer-network-thread | producer-1] INFO is.project3.SaleEventProducer - Sent sale event: SaleEvent{book_id=4, country_id=4, price=297.32792220411363, quantity=5, timestamp=1778599777819}
[kafka-producer-network-thread | producer-1] INFO is.project3.SaleEventProducer - Sent sale event: SaleEvent{book_id=3, country_id=2, price=84.85725982959025, quantity=4, timestamp=1778599777869}
[kafka-producer-network-thread | producer-1] INFO is.project3.SaleEventProducer - Sent sale event: SaleEvent{book_id=2, country_id=2, price=31.72205804824885, quantity=4, timestamp=1778599777919}
[kafka-producer-network-thread | producer-1] INFO is.project3.SaleEventProducer - Sent sale event: SaleEvent{book_id=4, country_id=2, price=321.17989911491657, quantity=7, timestamp=1778599777970}
[kafka-producer-network-thread | producer-1] INFO is.project3.SaleEventProducer - Sent sale event: SaleEvent{book_id=1, country_id=3, price=858.247627157862, quantity=4, timestamp=1778599778020}
[kafka-producer-network-thread | producer-1] INFO is.project3.SaleEventProducer - Sent sale event: SaleEvent{book_id=3, country_id=4, price=81.03816797564973, quantity=3, timestamp=1778599778070}
[kafka-producer-network-thread | producer-1] INFO is.project3.SaleEventProducer - Sent sale event: SaleEvent{book_id=1, country_id=1, price=851.5200411244474, quantity=7, timestamp=1778599778121}
[kafka-producer-network-thread | producer-1] INFO is.project3.SaleEventProducer - Sent sale event: SaleEvent{book_id=5, country_id=1, price=9.194369312792492, quantity=1, timestamp=1778599778171}
[kafka-producer-network-thread | producer-1] INFO is.project3.SaleEventProducer - Sent sale event: SaleEvent{book_id=2, country_id=3, price=29.366621632483092, quantity=6, timestamp=1778599778221}
[kafka-producer-network-thread | producer-1] INFO is.project3.SaleEventProducer - Sent sale event: SaleEvent{book_id=2, country_id=4, price=28.376837269497297, quantity=2, timestamp=1778599778272}
[kafka-producer-network-thread | producer-1] INFO is.project3.SaleEventProducer - Sent sale event: SaleEvent{book_id=2, country_id=3, price=28.872641701003552, quantity=6, timestamp=1778599778322}
[kafka-producer-network-thread | producer-1] INFO is.project3.SaleEventProducer - Sent sale event: SaleEvent{book_id=4, country_id=3, price=328.8574514779522, quantity=8, timestamp=1778599778372}
[kafka-producer-network-thread | producer-1] INFO is.project3.SaleEventProducer - Sent sale event: SaleEvent{book_id=5, country_id=3, price=9.993714708024179, quantity=7, timestamp=1778599778422}
[kafka-producer-network-thread | producer-1] INFO is.project3.SaleEventProducer - Sent sale event: SaleEvent{book_id=1, country_id=5, price=976.1906647686018, quantity=5, timestamp=1778599778473}
[kafka-producer-network-thread | producer-1] INFO is.project3.SaleEventProducer - Sent sale event: SaleEvent{book_id=5, country_id=2, price=10.704219915019467, quantity=9, timestamp=1778599778523}
[kafka-producer-network-thread | producer-1] INFO is.project3.SaleEventProducer - Sent sale event: SaleEvent{book_id=1, country_id=5, price=854.8666502838281, quantity=9, timestamp=1778599778573}
[kafka-producer-network-thread | producer-1] INFO is.project3.SaleEventProducer - Sent sale event: SaleEvent{book_id=1, country_id=1, price=884.5257013115748, quantity=6, timestamp=1778599778624}
[kafka-producer-network-thread | producer-1] INFO is.project3.SaleEventProducer - Sent sale event: SaleEvent{book_id=5, country_id=5, price=9.898492173857852, quantity=6, timestamp=1778599778674}
[kafka-producer-network-thread | producer-1] INFO is.project3.SaleEventProducer - Sent sale event: SaleEvent{book_id=5, country_id=1, price=10.75143832026386, quantity=7, timestamp=1778599778724}
[kafka-producer-network-thread | producer-1] INFO is.project3.SaleEventProducer - Sent sale event: SaleEvent{book_id=4, country_id=1, price=284.8113257261487, quantity=2, timestamp=1778599778775}
[kafka-producer-network-thread | producer-1] INFO is.project3.SaleEventProducer - Sent sale event: SaleEvent{book_id=1, country_id=1, price=931.3880506873713, quantity=2, timestamp=1778599778825}
[kafka-producer-network-thread | producer-1] INFO is.project3.SaleEventProducer - Sent sale event: SaleEvent{book_id=3, country_id=2, price=86.3525872387548, quantity=8, timestamp=1778599778876}
[kafka-producer-network-thread | producer-1] INFO is.project3.SaleEventProducer - Sent sale event: SaleEvent{book_id=5, country_id=1, price=9.568828753791879, quantity=3, timestamp=1778599778926}
[kafka-producer-network-thread | producer-1] INFO is.project3.SaleEventProducer - Sent sale event: SaleEvent{book_id=5, country_id=2, price=10.57153204029017, quantity=2, timestamp=1778599778976}
[kafka-producer-network-thread | producer-1] INFO is.project3.SaleEventProducer - Sent sale event: SaleEvent{book_id=3, country_id=1, price=85.81764816000505, quantity=3, timestamp=1778599779026}
[kafka-producer-network-thread | producer-1] INFO is.project3.SaleEventProducer - Sent sale event: SaleEvent{book_id=1, country_id=3, price=831.3038610014544, quantity=2, timestamp=1778599779077}
[kafka-producer-network-thread | producer-1] INFO is.project3.SaleEventProducer - Sent sale event: SaleEvent{book_id=3, country_id=1, price=75.51814318424498, quantity=9, timestamp=1778599779127}
[kafka-producer-network-thread | producer-1] INFO is.project3.SaleEventProducer - Sent sale event: SaleEvent{book_id=1, country_id=1, price=927.5682991607774, quantity=8, timestamp=1778599779178}
[kafka-producer-network-thread | producer-1] INFO is.project3.SaleEventProducer - Sent sale event: SaleEvent{book_id=4, country_id=1, price=273.0254456854219, quantity=4, timestamp=1778599779228}
[kafka-producer-network-thread | producer-1] INFO is.project3.SaleEventProducer - Sent sale event: SaleEvent{book_id=1, country_id=1, price=914.7685214224196, quantity=10, timestamp=1778599779278}
[kafka-producer-network-thread | producer-1] INFO is.project3.SaleEventProducer - Sent sale event: SaleEvent{book_id=2, country_id=3, price=32.52511307359381, quantity=3, timestamp=1778599779328}
[kafka-producer-network-thread | producer-1] INFO is.project3.SaleEventProducer - Sent sale event: SaleEvent{book_id=4, country_id=3, price=294.31678131461615, quantity=6, timestamp=1778599779379}
[kafka-producer-network-thread | producer-1] INFO is.project3.SaleEventProducer - Sent sale event: SaleEvent{book_id=1, country_id=3, price=894.6602384064846, quantity=2, timestamp=1778599779429}
[kafka-producer-network-thread | producer-1] INFO is.project3.SaleEventProducer - Sent sale event: SaleEvent{book_id=5, country_id=3, price=9.052186081861489, quantity=3, timestamp=1778599779480}
[kafka-producer-network-thread | producer-1] INFO is.project3.SaleEventProducer - Sent sale event: SaleEvent{book_id=5, country_id=3, price=9.851351101932192, quantity=5, timestamp=1778599779530}
[kafka-producer-network-thread | producer-1] INFO is.project3.SaleEventProducer - Sent sale event: SaleEvent{book_id=5, country_id=3, price=10.573207494115321, quantity=4, timestamp=1778599779581}
[kafka-producer-network-thread | producer-1] INFO is.project3.SaleEventProducer - Sent sale event: SaleEvent{book_id=2, country_id=4, price=27.93615568403445, quantity=10, timestamp=1778599779631}
[kafka-producer-network-thread | producer-1] INFO is.project3.SaleEventProducer - Sent sale event: SaleEvent{book_id=2, country_id=4, price=32.65856582884293, quantity=9, timestamp=1778599779682}
[kafka-producer-network-thread | producer-1] INFO is.project3.SaleEventProducer - Sent sale event: SaleEvent{book_id=2, country_id=3, price=28.229307550894294, quantity=3, timestamp=1778599779732}
[kafka-producer-network-thread | producer-1] INFO is.project3.SaleEventProducer - Sent sale event: SaleEvent{book_id=3, country_id=4, price=84.70709614737916, quantity=2, timestamp=1778599779783}
[kafka-producer-network-thread | producer-1] INFO is.project3.SaleEventProducer - Sent sale event: SaleEvent{book_id=2, country_id=1, price=27.368072197174712, quantity=4, timestamp=1778599779833}
[kafka-producer-network-thread | producer-1] INFO is.project3.SaleEventProducer - Sent sale event: SaleEvent{book_id=4, country_id=5, price=275.54732901433323, quantity=10, timestamp=1778599779883}
[kafka-producer-network-thread | producer-1] INFO is.project3.SaleEventProducer - Sent sale event: SaleEvent{book_id=3, country_id=2, price=79.98505420005243, quantity=3, timestamp=1778599779933}
[kafka-producer-network-thread | producer-1] INFO is.project3.SaleEventProducer - Sent sale event: SaleEvent{book_id=4, country_id=3, price=286.0107380327711, quantity=9, timestamp=1778599779984}
[kafka-producer-network-thread | producer-1] INFO is.project3.SaleEventProducer - Sent sale event: SaleEvent{book_id=5, country_id=4, price=10.343411146737369, quantity=8, timestamp=1778599780034}
[kafka-producer-network-thread | producer-1] INFO is.project3.SaleEventProducer - Sent sale event: SaleEvent{book_id=5, country_id=3, price=9.235519766005801, quantity=4, timestamp=1778599780084}
[kafka-producer-network-thread | producer-1] INFO is.project3.SaleEventProducer - Sent sale event: SaleEvent{book_id=3, country_id=2, price=84.18934857048052, quantity=2, timestamp=1778599780135}
[kafka-producer-network-thread | producer-1] INFO is.project3.SaleEventProducer - Sent sale event: SaleEvent{book_id=2, country_id=2, price=29.574063742135554, quantity=8, timestamp=1778599780185}
[kafka-producer-network-thread | producer-1] INFO is.project3.SaleEventProducer - Sent sale event: SaleEvent{book_id=2, country_id=2, price=31.340774114174685, quantity=10, timestamp=1778599780236}
[kafka-producer-network-thread | producer-1] INFO is.project3.SaleEventProducer - Sent sale event: SaleEvent{book_id=2, country_id=3, price=32.826532775123134, quantity=9, timestamp=1778599780286}
[kafka-producer-network-thread | producer-1] INFO is.project3.SaleEventProducer - Sent sale event: SaleEvent{book_id=5, country_id=5, price=10.071627949802833, quantity=2, timestamp=1778599780337}
[kafka-producer-network-thread | producer-1] INFO is.project3.SaleEventProducer - Sent sale event: SaleEvent{book_id=5, country_id=5, price=10.835746282926756, quantity=4, timestamp=1778599780387}
[kafka-producer-network-thread | producer-1] INFO is.project3.SaleEventProducer - Sent sale event: SaleEvent{book_id=3, country_id=4, price=72.69895265170815, quantity=9, timestamp=1778599780437}
[kafka-producer-network-thread | producer-1] INFO is.project3.SaleEventProducer - Sent sale event: SaleEvent{book_id=1, country_id=2, price=896.8586671101302, quantity=1, timestamp=1778599780487}
[kafka-producer-network-thread | producer-1] INFO is.project3.SaleEventProducer - Sent sale event: SaleEvent{book_id=5, country_id=3, price=10.786209309471975, quantity=7, timestamp=1778599780538}
[kafka-producer-network-thread | producer-1] INFO is.project3.SaleEventProducer - Sent sale event: SaleEvent{book_id=5, country_id=4, price=9.148300098770388, quantity=2, timestamp=1778599780588}
[kafka-producer-network-thread | producer-1] INFO is.project3.SaleEventProducer - Sent sale event: SaleEvent{book_id=2, country_id=1, price=31.716071903920227, quantity=4, timestamp=1778599780638}
[kafka-producer-network-thread | producer-1] INFO is.project3.SaleEventProducer - Sent sale event: SaleEvent{book_id=4, country_id=1, price=316.02494017429876, quantity=10, timestamp=1778599780689}
[kafka-producer-network-thread | producer-1] INFO is.project3.SaleEventProducer - Sent sale event: SaleEvent{book_id=4, country_id=4, price=295.660750770034, quantity=9, timestamp=1778599780739}
[kafka-producer-network-thread | producer-1] INFO is.project3.SaleEventProducer - Sent sale event: SaleEvent{book_id=1, country_id=5, price=838.4028538300796, quantity=10, timestamp=1778599780790}
[kafka-producer-network-thread | producer-1] INFO is.project3.SaleEventProducer - Sent sale event: SaleEvent{book_id=4, country_id=3, price=273.99248640313016, quantity=6, timestamp=1778599780840}
[kafka-producer-network-thread | producer-1] INFO is.project3.SaleEventProducer - Sent sale event: SaleEvent{book_id=3, country_id=2, price=84.09748068247411, quantity=5, timestamp=1778599780890}
[kafka-producer-network-thread | producer-1] INFO is.project3.SaleEventProducer - Sent sale event: SaleEvent{book_id=4, country_id=1, price=275.13249513434704, quantity=5, timestamp=1778599780940}
[kafka-producer-network-thread | producer-1] INFO is.project3.SaleEventProducer - Sent sale event: SaleEvent{book_id=4, country_id=4, price=307.184017345231, quantity=1, timestamp=1778599780991}
[kafka-producer-network-thread | producer-1] INFO is.project3.SaleEventProducer - Sent sale event: SaleEvent{book_id=5, country_id=5, price=10.074112438317544, quantity=4, timestamp=1778599781041}
[kafka-producer-network-thread | producer-1] INFO is.project3.SaleEventProducer - Sent sale event: SaleEvent{book_id=5, country_id=1, price=9.80018606798629, quantity=1, timestamp=1778599781091}
[kafka-producer-network-thread | producer-1] INFO is.project3.SaleEventProducer - Sent sale event: SaleEvent{book_id=2, country_id=1, price=30.301046891749575, quantity=4, timestamp=1778599781141}
[kafka-producer-network-thread | producer-1] INFO is.project3.SaleEventProducer - Sent sale event: SaleEvent{book_id=4, country_id=2, price=317.61126260652145, quantity=9, timestamp=1778599781192}
[kafka-producer-network-thread | producer-1] INFO is.project3.SaleEventProducer - Sent sale event: SaleEvent{book_id=2, country_id=2, price=28.87691781500141, quantity=5, timestamp=1778599781242}
[kafka-producer-network-thread | producer-1] INFO is.project3.SaleEventProducer - Sent sale event: SaleEvent{book_id=1, country_id=3, price=989.247296365978, quantity=5, timestamp=1778599781292}
[kafka-producer-network-thread | producer-1] INFO is.project3.SaleEventProducer - Sent sale event: SaleEvent{book_id=1, country_id=1, price=837.4062711599438, quantity=6, timestamp=1778599781343}
[kafka-producer-network-thread | producer-1] INFO is.project3.SaleEventProducer - Sent sale event: SaleEvent{book_id=3, country_id=2, price=79.37795642294748, quantity=10, timestamp=1778599781393}
[kafka-producer-network-thread | producer-1] INFO is.project3.SaleEventProducer - Sent sale event: SaleEvent{book_id=4, country_id=1, price=285.86051334470915, quantity=5, timestamp=1778599781444}
[kafka-producer-network-thread | producer-1] INFO is.project3.SaleEventProducer - Sent sale event: SaleEvent{book_id=1, country_id=1, price=850.3904371658986, quantity=6, timestamp=1778599781494}
[kafka-producer-network-thread | producer-1] INFO is.project3.SaleEventProducer - Sent sale event: SaleEvent{book_id=4, country_id=1, price=329.263527712226, quantity=5, timestamp=1778599781544}
[kafka-producer-network-thread | producer-1] INFO is.project3.SaleEventProducer - Sent sale event: SaleEvent{book_id=3, country_id=3, price=81.68039781418929, quantity=4, timestamp=1778599781595}
[kafka-producer-network-thread | producer-1] INFO is.project3.SaleEventProducer - Sent sale event: SaleEvent{book_id=2, country_id=5, price=28.65656961410245, quantity=9, timestamp=1778599781645}
[kafka-producer-network-thread | producer-1] INFO is.project3.SaleEventProducer - Sent sale event: SaleEvent{book_id=1, country_id=3, price=851.3203284334365, quantity=4, timestamp=1778599781695}
[kafka-producer-network-thread | producer-1] INFO is.project3.SaleEventProducer - Sent sale event: SaleEvent{book_id=2, country_id=2, price=27.901753183056123, quantity=5, timestamp=1778599781746}
[kafka-producer-network-thread | producer-1] INFO is.project3.SaleEventProducer - Sent sale event: SaleEvent{book_id=1, country_id=5, price=904.8053092647052, quantity=3, timestamp=1778599781796}
[kafka-producer-network-thread | producer-1] INFO is.project3.SaleEventProducer - Sent sale event: SaleEvent{book_id=1, country_id=1, price=834.3109430818635, quantity=1, timestamp=1778599781846}
[kafka-producer-network-thread | producer-1] INFO is.project3.SaleEventProducer - Sent sale event: SaleEvent{book_id=4, country_id=2, price=327.6542115892548, quantity=6, timestamp=1778599781897}
[kafka-producer-network-thread | producer-1] INFO is.project3.SaleEventProducer - Sent sale event: SaleEvent{book_id=5, country_id=1, price=9.905414712589318, quantity=6, timestamp=1778599781947}
[kafka-producer-network-thread | producer-1] INFO is.project3.SaleEventProducer - Sent sale event: SaleEvent{book_id=1, country_id=2, price=918.8619170980493, quantity=8, timestamp=1778599781997}
[kafka-producer-network-thread | producer-1] INFO is.project3.SaleEventProducer - Sent sale event: SaleEvent{book_id=4, country_id=1, price=287.4424725799328, quantity=8, timestamp=1778599782048}
[kafka-producer-network-thread | producer-1] INFO is.project3.SaleEventProducer - Sent sale event: SaleEvent{book_id=5, country_id=4, price=9.944986358735028, quantity=2, timestamp=1778599782098}
[kafka-producer-network-thread | producer-1] INFO is.project3.SaleEventProducer - Sent sale event: SaleEvent{book_id=5, country_id=5, price=9.198710457381043, quantity=8, timestamp=1778599782148}
[kafka-producer-network-thread | producer-1] INFO is.project3.SaleEventProducer - Sent sale event: SaleEvent{book_id=1, country_id=1, price=881.4052334971835, quantity=2, timestamp=1778599782198}
[kafka-producer-network-thread | producer-1] INFO is.project3.SaleEventProducer - Sent sale event: SaleEvent{book_id=3, country_id=1, price=86.65320574233102, quantity=2, timestamp=1778599782249}
[kafka-producer-network-thread | producer-1] INFO is.project3.SaleEventProducer - Sent sale event: SaleEvent{book_id=5, country_id=3, price=9.730879592151796, quantity=4, timestamp=1778599782299}
[kafka-producer-network-thread | producer-1] INFO is.project3.SaleEventProducer - Sent sale event: SaleEvent{book_id=4, country_id=5, price=276.3328905784526, quantity=7, timestamp=1778599782350}
[kafka-producer-network-thread | producer-1] INFO is.project3.SaleEventProducer - Sent sale event: SaleEvent{book_id=4, country_id=1, price=306.67103501497877, quantity=3, timestamp=1778599782400}
[kafka-producer-network-thread | producer-1] INFO is.project3.SaleEventProducer - Sent sale event: SaleEvent{book_id=2, country_id=2, price=27.112971938646403, quantity=9, timestamp=1778599782450}
[kafka-producer-network-thread | producer-1] INFO is.project3.SaleEventProducer - Sent sale event: SaleEvent{book_id=2, country_id=2, price=28.15692309708566, quantity=3, timestamp=1778599782500}
[kafka-producer-network-thread | producer-1] INFO is.project3.SaleEventProducer - Sent sale event: SaleEvent{book_id=4, country_id=5, price=274.58851369923997, quantity=2, timestamp=1778599782551}
[kafka-producer-network-thread | producer-1] INFO is.project3.SaleEventProducer - Sent sale event: SaleEvent{book_id=2, country_id=5, price=31.154184738713955, quantity=6, timestamp=1778599782601}
[kafka-producer-network-thread | producer-1] INFO is.project3.SaleEventProducer - Sent sale event: SaleEvent{book_id=1, country_id=3, price=956.8341480474453, quantity=8, timestamp=1778599782652}
[kafka-producer-network-thread | producer-1] INFO is.project3.SaleEventProducer - Sent sale event: SaleEvent{book_id=2, country_id=3, price=32.029239074385, quantity=7, timestamp=1778599782702}
[kafka-producer-network-thread | producer-1] INFO is.project3.SaleEventProducer - Sent sale event: SaleEvent{book_id=5, country_id=2, price=9.524711759926682, quantity=3, timestamp=1778599782752}
[kafka-producer-network-thread | producer-1] INFO is.project3.SaleEventProducer - Sent sale event: SaleEvent{book_id=3, country_id=2, price=79.57021816944672, quantity=9, timestamp=1778599782803}
[kafka-producer-network-thread | producer-1] INFO is.project3.SaleEventProducer - Sent sale event: SaleEvent{book_id=1, country_id=4, price=969.7625480726542, quantity=3, timestamp=1778599782853}
[kafka-producer-network-thread | producer-1] INFO is.project3.SaleEventProducer - Sent sale event: SaleEvent{book_id=4, country_id=1, price=289.1092985474156, quantity=1, timestamp=1778599782903}
[kafka-producer-network-thread | producer-1] INFO is.project3.SaleEventProducer - Sent sale event: SaleEvent{book_id=5, country_id=4, price=9.749822050410291, quantity=9, timestamp=1778599782954}
[kafka-producer-network-thread | producer-1] INFO is.project3.SaleEventProducer - Sent sale event: SaleEvent{book_id=5, country_id=1, price=9.366098489055492, quantity=6, timestamp=1778599783004}
[kafka-producer-network-thread | producer-1] INFO is.project3.SaleEventProducer - Sent sale event: SaleEvent{book_id=4, country_id=4, price=317.6900684294279, quantity=3, timestamp=1778599783054}
[kafka-producer-network-thread | producer-1] INFO is.project3.SaleEventProducer - Sent sale event: SaleEvent{book_id=2, country_id=2, price=30.819746013821423, quantity=8, timestamp=1778599783105}
[kafka-producer-network-thread | producer-1] INFO is.project3.SaleEventProducer - Sent sale event: SaleEvent{book_id=4, country_id=5, price=275.8094600488679, quantity=5, timestamp=1778599783155}
[kafka-producer-network-thread | producer-1] INFO is.project3.SaleEventProducer - Sent sale event: SaleEvent{book_id=1, country_id=4, price=905.2430693073502, quantity=8, timestamp=1778599783206}
[kafka-producer-network-thread | producer-1] INFO is.project3.SaleEventProducer - Sent sale event: SaleEvent{book_id=3, country_id=1, price=74.48723223701896, quantity=2, timestamp=1778599783256}
[kafka-producer-network-thread | producer-1] INFO is.project3.SaleEventProducer - Sent sale event: SaleEvent{book_id=4, country_id=1, price=320.0250109314498, quantity=8, timestamp=1778599783306}
[kafka-producer-network-thread | producer-1] INFO is.project3.SaleEventProducer - Sent sale event: SaleEvent{book_id=4, country_id=5, price=328.4202678687668, quantity=6, timestamp=1778599783357}
[kafka-producer-network-thread | producer-1] INFO is.project3.SaleEventProducer - Sent sale event: SaleEvent{book_id=2, country_id=5, price=29.54315665640326, quantity=1, timestamp=1778599783408}
[kafka-producer-network-thread | producer-1] INFO is.project3.SaleEventProducer - Sent sale event: SaleEvent{book_id=3, country_id=5, price=83.44862207507981, quantity=4, timestamp=1778599783458}
[kafka-producer-network-thread | producer-1] INFO is.project3.SaleEventProducer - Sent sale event: SaleEvent{book_id=3, country_id=3, price=86.2100117939346, quantity=10, timestamp=1778599783509}
[kafka-producer-network-thread | producer-1] INFO is.project3.SaleEventProducer - Sent sale event: SaleEvent{book_id=5, country_id=2, price=9.301645533558402, quantity=10, timestamp=1778599783559}
[kafka-producer-network-thread | producer-1] INFO is.project3.SaleEventProducer - Sent sale event: SaleEvent{book_id=5, country_id=4, price=10.068985270985104, quantity=6, timestamp=1778599783609}
[kafka-producer-network-thread | producer-1] INFO is.project3.SaleEventProducer - Sent sale event: SaleEvent{book_id=3, country_id=2, price=80.73078661074261, quantity=6, timestamp=1778599783660}
[kafka-producer-network-thread | producer-1] INFO is.project3.SaleEventProducer - Sent sale event: SaleEvent{book_id=4, country_id=4, price=279.3643933724617, quantity=10, timestamp=1778599783710}
[kafka-producer-network-thread | producer-1] INFO is.project3.SaleEventProducer - Sent sale event: SaleEvent{book_id=4, country_id=2, price=303.62351340107114, quantity=8, timestamp=1778599783761}
[kafka-producer-network-thread | producer-1] INFO is.project3.SaleEventProducer - Sent sale event: SaleEvent{book_id=1, country_id=4, price=974.4672893281921, quantity=7, timestamp=1778599783811}
[kafka-producer-network-thread | producer-1] INFO is.project3.SaleEventProducer - Sent sale event: SaleEvent{book_id=5, country_id=1, price=9.21416346866681, quantity=2, timestamp=1778599783861}
[kafka-producer-network-thread | producer-1] INFO is.project3.SaleEventProducer - Sent sale event: SaleEvent{book_id=5, country_id=3, price=10.921312757861678, quantity=9, timestamp=1778599783912}
[kafka-producer-network-thread | producer-1] INFO is.project3.SaleEventProducer - Sent sale event: SaleEvent{book_id=5, country_id=3, price=10.58527972283048, quantity=10, timestamp=1778599783962}
[kafka-producer-network-thread | producer-1] INFO is.project3.SaleEventProducer - Sent sale event: SaleEvent{book_id=5, country_id=4, price=9.764690698129819, quantity=10, timestamp=1778599784012}
[kafka-producer-network-thread | producer-1] INFO is.project3.SaleEventProducer - Sent sale event: SaleEvent{book_id=3, country_id=4, price=74.65058811358828, quantity=8, timestamp=1778599784062}
[kafka-producer-network-thread | producer-1] INFO is.project3.SaleEventProducer - Sent sale event: SaleEvent{book_id=1, country_id=5, price=938.228489359157, quantity=3, timestamp=1778599784113}
[kafka-producer-network-thread | producer-1] INFO is.project3.SaleEventProducer - Sent sale event: SaleEvent{book_id=2, country_id=1, price=28.30650918384253, quantity=8, timestamp=1778599784163}
[kafka-producer-network-thread | producer-1] INFO is.project3.SaleEventProducer - Sent sale event: SaleEvent{book_id=5, country_id=5, price=10.972322957798704, quantity=4, timestamp=1778599784213}
[kafka-producer-network-thread | producer-1] INFO is.project3.SaleEventProducer - Sent sale event: SaleEvent{book_id=5, country_id=2, price=9.09885894661741, quantity=6, timestamp=1778599784263}
[kafka-producer-network-thread | producer-1] INFO is.project3.SaleEventProducer - Sent sale event: SaleEvent{book_id=4, country_id=5, price=315.99346324911187, quantity=9, timestamp=1778599784314}
[kafka-producer-network-thread | producer-1] INFO is.project3.SaleEventProducer - Sent sale event: SaleEvent{book_id=5, country_id=1, price=9.998910626773315, quantity=4, timestamp=1778599784364}
[kafka-producer-network-thread | producer-1] INFO is.project3.SaleEventProducer - Sent sale event: SaleEvent{book_id=5, country_id=1, price=9.526315994625007, quantity=2, timestamp=1778599784414}
[kafka-producer-network-thread | producer-1] INFO is.project3.SaleEventProducer - Sent sale event: SaleEvent{book_id=1, country_id=4, price=853.0139521251185, quantity=7, timestamp=1778599784465}
[kafka-producer-network-thread | producer-1] INFO is.project3.SaleEventProducer - Sent sale event: SaleEvent{book_id=3, country_id=4, price=84.61290932096455, quantity=9, timestamp=1778599784515}
[kafka-producer-network-thread | producer-1] INFO is.project3.SaleEventProducer - Sent sale event: SaleEvent{book_id=5, country_id=4, price=10.74691183060505, quantity=8, timestamp=1778599784565}
[kafka-producer-network-thread | producer-1] INFO is.project3.SaleEventProducer - Sent sale event: SaleEvent{book_id=2, country_id=2, price=30.464244283415407, quantity=5, timestamp=1778599784615}
[kafka-producer-network-thread | producer-1] INFO is.project3.SaleEventProducer - Sent sale event: SaleEvent{book_id=4, country_id=1, price=303.9238066759306, quantity=1, timestamp=1778599784666}
[kafka-producer-network-thread | producer-1] INFO is.project3.SaleEventProducer - Sent sale event: SaleEvent{book_id=1, country_id=1, price=849.850126522244, quantity=2, timestamp=1778599784716}
[kafka-producer-network-thread | producer-1] INFO is.project3.SaleEventProducer - Sent sale event: SaleEvent{book_id=4, country_id=1, price=276.09927728961645, quantity=1, timestamp=1778599784767}
[kafka-producer-network-thread | producer-1] INFO is.project3.SaleEventProducer - Sent sale event: SaleEvent{book_id=4, country_id=5, price=328.6644204757866, quantity=3, timestamp=1778599784817}
[kafka-producer-network-thread | producer-1] INFO is.project3.SaleEventProducer - Sent sale event: SaleEvent{book_id=4, country_id=3, price=305.7828063119799, quantity=8, timestamp=1778599784867}
[kafka-producer-network-thread | producer-1] INFO is.project3.SaleEventProducer - Sent sale event: SaleEvent{book_id=5, country_id=5, price=9.185148002430145, quantity=6, timestamp=1778599784918}
[kafka-producer-network-thread | producer-1] INFO is.project3.SaleEventProducer - Sent sale event: SaleEvent{book_id=4, country_id=3, price=292.2967817293362, quantity=6, timestamp=1778599784968}
[kafka-producer-network-thread | producer-1] INFO is.project3.SaleEventProducer - Sent sale event: SaleEvent{book_id=1, country_id=5, price=974.9503999849071, quantity=3, timestamp=1778599785019}
[kafka-producer-network-thread | producer-1] INFO is.project3.SaleEventProducer - Sent sale event: SaleEvent{book_id=2, country_id=3, price=28.529660312244093, quantity=6, timestamp=1778599785069}
[kafka-producer-network-thread | producer-1] INFO is.project3.SaleEventProducer - Sent sale event: SaleEvent{book_id=1, country_id=5, price=898.1633752202157, quantity=8, timestamp=1778599785120}
[kafka-producer-network-thread | producer-1] INFO is.project3.SaleEventProducer - Sent sale event: SaleEvent{book_id=5, country_id=4, price=9.347664278690667, quantity=5, timestamp=1778599785170}
[kafka-producer-network-thread | producer-1] INFO is.project3.SaleEventProducer - Sent sale event: SaleEvent{book_id=1, country_id=1, price=838.9415117648646, quantity=8, timestamp=1778599785221}
[kafka-producer-network-thread | producer-1] INFO is.project3.SaleEventProducer - Sent sale event: SaleEvent{book_id=2, country_id=5, price=27.99284534097161, quantity=3, timestamp=1778599785271}
[kafka-producer-network-thread | producer-1] INFO is.project3.SaleEventProducer - Sent sale event: SaleEvent{book_id=4, country_id=3, price=301.58899829368454, quantity=8, timestamp=1778599785322}
[kafka-producer-network-thread | producer-1] INFO is.project3.SaleEventProducer - Sent sale event: SaleEvent{book_id=2, country_id=4, price=28.84887505697131, quantity=6, timestamp=1778599785372}
[kafka-producer-network-thread | producer-1] INFO is.project3.SaleEventProducer - Sent sale event: SaleEvent{book_id=4, country_id=1, price=285.5168567629217, quantity=5, timestamp=1778599785423}
[kafka-producer-network-thread | producer-1] INFO is.project3.SaleEventProducer - Sent sale event: SaleEvent{book_id=1, country_id=2, price=882.991306729754, quantity=5, timestamp=1778599785473}
[kafka-producer-network-thread | producer-1] INFO is.project3.SaleEventProducer - Sent sale event: SaleEvent{book_id=2, country_id=4, price=30.010221002551678, quantity=8, timestamp=1778599785523}
[kafka-producer-network-thread | producer-1] INFO is.project3.SaleEventProducer - Sent sale event: SaleEvent{book_id=5, country_id=5, price=10.737525885811433, quantity=10, timestamp=1778599785574}
[kafka-producer-network-thread | producer-1] INFO is.project3.SaleEventProducer - Sent sale event: SaleEvent{book_id=2, country_id=5, price=27.29486073898982, quantity=5, timestamp=1778599785624}
[kafka-producer-network-thread | producer-1] INFO is.project3.SaleEventProducer - Sent sale event: SaleEvent{book_id=1, country_id=2, price=941.3041402864031, quantity=5, timestamp=1778599785675}
[kafka-producer-network-thread | producer-1] INFO is.project3.SaleEventProducer - Sent sale event: SaleEvent{book_id=2, country_id=3, price=28.41978071570497, quantity=5, timestamp=1778599785725}
[kafka-producer-network-thread | producer-1] INFO is.project3.SaleEventProducer - Sent sale event: SaleEvent{book_id=2, country_id=2, price=30.205928380865107, quantity=8, timestamp=1778599785775}
[kafka-producer-network-thread | producer-1] INFO is.project3.SaleEventProducer - Sent sale event: SaleEvent{book_id=2, country_id=5, price=28.41428967006232, quantity=6, timestamp=1778599785826}
[kafka-producer-network-thread | producer-1] INFO is.project3.SaleEventProducer - Sent sale event: SaleEvent{book_id=1, country_id=5, price=901.7647584112666, quantity=3, timestamp=1778599785876}
[kafka-producer-network-thread | producer-1] INFO is.project3.SaleEventProducer - Sent sale event: SaleEvent{book_id=2, country_id=5, price=32.43429621564249, quantity=3, timestamp=1778599785926}
[kafka-producer-network-thread | producer-1] INFO is.project3.SaleEventProducer - Sent sale event: SaleEvent{book_id=3, country_id=2, price=82.14684993999461, quantity=5, timestamp=1778599785976}
[kafka-producer-network-thread | producer-1] INFO is.project3.SaleEventProducer - Sent sale event: SaleEvent{book_id=4, country_id=2, price=289.6479960593778, quantity=3, timestamp=1778599786027}
[kafka-producer-network-thread | producer-1] INFO is.project3.SaleEventProducer - Sent sale event: SaleEvent{book_id=1, country_id=1, price=816.0845924009357, quantity=7, timestamp=1778599786077}
[kafka-producer-network-thread | producer-1] INFO is.project3.SaleEventProducer - Sent sale event: SaleEvent{book_id=5, country_id=2, price=10.160079049741492, quantity=10, timestamp=1778599786127}
[kafka-producer-network-thread | producer-1] INFO is.project3.SaleEventProducer - Sent sale event: SaleEvent{book_id=4, country_id=4, price=297.90788788650997, quantity=10, timestamp=1778599786178}
[kafka-producer-network-thread | producer-1] INFO is.project3.SaleEventProducer - Sent sale event: SaleEvent{book_id=4, country_id=3, price=285.58321758743796, quantity=2, timestamp=1778599786228}
[kafka-producer-network-thread | producer-1] INFO is.project3.SaleEventProducer - Sent sale event: SaleEvent{book_id=5, country_id=2, price=9.830493716611944, quantity=1, timestamp=1778599786278}
[kafka-producer-network-thread | producer-1] INFO is.project3.SaleEventProducer - Sent sale event: SaleEvent{book_id=5, country_id=3, price=10.977510549373203, quantity=4, timestamp=1778599786329}
[kafka-producer-network-thread | producer-1] INFO is.project3.SaleEventProducer - Sent sale event: SaleEvent{book_id=3, country_id=2, price=79.50167622919197, quantity=5, timestamp=1778599786379}
[kafka-producer-network-thread | producer-1] INFO is.project3.SaleEventProducer - Sent sale event: SaleEvent{book_id=4, country_id=5, price=281.30749815829654, quantity=10, timestamp=1778599786429}
[kafka-producer-network-thread | producer-1] INFO is.project3.SaleEventProducer - Sent sale event: SaleEvent{book_id=4, country_id=2, price=329.40978449898927, quantity=5, timestamp=1778599786480}
[kafka-producer-network-thread | producer-1] INFO is.project3.SaleEventProducer - Sent sale event: SaleEvent{book_id=5, country_id=1, price=9.679491475622733, quantity=6, timestamp=1778599786530}
[kafka-producer-network-thread | producer-1] INFO is.project3.SaleEventProducer - Sent sale event: SaleEvent{book_id=5, country_id=3, price=9.397269363547249, quantity=9, timestamp=1778599786580}
[kafka-producer-network-thread | producer-1] INFO is.project3.SaleEventProducer - Sent sale event: SaleEvent{book_id=5, country_id=3, price=10.757377271760667, quantity=2, timestamp=1778599786631}
[kafka-producer-network-thread | producer-1] INFO is.project3.SaleEventProducer - Sent sale event: SaleEvent{book_id=4, country_id=2, price=302.9455833556025, quantity=5, timestamp=1778599786681}
[kafka-producer-network-thread | producer-1] INFO is.project3.SaleEventProducer - Sent sale event: SaleEvent{book_id=4, country_id=4, price=324.6686027906171, quantity=2, timestamp=1778599786731}
[kafka-producer-network-thread | producer-1] INFO is.project3.SaleEventProducer - Sent sale event: SaleEvent{book_id=3, country_id=2, price=83.42657265036561, quantity=10, timestamp=1778599786782}
[kafka-producer-network-thread | producer-1] INFO is.project3.SaleEventProducer - Sent sale event: SaleEvent{book_id=1, country_id=2, price=922.5540730478019, quantity=5, timestamp=1778599786832}
[kafka-producer-network-thread | producer-1] INFO is.project3.SaleEventProducer - Sent sale event: SaleEvent{book_id=4, country_id=1, price=271.30020029831024, quantity=9, timestamp=1778599786883}
[kafka-producer-network-thread | producer-1] INFO is.project3.SaleEventProducer - Sent sale event: SaleEvent{book_id=4, country_id=1, price=293.42510053314413, quantity=9, timestamp=1778599786933}
[kafka-producer-network-thread | producer-1] INFO is.project3.SaleEventProducer - Sent sale event: SaleEvent{book_id=3, country_id=1, price=87.22591924821076, quantity=2, timestamp=1778599786984}
[kafka-producer-network-thread | producer-1] INFO is.project3.SaleEventProducer - Sent sale event: SaleEvent{book_id=2, country_id=1, price=30.391343094532196, quantity=5, timestamp=1778599787034}
[kafka-producer-network-thread | producer-1] INFO is.project3.SaleEventProducer - Sent sale event: SaleEvent{book_id=3, country_id=5, price=76.71871891834878, quantity=2, timestamp=1778599787084}
[kafka-producer-network-thread | producer-1] INFO is.project3.SaleEventProducer - Sent sale event: SaleEvent{book_id=3, country_id=2, price=76.60270141164457, quantity=2, timestamp=1778599787135}
[kafka-producer-network-thread | producer-1] INFO is.project3.SaleEventProducer - Sent sale event: SaleEvent{book_id=4, country_id=5, price=289.3158789368079, quantity=8, timestamp=1778599787185}
[kafka-producer-network-thread | producer-1] INFO is.project3.SaleEventProducer - Sent sale event: SaleEvent{book_id=3, country_id=3, price=75.21742400254396, quantity=3, timestamp=1778599787236}
[kafka-producer-network-thread | producer-1] INFO is.project3.SaleEventProducer - Sent sale event: SaleEvent{book_id=4, country_id=2, price=320.33047790715057, quantity=1, timestamp=1778599787286}
[kafka-producer-network-thread | producer-1] INFO is.project3.SaleEventProducer - Sent sale event: SaleEvent{book_id=4, country_id=1, price=284.6941120445828, quantity=1, timestamp=1778599787337}
[kafka-producer-network-thread | producer-1] INFO is.project3.SaleEventProducer - Sent sale event: SaleEvent{book_id=5, country_id=1, price=10.698634040085324, quantity=2, timestamp=1778599787387}
[kafka-producer-network-thread | producer-1] INFO is.project3.SaleEventProducer - Sent sale event: SaleEvent{book_id=4, country_id=4, price=304.27453329891165, quantity=7, timestamp=1778599787437}
[kafka-producer-network-thread | producer-1] INFO is.project3.SaleEventProducer - Sent sale event: SaleEvent{book_id=4, country_id=3, price=315.455040035397, quantity=8, timestamp=1778599787488}
[kafka-producer-network-thread | producer-1] INFO is.project3.SaleEventProducer - Sent sale event: SaleEvent{book_id=1, country_id=4, price=886.9002391596935, quantity=10, timestamp=1778599787538}
[kafka-producer-network-thread | producer-1] INFO is.project3.SaleEventProducer - Sent sale event: SaleEvent{book_id=2, country_id=4, price=28.279085769613477, quantity=2, timestamp=1778599787588}
[kafka-producer-network-thread | producer-1] INFO is.project3.SaleEventProducer - Sent sale event: SaleEvent{book_id=3, country_id=3, price=77.18994062103357, quantity=7, timestamp=1778599787638}
[kafka-producer-network-thread | producer-1] INFO is.project3.SaleEventProducer - Sent sale event: SaleEvent{book_id=5, country_id=4, price=10.691233428583903, quantity=1, timestamp=1778599787689}
[kafka-producer-network-thread | producer-1] INFO is.project3.SaleEventProducer - Sent sale event: SaleEvent{book_id=3, country_id=3, price=86.49094202979155, quantity=9, timestamp=1778599787739}
[kafka-producer-network-thread | producer-1] INFO is.project3.SaleEventProducer - Sent sale event: SaleEvent{book_id=4, country_id=2, price=276.2444690610249, quantity=2, timestamp=1778599787790}
[kafka-producer-network-thread | producer-1] INFO is.project3.SaleEventProducer - Sent sale event: SaleEvent{book_id=5, country_id=5, price=9.174559476058365, quantity=2, timestamp=1778599787840}
[kafka-producer-network-thread | producer-1] INFO is.project3.SaleEventProducer - Sent sale event: SaleEvent{book_id=2, country_id=2, price=27.191255276248622, quantity=6, timestamp=1778599787890}
[kafka-producer-network-thread | producer-1] INFO is.project3.SaleEventProducer - Sent sale event: SaleEvent{book_id=5, country_id=3, price=9.735173112108761, quantity=8, timestamp=1778599787940}
[kafka-producer-network-thread | producer-1] INFO is.project3.SaleEventProducer - Sent sale event: SaleEvent{book_id=2, country_id=3, price=28.990587515680964, quantity=10, timestamp=1778599787991}
[kafka-producer-network-thread | producer-1] INFO is.project3.SaleEventProducer - Sent sale event: SaleEvent{book_id=4, country_id=5, price=277.04804860214057, quantity=1, timestamp=1778599788041}
[kafka-producer-network-thread | producer-1] INFO is.project3.SaleEventProducer - Sent sale event: SaleEvent{book_id=1, country_id=1, price=837.5597635361204, quantity=10, timestamp=1778599788091}
[kafka-producer-network-thread | producer-1] INFO is.project3.SaleEventProducer - Sent sale event: SaleEvent{book_id=1, country_id=4, price=984.9028702119808, quantity=5, timestamp=1778599788142}
[kafka-producer-network-thread | producer-1] INFO is.project3.SaleEventProducer - Sent sale event: SaleEvent{book_id=1, country_id=1, price=964.985990064184, quantity=1, timestamp=1778599788192}
[kafka-producer-network-thread | producer-1] INFO is.project3.SaleEventProducer - Sent sale event: SaleEvent{book_id=3, country_id=4, price=85.56820956016038, quantity=10, timestamp=1778599788242}
[kafka-producer-network-thread | producer-1] INFO is.project3.SaleEventProducer - Sent sale event: SaleEvent{book_id=4, country_id=5, price=323.3255004461473, quantity=2, timestamp=1778599788293}
[kafka-producer-network-thread | producer-1] INFO is.project3.SaleEventProducer - Sent sale event: SaleEvent{book_id=3, country_id=1, price=79.8628231366993, quantity=8, timestamp=1778599788343}
[kafka-producer-network-thread | producer-1] INFO is.project3.SaleEventProducer - Sent sale event: SaleEvent{book_id=1, country_id=5, price=914.9507198182868, quantity=4, timestamp=1778599788394}
[kafka-producer-network-thread | producer-1] INFO is.project3.SaleEventProducer - Sent sale event: SaleEvent{book_id=5, country_id=1, price=10.010902420242564, quantity=5, timestamp=1778599788444}
[kafka-producer-network-thread | producer-1] INFO is.project3.SaleEventProducer - Sent sale event: SaleEvent{book_id=3, country_id=1, price=80.77666090464064, quantity=6, timestamp=1778599788494}
[kafka-producer-network-thread | producer-1] INFO is.project3.SaleEventProducer - Sent sale event: SaleEvent{book_id=1, country_id=1, price=872.1893876860254, quantity=7, timestamp=1778599788545}
[kafka-producer-network-thread | producer-1] INFO is.project3.SaleEventProducer - Sent sale event: SaleEvent{book_id=4, country_id=3, price=284.81008170258883, quantity=6, timestamp=1778599788595}
[kafka-producer-network-thread | producer-1] INFO is.project3.SaleEventProducer - Sent sale event: SaleEvent{book_id=4, country_id=4, price=299.86697539457464, quantity=9, timestamp=1778599788645}
[kafka-producer-network-thread | producer-1] INFO is.project3.SaleEventProducer - Sent sale event: SaleEvent{book_id=2, country_id=5, price=29.212822775801033, quantity=3, timestamp=1778599788696}
[kafka-producer-network-thread | producer-1] INFO is.project3.SaleEventProducer - Sent sale event: SaleEvent{book_id=1, country_id=3, price=933.4481505979269, quantity=1, timestamp=1778599788746}
[kafka-producer-network-thread | producer-1] INFO is.project3.SaleEventProducer - Sent sale event: SaleEvent{book_id=5, country_id=3, price=9.048132122263612, quantity=5, timestamp=1778599788797}
[kafka-producer-network-thread | producer-1] INFO is.project3.SaleEventProducer - Sent sale event: SaleEvent{book_id=3, country_id=4, price=73.64689009415856, quantity=6, timestamp=1778599788847}
[kafka-producer-network-thread | producer-1] INFO is.project3.SaleEventProducer - Sent sale event: SaleEvent{book_id=5, country_id=3, price=9.700727568333175, quantity=8, timestamp=1778599788898}
[kafka-producer-network-thread | producer-1] INFO is.project3.SaleEventProducer - Sent sale event: SaleEvent{book_id=3, country_id=4, price=84.06958821902049, quantity=7, timestamp=1778599788948}
[kafka-producer-network-thread | producer-1] INFO is.project3.SaleEventProducer - Sent sale event: SaleEvent{book_id=3, country_id=3, price=79.46835948620377, quantity=4, timestamp=1778599788998}
[kafka-producer-network-thread | producer-1] INFO is.project3.SaleEventProducer - Sent sale event: SaleEvent{book_id=5, country_id=2, price=9.395248395343788, quantity=7, timestamp=1778599789049}
[kafka-producer-network-thread | producer-1] INFO is.project3.SaleEventProducer - Sent sale event: SaleEvent{book_id=3, country_id=3, price=87.67692158292446, quantity=2, timestamp=1778599789099}
[kafka-producer-network-thread | producer-1] INFO is.project3.SaleEventProducer - Sent sale event: SaleEvent{book_id=1, country_id=1, price=983.514541545397, quantity=1, timestamp=1778599789149}
[kafka-producer-network-thread | producer-1] INFO is.project3.SaleEventProducer - Sent sale event: SaleEvent{book_id=1, country_id=2, price=871.620799224553, quantity=3, timestamp=1778599789200}
[kafka-producer-network-thread | producer-1] INFO is.project3.SaleEventProducer - Sent sale event: SaleEvent{book_id=3, country_id=5, price=82.67753976365262, quantity=2, timestamp=1778599789250}
[kafka-producer-network-thread | producer-1] INFO is.project3.SaleEventProducer - Sent sale event: SaleEvent{book_id=2, country_id=2, price=31.864003384305644, quantity=3, timestamp=1778599789300}
[kafka-producer-network-thread | producer-1] INFO is.project3.SaleEventProducer - Sent sale event: SaleEvent{book_id=5, country_id=1, price=10.75460797048862, quantity=2, timestamp=1778599789351}
[kafka-producer-network-thread | producer-1] INFO is.project3.SaleEventProducer - Sent sale event: SaleEvent{book_id=3, country_id=3, price=86.53199958194513, quantity=9, timestamp=1778599789401}
[kafka-producer-network-thread | producer-1] INFO is.project3.SaleEventProducer - Sent sale event: SaleEvent{book_id=3, country_id=4, price=81.85517852747171, quantity=1, timestamp=1778599789451}
[kafka-producer-network-thread | producer-1] INFO is.project3.SaleEventProducer - Sent sale event: SaleEvent{book_id=3, country_id=4, price=78.23236100277184, quantity=7, timestamp=1778599789502}
[kafka-producer-network-thread | producer-1] INFO is.project3.SaleEventProducer - Sent sale event: SaleEvent{book_id=3, country_id=4, price=86.91323326530717, quantity=6, timestamp=1778599789552}
[kafka-producer-network-thread | producer-1] INFO is.project3.SaleEventProducer - Sent sale event: SaleEvent{book_id=3, country_id=5, price=83.28003286585819, quantity=1, timestamp=1778599789602}
[kafka-producer-network-thread | producer-1] INFO is.project3.SaleEventProducer - Sent sale event: SaleEvent{book_id=5, country_id=1, price=10.787877337384261, quantity=7, timestamp=1778599789653}
[kafka-producer-network-thread | producer-1] INFO is.project3.SaleEventProducer - Sent sale event: SaleEvent{book_id=4, country_id=1, price=317.2718791547914, quantity=2, timestamp=1778599789703}
[kafka-producer-network-thread | producer-1] INFO is.project3.SaleEventProducer - Sent sale event: SaleEvent{book_id=4, country_id=4, price=280.05821088705363, quantity=4, timestamp=1778599789754}
[kafka-producer-network-thread | producer-1] INFO is.project3.SaleEventProducer - Sent sale event: SaleEvent{book_id=4, country_id=1, price=323.60145759114806, quantity=2, timestamp=1778599789804}
[kafka-producer-network-thread | producer-1] INFO is.project3.SaleEventProducer - Sent sale event: SaleEvent{book_id=2, country_id=4, price=29.120410031660477, quantity=8, timestamp=1778599789855}
[kafka-producer-network-thread | producer-1] INFO is.project3.SaleEventProducer - Sent sale event: SaleEvent{book_id=4, country_id=3, price=286.48580469779836, quantity=10, timestamp=1778599789905}
[kafka-producer-network-thread | producer-1] INFO is.project3.SaleEventProducer - Sent sale event: SaleEvent{book_id=4, country_id=5, price=310.1898091014593, quantity=2, timestamp=1778599789955}
[kafka-producer-network-thread | producer-1] INFO is.project3.SaleEventProducer - Sent sale event: SaleEvent{book_id=1, country_id=4, price=824.9239878809142, quantity=9, timestamp=1778599790006}
[kafka-producer-network-thread | producer-1] INFO is.project3.SaleEventProducer - Sent sale event: SaleEvent{book_id=2, country_id=1, price=28.0233607100555, quantity=3, timestamp=1778599790056}
[kafka-producer-network-thread | producer-1] INFO is.project3.SaleEventProducer - Sent sale event: SaleEvent{book_id=4, country_id=3, price=275.0447273331699, quantity=8, timestamp=1778599790107}
[kafka-producer-network-thread | producer-1] INFO is.project3.SaleEventProducer - Sent sale event: SaleEvent{book_id=2, country_id=5, price=28.35733930282222, quantity=10, timestamp=1778599790157}
[kafka-producer-network-thread | producer-1] INFO is.project3.SaleEventProducer - Sent sale event: SaleEvent{book_id=3, country_id=2, price=82.15039149061727, quantity=3, timestamp=1778599790207}
[kafka-producer-network-thread | producer-1] INFO is.project3.SaleEventProducer - Sent sale event: SaleEvent{book_id=3, country_id=3, price=83.62764539497024, quantity=3, timestamp=1778599790257}
[kafka-producer-network-thread | producer-1] INFO is.project3.SaleEventProducer - Sent sale event: SaleEvent{book_id=3, country_id=5, price=84.29150924648481, quantity=3, timestamp=1778599790308}
[kafka-producer-network-thread | producer-1] INFO is.project3.SaleEventProducer - Sent sale event: SaleEvent{book_id=3, country_id=3, price=81.19578623169193, quantity=4, timestamp=1778599790359}
[kafka-producer-network-thread | producer-1] INFO is.project3.SaleEventProducer - Sent sale event: SaleEvent{book_id=1, country_id=5, price=818.7226641004032, quantity=10, timestamp=1778599790409}
[kafka-producer-network-thread | producer-1] INFO is.project3.SaleEventProducer - Sent sale event: SaleEvent{book_id=5, country_id=3, price=10.18188972722175, quantity=4, timestamp=1778599790459}
[kafka-producer-network-thread | producer-1] INFO is.project3.SaleEventProducer - Sent sale event: SaleEvent{book_id=2, country_id=3, price=27.547079586378636, quantity=2, timestamp=1778599790510}
[kafka-producer-network-thread | producer-1] INFO is.project3.SaleEventProducer - Sent sale event: SaleEvent{book_id=5, country_id=1, price=9.80562273784639, quantity=1, timestamp=1778599790560}
[kafka-producer-network-thread | producer-1] INFO is.project3.SaleEventProducer - Sent sale event: SaleEvent{book_id=3, country_id=5, price=85.41764378173207, quantity=8, timestamp=1778599790610}
[kafka-producer-network-thread | producer-1] INFO is.project3.SaleEventProducer - Sent sale event: SaleEvent{book_id=4, country_id=3, price=279.36259556921686, quantity=6, timestamp=1778599790661}
[kafka-producer-network-thread | producer-1] INFO is.project3.SaleEventProducer - Sent sale event: SaleEvent{book_id=3, country_id=1, price=75.41092282155361, quantity=10, timestamp=1778599790711}
[kafka-producer-network-thread | producer-1] INFO is.project3.SaleEventProducer - Sent sale event: SaleEvent{book_id=2, country_id=1, price=27.220163892202653, quantity=6, timestamp=1778599790761}
[kafka-producer-network-thread | producer-1] INFO is.project3.SaleEventProducer - Sent sale event: SaleEvent{book_id=4, country_id=1, price=277.59425882055723, quantity=10, timestamp=1778599790812}
[kafka-producer-network-thread | producer-1] INFO is.project3.SaleEventProducer - Sent sale event: SaleEvent{book_id=1, country_id=5, price=922.6733034252964, quantity=3, timestamp=1778599790862}
[kafka-producer-network-thread | producer-1] INFO is.project3.SaleEventProducer - Sent sale event: SaleEvent{book_id=1, country_id=3, price=941.8908071781085, quantity=8, timestamp=1778599790913}
[kafka-producer-network-thread | producer-1] INFO is.project3.SaleEventProducer - Sent sale event: SaleEvent{book_id=1, country_id=2, price=841.6920969839834, quantity=8, timestamp=1778599790963}
[kafka-producer-network-thread | producer-1] INFO is.project3.SaleEventProducer - Sent sale event: SaleEvent{book_id=4, country_id=3, price=288.93674512199993, quantity=3, timestamp=1778599791013}
[kafka-producer-network-thread | producer-1] INFO is.project3.SaleEventProducer - Sent sale event: SaleEvent{book_id=1, country_id=3, price=849.6560125238701, quantity=2, timestamp=1778599791064}
[kafka-producer-network-thread | producer-1] INFO is.project3.SaleEventProducer - Sent sale event: SaleEvent{book_id=4, country_id=3, price=290.83731559142717, quantity=2, timestamp=1778599791114}
[kafka-producer-network-thread | producer-1] INFO is.project3.SaleEventProducer - Sent sale event: SaleEvent{book_id=4, country_id=1, price=280.94043662399133, quantity=2, timestamp=1778599791165}
[kafka-producer-network-thread | producer-1] INFO is.project3.SaleEventProducer - Sent sale event: SaleEvent{book_id=4, country_id=2, price=325.6642023295874, quantity=5, timestamp=1778599791215}
[kafka-producer-network-thread | producer-1] INFO is.project3.SaleEventProducer - Sent sale event: SaleEvent{book_id=3, country_id=1, price=85.42535123166037, quantity=2, timestamp=1778599791265}
[kafka-producer-network-thread | producer-1] INFO is.project3.SaleEventProducer - Sent sale event: SaleEvent{book_id=1, country_id=5, price=916.6475104536244, quantity=4, timestamp=1778599791316}
[kafka-producer-network-thread | producer-1] INFO is.project3.SaleEventProducer - Sent sale event: SaleEvent{book_id=4, country_id=2, price=327.3015078062742, quantity=2, timestamp=1778599791366}
[kafka-producer-network-thread | producer-1] INFO is.project3.SaleEventProducer - Sent sale event: SaleEvent{book_id=2, country_id=1, price=32.55127015180283, quantity=2, timestamp=1778599791417}
[kafka-producer-network-thread | producer-1] INFO is.project3.SaleEventProducer - Sent sale event: SaleEvent{book_id=4, country_id=3, price=312.49909639823585, quantity=10, timestamp=1778599791467}
[kafka-producer-network-thread | producer-1] INFO is.project3.SaleEventProducer - Sent sale event: SaleEvent{book_id=2, country_id=4, price=31.920300834157466, quantity=10, timestamp=1778599791517}
[kafka-producer-network-thread | producer-1] INFO is.project3.SaleEventProducer - Sent sale event: SaleEvent{book_id=4, country_id=4, price=301.10418848415753, quantity=3, timestamp=1778599791568}
[kafka-producer-network-thread | producer-1] INFO is.project3.SaleEventProducer - Sent sale event: SaleEvent{book_id=3, country_id=1, price=75.32035215975466, quantity=10, timestamp=1778599791618}
[kafka-producer-network-thread | producer-1] INFO is.project3.SaleEventProducer - Sent sale event: SaleEvent{book_id=3, country_id=2, price=76.1962577074861, quantity=7, timestamp=1778599791669}
[kafka-producer-network-thread | producer-1] INFO is.project3.SaleEventProducer - Sent sale event: SaleEvent{book_id=3, country_id=3, price=87.27328527331494, quantity=6, timestamp=1778599791719}
[kafka-producer-network-thread | producer-1] INFO is.project3.SaleEventProducer - Sent sale event: SaleEvent{book_id=1, country_id=2, price=899.3976605172192, quantity=3, timestamp=1778599791769}
[kafka-producer-network-thread | producer-1] INFO is.project3.SaleEventProducer - Sent sale event: SaleEvent{book_id=5, country_id=1, price=9.371286366501858, quantity=9, timestamp=1778599791820}
[kafka-producer-network-thread | producer-1] INFO is.project3.SaleEventProducer - Sent sale event: SaleEvent{book_id=4, country_id=3, price=294.6032507323662, quantity=2, timestamp=1778599791870}
[kafka-producer-network-thread | producer-1] INFO is.project3.SaleEventProducer - Sent sale event: SaleEvent{book_id=2, country_id=2, price=32.806115313984506, quantity=3, timestamp=1778599791921}
[kafka-producer-network-thread | producer-1] INFO is.project3.SaleEventProducer - Sent sale event: SaleEvent{book_id=4, country_id=1, price=273.5383879407453, quantity=1, timestamp=1778599791971}
[kafka-producer-network-thread | producer-1] INFO is.project3.SaleEventProducer - Sent sale event: SaleEvent{book_id=3, country_id=2, price=77.78435640726764, quantity=1, timestamp=1778599792022}
[kafka-producer-network-thread | producer-1] INFO is.project3.SaleEventProducer - Sent sale event: SaleEvent{book_id=4, country_id=4, price=317.6582455950982, quantity=3, timestamp=1778599792072}
[kafka-producer-network-thread | producer-1] INFO is.project3.SaleEventProducer - Sent sale event: SaleEvent{book_id=4, country_id=4, price=326.2180031336709, quantity=1, timestamp=1778599792122}
[kafka-producer-network-thread | producer-1] INFO is.project3.SaleEventProducer - Sent sale event: SaleEvent{book_id=4, country_id=1, price=275.74670390512625, quantity=9, timestamp=1778599792173}
[kafka-producer-network-thread | producer-1] INFO is.project3.SaleEventProducer - Sent sale event: SaleEvent{book_id=3, country_id=3, price=85.88133049970524, quantity=1, timestamp=1778599792223}
[kafka-producer-network-thread | producer-1] INFO is.project3.SaleEventProducer - Sent sale event: SaleEvent{book_id=4, country_id=1, price=307.4649982209547, quantity=9, timestamp=1778599792273}
[kafka-producer-network-thread | producer-1] INFO is.project3.SaleEventProducer - Sent sale event: SaleEvent{book_id=1, country_id=4, price=818.5689996563826, quantity=5, timestamp=1778599792324}
[kafka-producer-network-thread | producer-1] INFO is.project3.SaleEventProducer - Sent sale event: SaleEvent{book_id=3, country_id=5, price=77.44458792492404, quantity=9, timestamp=1778599792374}
[kafka-producer-network-thread | producer-1] INFO is.project3.SaleEventProducer - Sent sale event: SaleEvent{book_id=5, country_id=1, price=10.529750916764478, quantity=10, timestamp=1778599792425}
[kafka-producer-network-thread | producer-1] INFO is.project3.SaleEventProducer - Sent sale event: SaleEvent{book_id=5, country_id=1, price=10.719792957021665, quantity=2, timestamp=1778599792475}
[kafka-producer-network-thread | producer-1] INFO is.project3.SaleEventProducer - Sent sale event: SaleEvent{book_id=3, country_id=5, price=76.59367256666062, quantity=10, timestamp=1778599792525}
[kafka-producer-network-thread | producer-1] INFO is.project3.SaleEventProducer - Sent sale event: SaleEvent{book_id=1, country_id=3, price=949.1840822001709, quantity=10, timestamp=1778599792575}
[kafka-producer-network-thread | producer-1] INFO is.project3.SaleEventProducer - Sent sale event: SaleEvent{book_id=5, country_id=5, price=10.858829699438362, quantity=2, timestamp=1778599792651}
[kafka-producer-network-thread | producer-1] INFO is.project3.SaleEventProducer - Sent sale event: SaleEvent{book_id=1, country_id=3, price=903.9369958040139, quantity=7, timestamp=1778599792702}
[kafka-producer-network-thread | producer-1] INFO is.project3.SaleEventProducer - Sent sale event: SaleEvent{book_id=1, country_id=5, price=950.0910885880303, quantity=8, timestamp=1778599792752}
[kafka-producer-network-thread | producer-1] INFO is.project3.SaleEventProducer - Sent sale event: SaleEvent{book_id=2, country_id=5, price=31.989111532914944, quantity=4, timestamp=1778599792803}
[kafka-producer-network-thread | producer-1] INFO is.project3.SaleEventProducer - Sent sale event: SaleEvent{book_id=4, country_id=3, price=321.60376540221813, quantity=5, timestamp=1778599792853}
[kafka-producer-network-thread | producer-1] INFO is.project3.SaleEventProducer - Sent sale event: SaleEvent{book_id=5, country_id=2, price=9.88043106185953, quantity=2, timestamp=1778599792903}
[kafka-producer-network-thread | producer-1] INFO is.project3.SaleEventProducer - Sent sale event: SaleEvent{book_id=3, country_id=2, price=80.15763868645605, quantity=9, timestamp=1778599792954}
[kafka-producer-network-thread | producer-1] INFO is.project3.SaleEventProducer - Sent sale event: SaleEvent{book_id=1, country_id=1, price=818.2481663058878, quantity=5, timestamp=1778599793004}
[kafka-producer-network-thread | producer-1] INFO is.project3.SaleEventProducer - Sent sale event: SaleEvent{book_id=1, country_id=1, price=879.9076311337748, quantity=4, timestamp=1778599793054}
[kafka-producer-network-thread | producer-1] INFO is.project3.SaleEventProducer - Sent sale event: SaleEvent{book_id=5, country_id=5, price=10.107995055111891, quantity=3, timestamp=1778599793105}
[kafka-producer-network-thread | producer-1] INFO is.project3.SaleEventProducer - Sent sale event: SaleEvent{book_id=5, country_id=2, price=10.743163510526287, quantity=1, timestamp=1778599793155}
[kafka-producer-network-thread | producer-1] INFO is.project3.SaleEventProducer - Sent sale event: SaleEvent{book_id=4, country_id=3, price=294.69556793743624, quantity=6, timestamp=1778599793206}
[kafka-producer-network-thread | producer-1] INFO is.project3.SaleEventProducer - Sent sale event: SaleEvent{book_id=2, country_id=4, price=31.328941464463075, quantity=7, timestamp=1778599793257}
[kafka-producer-network-thread | producer-1] INFO is.project3.SaleEventProducer - Sent sale event: SaleEvent{book_id=5, country_id=3, price=10.809042955563287, quantity=4, timestamp=1778599793307}
[kafka-producer-network-thread | producer-1] INFO is.project3.SaleEventProducer - Sent sale event: SaleEvent{book_id=3, country_id=1, price=85.58359473576174, quantity=4, timestamp=1778599793358}
[kafka-producer-network-thread | producer-1] INFO is.project3.SaleEventProducer - Sent sale event: SaleEvent{book_id=4, country_id=5, price=273.6292157721676, quantity=3, timestamp=1778599793409}
[kafka-producer-network-thread | producer-1] INFO is.project3.SaleEventProducer - Sent sale event: SaleEvent{book_id=3, country_id=5, price=79.91692103152633, quantity=2, timestamp=1778599793459}
[kafka-producer-network-thread | producer-1] INFO is.project3.SaleEventProducer - Sent sale event: SaleEvent{book_id=3, country_id=2, price=73.86936444589064, quantity=7, timestamp=1778599793510}
[kafka-producer-network-thread | producer-1] INFO is.project3.SaleEventProducer - Sent sale event: SaleEvent{book_id=2, country_id=2, price=29.470264392597596, quantity=8, timestamp=1778599793560}
[kafka-producer-network-thread | producer-1] INFO is.project3.SaleEventProducer - Sent sale event: SaleEvent{book_id=2, country_id=3, price=32.54394454516584, quantity=10, timestamp=1778599793610}
[kafka-producer-network-thread | producer-1] INFO is.project3.SaleEventProducer - Sent sale event: SaleEvent{book_id=1, country_id=3, price=921.7358523420522, quantity=7, timestamp=1778599793661}
[kafka-producer-network-thread | producer-1] INFO is.project3.SaleEventProducer - Sent sale event: SaleEvent{book_id=1, country_id=3, price=823.1536457108147, quantity=3, timestamp=1778599793711}
[kafka-producer-network-thread | producer-1] INFO is.project3.SaleEventProducer - Sent sale event: SaleEvent{book_id=1, country_id=2, price=874.2063159237728, quantity=10, timestamp=1778599793761}
[kafka-producer-network-thread | producer-1] INFO is.project3.SaleEventProducer - Sent sale event: SaleEvent{book_id=4, country_id=4, price=310.0247113159593, quantity=8, timestamp=1778599793812}
[kafka-producer-network-thread | producer-1] INFO is.project3.SaleEventProducer - Sent sale event: SaleEvent{book_id=3, country_id=3, price=75.12216745702177, quantity=3, timestamp=1778599793863}
[kafka-producer-network-thread | producer-1] INFO is.project3.SaleEventProducer - Sent sale event: SaleEvent{book_id=1, country_id=5, price=883.7319502732055, quantity=4, timestamp=1778599793913}
[kafka-producer-network-thread | producer-1] INFO is.project3.SaleEventProducer - Sent sale event: SaleEvent{book_id=3, country_id=1, price=76.55090022034832, quantity=1, timestamp=1778599793964}
[kafka-producer-network-thread | producer-1] INFO is.project3.SaleEventProducer - Sent sale event: SaleEvent{book_id=5, country_id=4, price=9.792133611479187, quantity=5, timestamp=1778599794014}
[kafka-producer-network-thread | producer-1] INFO is.project3.SaleEventProducer - Sent sale event: SaleEvent{book_id=5, country_id=5, price=10.5180320294653, quantity=5, timestamp=1778599794065}
[kafka-producer-network-thread | producer-1] INFO is.project3.SaleEventProducer - Sent sale event: SaleEvent{book_id=3, country_id=5, price=86.30118434240656, quantity=2, timestamp=1778599794115}
[kafka-producer-network-thread | producer-1] INFO is.project3.SaleEventProducer - Sent sale event: SaleEvent{book_id=1, country_id=3, price=936.4081331414379, quantity=3, timestamp=1778599794166}
[kafka-producer-network-thread | producer-1] INFO is.project3.SaleEventProducer - Sent sale event: SaleEvent{book_id=3, country_id=5, price=79.5029931050863, quantity=6, timestamp=1778599794216}
[kafka-producer-network-thread | producer-1] INFO is.project3.SaleEventProducer - Sent sale event: SaleEvent{book_id=5, country_id=4, price=10.142517036181811, quantity=2, timestamp=1778599794266}
[kafka-producer-network-thread | producer-1] INFO is.project3.SaleEventProducer - Sent sale event: SaleEvent{book_id=5, country_id=1, price=9.95536877034639, quantity=7, timestamp=1778599794317}
[kafka-producer-network-thread | producer-1] INFO is.project3.SaleEventProducer - Sent sale event: SaleEvent{book_id=5, country_id=4, price=10.584687950308213, quantity=10, timestamp=1778599794367}
[kafka-producer-network-thread | producer-1] INFO is.project3.SaleEventProducer - Sent sale event: SaleEvent{book_id=1, country_id=2, price=824.1257760367199, quantity=9, timestamp=1778599794418}
[kafka-producer-network-thread | producer-1] INFO is.project3.SaleEventProducer - Sent sale event: SaleEvent{book_id=5, country_id=1, price=9.60724782002025, quantity=3, timestamp=1778599794468}
[kafka-producer-network-thread | producer-1] INFO is.project3.SaleEventProducer - Sent sale event: SaleEvent{book_id=4, country_id=4, price=329.1517362749867, quantity=3, timestamp=1778599794519}
[kafka-producer-network-thread | producer-1] INFO is.project3.SaleEventProducer - Sent sale event: SaleEvent{book_id=2, country_id=2, price=30.75885078017581, quantity=5, timestamp=1778599794569}
[kafka-producer-network-thread | producer-1] INFO is.project3.SaleEventProducer - Sent sale event: SaleEvent{book_id=1, country_id=3, price=812.4411617365948, quantity=3, timestamp=1778599794620}
[kafka-producer-network-thread | producer-1] INFO is.project3.SaleEventProducer - Sent sale event: SaleEvent{book_id=5, country_id=5, price=10.047260908118236, quantity=6, timestamp=1778599794670}
[kafka-producer-network-thread | producer-1] INFO is.project3.SaleEventProducer - Sent sale event: SaleEvent{book_id=2, country_id=5, price=31.98600050392322, quantity=6, timestamp=1778599794721}
[kafka-producer-network-thread | producer-1] INFO is.project3.SaleEventProducer - Sent sale event: SaleEvent{book_id=2, country_id=4, price=29.05937061911858, quantity=6, timestamp=1778599794771}
[kafka-producer-network-thread | producer-1] INFO is.project3.SaleEventProducer - Sent sale event: SaleEvent{book_id=5, country_id=1, price=9.626908873425007, quantity=7, timestamp=1778599794822}
[kafka-producer-network-thread | producer-1] INFO is.project3.SaleEventProducer - Sent sale event: SaleEvent{book_id=2, country_id=5, price=30.613044913975568, quantity=7, timestamp=1778599794873}
[kafka-producer-network-thread | producer-1] INFO is.project3.SaleEventProducer - Sent sale event: SaleEvent{book_id=1, country_id=2, price=819.6305494774193, quantity=4, timestamp=1778599794923}
[kafka-producer-network-thread | producer-1] INFO is.project3.SaleEventProducer - Sent sale event: SaleEvent{book_id=5, country_id=5, price=10.887895999039149, quantity=4, timestamp=1778599794974}
[kafka-producer-network-thread | producer-1] INFO is.project3.SaleEventProducer - Sent sale event: SaleEvent{book_id=5, country_id=4, price=9.079243763748527, quantity=1, timestamp=1778599795024}
[kafka-producer-network-thread | producer-1] INFO is.project3.SaleEventProducer - Sent sale event: SaleEvent{book_id=5, country_id=2, price=10.875840204916353, quantity=1, timestamp=1778599795075}
[kafka-producer-network-thread | producer-1] INFO is.project3.SaleEventProducer - Sent sale event: SaleEvent{book_id=1, country_id=4, price=944.0804654823751, quantity=1, timestamp=1778599795125}
[kafka-producer-network-thread | producer-1] INFO is.project3.SaleEventProducer - Sent sale event: SaleEvent{book_id=4, country_id=2, price=297.48152037990627, quantity=9, timestamp=1778599795175}
[kafka-producer-network-thread | producer-1] INFO is.project3.SaleEventProducer - Sent sale event: SaleEvent{book_id=5, country_id=2, price=9.72480524105528, quantity=8, timestamp=1778599795226}
[kafka-producer-network-thread | producer-1] INFO is.project3.SaleEventProducer - Sent sale event: SaleEvent{book_id=1, country_id=2, price=878.5507514574056, quantity=5, timestamp=1778599795276}
[kafka-producer-network-thread | producer-1] INFO is.project3.SaleEventProducer - Sent sale event: SaleEvent{book_id=4, country_id=3, price=320.0493744450695, quantity=8, timestamp=1778599795327}
[kafka-producer-network-thread | producer-1] INFO is.project3.SaleEventProducer - Sent sale event: SaleEvent{book_id=5, country_id=4, price=10.606119606618101, quantity=3, timestamp=1778599795377}
[kafka-producer-network-thread | producer-1] INFO is.project3.SaleEventProducer - Sent sale event: SaleEvent{book_id=1, country_id=5, price=844.618450177143, quantity=3, timestamp=1778599795427}
[kafka-producer-network-thread | producer-1] INFO is.project3.SaleEventProducer - Sent sale event: SaleEvent{book_id=4, country_id=2, price=274.06096927745784, quantity=8, timestamp=1778599795478}
[kafka-producer-network-thread | producer-1] INFO is.project3.SaleEventProducer - Sent sale event: SaleEvent{book_id=5, country_id=2, price=10.923362660162699, quantity=10, timestamp=1778599795528}
[kafka-producer-network-thread | producer-1] INFO is.project3.SaleEventProducer - Sent sale event: SaleEvent{book_id=4, country_id=2, price=273.4174897099455, quantity=7, timestamp=1778599795579}
[kafka-producer-network-thread | producer-1] INFO is.project3.SaleEventProducer - Sent sale event: SaleEvent{book_id=3, country_id=2, price=74.08937505106667, quantity=10, timestamp=1778599795629}
[kafka-producer-network-thread | producer-1] INFO is.project3.SaleEventProducer - Sent sale event: SaleEvent{book_id=1, country_id=2, price=935.8284526105449, quantity=5, timestamp=1778599795679}
[kafka-producer-network-thread | producer-1] INFO is.project3.SaleEventProducer - Sent sale event: SaleEvent{book_id=3, country_id=4, price=86.72436593070115, quantity=1, timestamp=1778599795730}
[kafka-producer-network-thread | producer-1] INFO is.project3.SaleEventProducer - Sent sale event: SaleEvent{book_id=3, country_id=4, price=79.3343389172986, quantity=1, timestamp=1778599795781}
[kafka-producer-network-thread | producer-1] INFO is.project3.SaleEventProducer - Sent sale event: SaleEvent{book_id=3, country_id=4, price=80.69902746511521, quantity=2, timestamp=1778599795831}
[kafka-producer-network-thread | producer-1] INFO is.project3.SaleEventProducer - Sent sale event: SaleEvent{book_id=2, country_id=2, price=32.70519397123562, quantity=2, timestamp=1778599795882}
[kafka-producer-network-thread | producer-1] INFO is.project3.SaleEventProducer - Sent sale event: SaleEvent{book_id=1, country_id=4, price=943.1063701345877, quantity=6, timestamp=1778599795932}
[kafka-producer-network-thread | producer-1] INFO is.project3.SaleEventProducer - Sent sale event: SaleEvent{book_id=5, country_id=5, price=10.12964953880116, quantity=3, timestamp=1778599795983}
[kafka-producer-network-thread | producer-1] INFO is.project3.SaleEventProducer - Sent sale event: SaleEvent{book_id=5, country_id=4, price=9.739692850166566, quantity=7, timestamp=1778599796033}
[kafka-producer-network-thread | producer-1] INFO is.project3.SaleEventProducer - Sent sale event: SaleEvent{book_id=1, country_id=5, price=844.1174613485426, quantity=4, timestamp=1778599796084}
[kafka-producer-network-thread | producer-1] INFO is.project3.SaleEventProducer - Sent sale event: SaleEvent{book_id=2, country_id=3, price=27.567401367796872, quantity=9, timestamp=1778599796134}
[kafka-producer-network-thread | producer-1] INFO is.project3.SaleEventProducer - Sent sale event: SaleEvent{book_id=3, country_id=4, price=75.43571844012646, quantity=5, timestamp=1778599796184}
[kafka-producer-network-thread | producer-1] INFO is.project3.SaleEventProducer - Sent sale event: SaleEvent{book_id=5, country_id=5, price=9.556628335193786, quantity=1, timestamp=1778599796235}
[kafka-producer-network-thread | producer-1] INFO is.project3.SaleEventProducer - Sent sale event: SaleEvent{book_id=2, country_id=3, price=28.47164890601562, quantity=9, timestamp=1778599796286}
[kafka-producer-network-thread | producer-1] INFO is.project3.SaleEventProducer - Sent sale event: SaleEvent{book_id=1, country_id=5, price=901.9750482108832, quantity=6, timestamp=1778599796336}
[kafka-producer-network-thread | producer-1] INFO is.project3.SaleEventProducer - Sent sale event: SaleEvent{book_id=1, country_id=3, price=939.3592061333312, quantity=8, timestamp=1778599796386}
[kafka-producer-network-thread | producer-1] INFO is.project3.SaleEventProducer - Sent sale event: SaleEvent{book_id=5, country_id=4, price=9.43964019673836, quantity=2, timestamp=1778599796437}
[kafka-producer-network-thread | producer-1] INFO is.project3.SaleEventProducer - Sent sale event: SaleEvent{book_id=2, country_id=5, price=29.028692265574144, quantity=5, timestamp=1778599796487}
[kafka-producer-network-thread | producer-1] INFO is.project3.SaleEventProducer - Sent sale event: SaleEvent{book_id=2, country_id=1, price=29.662428913791917, quantity=1, timestamp=1778599796538}
[kafka-producer-network-thread | producer-1] INFO is.project3.SaleEventProducer - Sent sale event: SaleEvent{book_id=1, country_id=5, price=870.5153299935231, quantity=4, timestamp=1778599796588}
[kafka-producer-network-thread | producer-1] INFO is.project3.SaleEventProducer - Sent sale event: SaleEvent{book_id=3, country_id=4, price=87.9367820439711, quantity=5, timestamp=1778599796638}
[kafka-producer-network-thread | producer-1] INFO is.project3.SaleEventProducer - Sent sale event: SaleEvent{book_id=4, country_id=3, price=327.900371252174, quantity=4, timestamp=1778599796689}
[kafka-producer-network-thread | producer-1] INFO is.project3.SaleEventProducer - Sent sale event: SaleEvent{book_id=2, country_id=2, price=32.36275090311002, quantity=7, timestamp=1778599796739}
[kafka-producer-network-thread | producer-1] INFO is.project3.SaleEventProducer - Sent sale event: SaleEvent{book_id=2, country_id=2, price=27.98069089008916, quantity=8, timestamp=1778599796790}
[kafka-producer-network-thread | producer-1] INFO is.project3.SaleEventProducer - Sent sale event: SaleEvent{book_id=3, country_id=4, price=79.18190812985212, quantity=1, timestamp=1778599796840}
[kafka-producer-network-thread | producer-1] INFO is.project3.SaleEventProducer - Sent sale event: SaleEvent{book_id=3, country_id=2, price=77.20453733350206, quantity=7, timestamp=1778599796891}
[kafka-producer-network-thread | producer-1] INFO is.project3.SaleEventProducer - Sent sale event: SaleEvent{book_id=2, country_id=5, price=30.365589254131894, quantity=6, timestamp=1778599796942}
[kafka-producer-network-thread | producer-1] INFO is.project3.SaleEventProducer - Sent sale event: SaleEvent{book_id=1, country_id=3, price=906.8291133748759, quantity=2, timestamp=1778599796992}
[kafka-producer-network-thread | producer-1] INFO is.project3.SaleEventProducer - Sent sale event: SaleEvent{book_id=1, country_id=2, price=863.9415736227594, quantity=3, timestamp=1778599797042}
[kafka-producer-network-thread | producer-1] INFO is.project3.SaleEventProducer - Sent sale event: SaleEvent{book_id=2, country_id=3, price=28.476557626563597, quantity=7, timestamp=1778599797093}
[kafka-producer-network-thread | producer-1] INFO is.project3.SaleEventProducer - Sent sale event: SaleEvent{book_id=3, country_id=5, price=80.73741880265398, quantity=1, timestamp=1778599797143}
[kafka-producer-network-thread | producer-1] INFO is.project3.SaleEventProducer - Sent sale event: SaleEvent{book_id=2, country_id=3, price=32.36515242887891, quantity=4, timestamp=1778599797194}
[kafka-producer-network-thread | producer-1] INFO is.project3.SaleEventProducer - Sent sale event: SaleEvent{book_id=5, country_id=5, price=10.495532296375172, quantity=8, timestamp=1778599797244}
[kafka-producer-network-thread | producer-1] INFO is.project3.SaleEventProducer - Sent sale event: SaleEvent{book_id=4, country_id=4, price=281.1107922708131, quantity=3, timestamp=1778599797295}
[kafka-producer-network-thread | producer-1] INFO is.project3.SaleEventProducer - Sent sale event: SaleEvent{book_id=5, country_id=3, price=10.22237063934771, quantity=8, timestamp=1778599797345}
[kafka-producer-network-thread | producer-1] INFO is.project3.SaleEventProducer - Sent sale event: SaleEvent{book_id=1, country_id=3, price=904.4355175719767, quantity=4, timestamp=1778599797395}
[kafka-producer-network-thread | producer-1] INFO is.project3.SaleEventProducer - Sent sale event: SaleEvent{book_id=4, country_id=3, price=277.6703760472886, quantity=3, timestamp=1778599797446}
[kafka-producer-network-thread | producer-1] INFO is.project3.SaleEventProducer - Sent sale event: SaleEvent{book_id=4, country_id=3, price=303.38504788858927, quantity=6, timestamp=1778599797496}
[kafka-producer-network-thread | producer-1] INFO is.project3.SaleEventProducer - Sent sale event: SaleEvent{book_id=2, country_id=3, price=30.953534020961698, quantity=7, timestamp=1778599797547}
[kafka-producer-network-thread | producer-1] INFO is.project3.SaleEventProducer - Sent sale event: SaleEvent{book_id=1, country_id=1, price=845.8624486662538, quantity=8, timestamp=1778599797597}
[kafka-producer-network-thread | producer-1] INFO is.project3.SaleEventProducer - Sent sale event: SaleEvent{book_id=5, country_id=1, price=9.44429968771148, quantity=8, timestamp=1778599797648}
[kafka-producer-network-thread | producer-1] INFO is.project3.SaleEventProducer - Sent sale event: SaleEvent{book_id=4, country_id=1, price=326.1468697364436, quantity=1, timestamp=1778599797698}
[kafka-producer-network-thread | producer-1] INFO is.project3.SaleEventProducer - Sent sale event: SaleEvent{book_id=1, country_id=3, price=973.1437559056934, quantity=10, timestamp=1778599797749}
[kafka-producer-network-thread | producer-1] INFO is.project3.SaleEventProducer - Sent sale event: SaleEvent{book_id=4, country_id=4, price=294.60287386914894, quantity=7, timestamp=1778599797799}
[kafka-producer-network-thread | producer-1] INFO is.project3.SaleEventProducer - Sent sale event: SaleEvent{book_id=4, country_id=1, price=296.10136269715684, quantity=6, timestamp=1778599797850}
[kafka-producer-network-thread | producer-1] INFO is.project3.SaleEventProducer - Sent sale event: SaleEvent{book_id=3, country_id=5, price=75.43791859200269, quantity=7, timestamp=1778599797900}
[kafka-producer-network-thread | producer-1] INFO is.project3.SaleEventProducer - Sent sale event: SaleEvent{book_id=4, country_id=3, price=315.43061955981585, quantity=8, timestamp=1778599797950}
[kafka-producer-network-thread | producer-1] INFO is.project3.SaleEventProducer - Sent sale event: SaleEvent{book_id=5, country_id=1, price=9.628587285507505, quantity=9, timestamp=1778599798001}
[kafka-producer-network-thread | producer-1] INFO is.project3.SaleEventProducer - Sent sale event: SaleEvent{book_id=4, country_id=3, price=281.1879590076681, quantity=10, timestamp=1778599798051}
[kafka-producer-network-thread | producer-1] INFO is.project3.SaleEventProducer - Sent sale event: SaleEvent{book_id=3, country_id=1, price=81.60812804671832, quantity=3, timestamp=1778599798101}
[kafka-producer-network-thread | producer-1] INFO is.project3.SaleEventProducer - Sent sale event: SaleEvent{book_id=1, country_id=3, price=955.2711152658862, quantity=1, timestamp=1778599798152}
[kafka-producer-network-thread | producer-1] INFO is.project3.SaleEventProducer - Sent sale event: SaleEvent{book_id=1, country_id=1, price=839.9104895700722, quantity=4, timestamp=1778599798202}
[kafka-producer-network-thread | producer-1] INFO is.project3.SaleEventProducer - Sent sale event: SaleEvent{book_id=4, country_id=1, price=272.55393164461555, quantity=5, timestamp=1778599798253}
[kafka-producer-network-thread | producer-1] INFO is.project3.SaleEventProducer - Sent sale event: SaleEvent{book_id=1, country_id=4, price=932.992930344086, quantity=1, timestamp=1778599798303}
[kafka-producer-network-thread | producer-1] INFO is.project3.SaleEventProducer - Sent sale event: SaleEvent{book_id=1, country_id=5, price=851.9793776182713, quantity=1, timestamp=1778599798354}
[kafka-producer-network-thread | producer-1] INFO is.project3.SaleEventProducer - Sent sale event: SaleEvent{book_id=5, country_id=2, price=9.82290309699869, quantity=10, timestamp=1778599798404}
[kafka-producer-network-thread | producer-1] INFO is.project3.SaleEventProducer - Sent sale event: SaleEvent{book_id=2, country_id=4, price=32.01277663062521, quantity=4, timestamp=1778599798454}
[kafka-producer-network-thread | producer-1] INFO is.project3.SaleEventProducer - Sent sale event: SaleEvent{book_id=4, country_id=4, price=328.607399223056, quantity=2, timestamp=1778599798505}
[kafka-producer-network-thread | producer-1] INFO is.project3.SaleEventProducer - Sent sale event: SaleEvent{book_id=4, country_id=5, price=309.8250529221887, quantity=1, timestamp=1778599798555}
[kafka-producer-network-thread | producer-1] INFO is.project3.SaleEventProducer - Sent sale event: SaleEvent{book_id=3, country_id=3, price=76.40521601575139, quantity=9, timestamp=1778599798605}
[kafka-producer-network-thread | producer-1] INFO is.project3.SaleEventProducer - Sent sale event: SaleEvent{book_id=4, country_id=5, price=274.57936037007545, quantity=10, timestamp=1778599798656}
[kafka-producer-network-thread | producer-1] INFO is.project3.SaleEventProducer - Sent sale event: SaleEvent{book_id=1, country_id=4, price=896.0608976841306, quantity=8, timestamp=1778599798706}
[kafka-producer-network-thread | producer-1] INFO is.project3.SaleEventProducer - Sent sale event: SaleEvent{book_id=1, country_id=1, price=977.4483098640086, quantity=6, timestamp=1778599798756}
[kafka-producer-network-thread | producer-1] INFO is.project3.SaleEventProducer - Sent sale event: SaleEvent{book_id=1, country_id=5, price=857.548264095455, quantity=2, timestamp=1778599798807}
[kafka-producer-network-thread | producer-1] INFO is.project3.SaleEventProducer - Sent sale event: SaleEvent{book_id=3, country_id=2, price=81.60157557195491, quantity=2, timestamp=1778599798857}
[kafka-producer-network-thread | producer-1] INFO is.project3.SaleEventProducer - Sent sale event: SaleEvent{book_id=4, country_id=3, price=293.3967067131393, quantity=10, timestamp=1778599798907}
[kafka-producer-network-thread | producer-1] INFO is.project3.SaleEventProducer - Sent sale event: SaleEvent{book_id=4, country_id=2, price=287.5629548225849, quantity=1, timestamp=1778599798958}
[kafka-producer-network-thread | producer-1] INFO is.project3.SaleEventProducer - Sent sale event: SaleEvent{book_id=3, country_id=2, price=81.55309902523639, quantity=2, timestamp=1778599799009}
[kafka-producer-network-thread | producer-1] INFO is.project3.SaleEventProducer - Sent sale event: SaleEvent{book_id=1, country_id=2, price=946.828015455506, quantity=10, timestamp=1778599799059}
[kafka-producer-network-thread | producer-1] INFO is.project3.SaleEventProducer - Sent sale event: SaleEvent{book_id=4, country_id=2, price=282.87331933749624, quantity=4, timestamp=1778599799109}
[kafka-producer-network-thread | producer-1] INFO is.project3.SaleEventProducer - Sent sale event: SaleEvent{book_id=5, country_id=4, price=10.236663103134374, quantity=2, timestamp=1778599799160}
[kafka-producer-network-thread | producer-1] INFO is.project3.SaleEventProducer - Sent sale event: SaleEvent{book_id=4, country_id=1, price=282.0867061294359, quantity=6, timestamp=1778599799210}
[kafka-producer-network-thread | producer-1] INFO is.project3.SaleEventProducer - Sent sale event: SaleEvent{book_id=3, country_id=3, price=79.63286415107919, quantity=7, timestamp=1778599799261}
[kafka-producer-network-thread | producer-1] INFO is.project3.SaleEventProducer - Sent sale event: SaleEvent{book_id=4, country_id=5, price=308.2115554376129, quantity=6, timestamp=1778599799311}
[kafka-producer-network-thread | producer-1] INFO is.project3.SaleEventProducer - Sent sale event: SaleEvent{book_id=5, country_id=3, price=9.420218610692107, quantity=8, timestamp=1778599799362}
[kafka-producer-network-thread | producer-1] INFO is.project3.SaleEventProducer - Sent sale event: SaleEvent{book_id=2, country_id=5, price=27.28909168482102, quantity=5, timestamp=1778599799412}
[kafka-producer-network-thread | producer-1] INFO is.project3.SaleEventProducer - Sent sale event: SaleEvent{book_id=5, country_id=1, price=9.647659403070266, quantity=6, timestamp=1778599799463}
[kafka-producer-network-thread | producer-1] INFO is.project3.SaleEventProducer - Sent sale event: SaleEvent{book_id=2, country_id=2, price=31.82538227362555, quantity=8, timestamp=1778599799513}
[kafka-producer-network-thread | producer-1] INFO is.project3.SaleEventProducer - Sent sale event: SaleEvent{book_id=1, country_id=5, price=970.5461509925526, quantity=6, timestamp=1778599799563}
[kafka-producer-network-thread | producer-1] INFO is.project3.SaleEventProducer - Sent sale event: SaleEvent{book_id=5, country_id=3, price=9.469346740055167, quantity=4, timestamp=1778599799614}
[kafka-producer-network-thread | producer-1] INFO is.project3.SaleEventProducer - Sent sale event: SaleEvent{book_id=1, country_id=3, price=901.9692840331702, quantity=4, timestamp=1778599799664}
[kafka-producer-network-thread | producer-1] INFO is.project3.SaleEventProducer - Sent sale event: SaleEvent{book_id=2, country_id=3, price=31.6032586276618, quantity=2, timestamp=1778599799714}
[kafka-producer-network-thread | producer-1] INFO is.project3.SaleEventProducer - Sent sale event: SaleEvent{book_id=3, country_id=5, price=82.37745361070954, quantity=5, timestamp=1778599799765}
[kafka-producer-network-thread | producer-1] INFO is.project3.SaleEventProducer - Sent sale event: SaleEvent{book_id=4, country_id=1, price=276.8156364226449, quantity=10, timestamp=1778599799815}
[kafka-producer-network-thread | producer-1] INFO is.project3.SaleEventProducer - Sent sale event: SaleEvent{book_id=4, country_id=2, price=298.361732212347, quantity=8, timestamp=1778599799865}
[kafka-producer-network-thread | producer-1] INFO is.project3.SaleEventProducer - Sent sale event: SaleEvent{book_id=5, country_id=5, price=9.971648253180396, quantity=7, timestamp=1778599799916}
[kafka-producer-network-thread | producer-1] INFO is.project3.SaleEventProducer - Sent sale event: SaleEvent{book_id=3, country_id=5, price=76.95299318460576, quantity=1, timestamp=1778599799966}
[kafka-producer-network-thread | producer-1] INFO is.project3.SaleEventProducer - Sent sale event: SaleEvent{book_id=2, country_id=3, price=32.190949495337684, quantity=10, timestamp=1778599800017}
[kafka-producer-network-thread | producer-1] INFO is.project3.SaleEventProducer - Sent sale event: SaleEvent{book_id=4, country_id=5, price=286.3599733404275, quantity=1, timestamp=1778599800067}
[kafka-producer-network-thread | producer-1] INFO is.project3.SaleEventProducer - Sent sale event: SaleEvent{book_id=3, country_id=2, price=78.25813156343746, quantity=8, timestamp=1778599800117}
[kafka-producer-network-thread | producer-1] INFO is.project3.SaleEventProducer - Sent sale event: SaleEvent{book_id=1, country_id=4, price=916.1956627544733, quantity=5, timestamp=1778599800168}
[kafka-producer-network-thread | producer-1] INFO is.project3.SaleEventProducer - Sent sale event: SaleEvent{book_id=3, country_id=3, price=77.21180720671401, quantity=6, timestamp=1778599800218}
[kafka-producer-network-thread | producer-1] INFO is.project3.SaleEventProducer - Sent sale event: SaleEvent{book_id=3, country_id=3, price=72.56649458994384, quantity=10, timestamp=1778599800268}
[kafka-producer-network-thread | producer-1] INFO is.project3.SaleEventProducer - Sent sale event: SaleEvent{book_id=1, country_id=1, price=989.2325160029174, quantity=7, timestamp=1778599800319}
[kafka-producer-network-thread | producer-1] INFO is.project3.SaleEventProducer - Sent sale event: SaleEvent{book_id=4, country_id=5, price=286.06951513566065, quantity=9, timestamp=1778599800369}
[kafka-producer-network-thread | producer-1] INFO is.project3.SaleEventProducer - Sent sale event: SaleEvent{book_id=2, country_id=2, price=27.23904704472133, quantity=10, timestamp=1778599800419}
[kafka-producer-network-thread | producer-1] INFO is.project3.SaleEventProducer - Sent sale event: SaleEvent{book_id=2, country_id=1, price=28.814151334840226, quantity=1, timestamp=1778599800470}
[kafka-producer-network-thread | producer-1] INFO is.project3.SaleEventProducer - Sent sale event: SaleEvent{book_id=4, country_id=4, price=311.14529981270675, quantity=4, timestamp=1778599800520}
[kafka-producer-network-thread | producer-1] INFO is.project3.SaleEventProducer - Sent sale event: SaleEvent{book_id=1, country_id=4, price=988.183851425857, quantity=10, timestamp=1778599800571}
[kafka-producer-network-thread | producer-1] INFO is.project3.SaleEventProducer - Sent sale event: SaleEvent{book_id=4, country_id=1, price=322.43999864634543, quantity=9, timestamp=1778599800621}
[kafka-producer-network-thread | producer-1] INFO is.project3.SaleEventProducer - Sent sale event: SaleEvent{book_id=3, country_id=1, price=82.22181294095851, quantity=9, timestamp=1778599800672}
[kafka-producer-network-thread | producer-1] INFO is.project3.SaleEventProducer - Sent sale event: SaleEvent{book_id=2, country_id=3, price=31.892760249961587, quantity=9, timestamp=1778599800722}
[kafka-producer-network-thread | producer-1] INFO is.project3.SaleEventProducer - Sent sale event: SaleEvent{book_id=4, country_id=1, price=270.9334392176656, quantity=9, timestamp=1778599800772}
[kafka-producer-network-thread | producer-1] INFO is.project3.SaleEventProducer - Sent sale event: SaleEvent{book_id=4, country_id=4, price=273.48260912223236, quantity=2, timestamp=1778599800823}
[kafka-producer-network-thread | producer-1] INFO is.project3.SaleEventProducer - Sent sale event: SaleEvent{book_id=5, country_id=2, price=10.191010991105461, quantity=5, timestamp=1778599800873}
[kafka-producer-network-thread | producer-1] INFO is.project3.SaleEventProducer - Sent sale event: SaleEvent{book_id=4, country_id=2, price=295.1869064242285, quantity=6, timestamp=1778599800924}
[kafka-producer-network-thread | producer-1] INFO is.project3.SaleEventProducer - Sent sale event: SaleEvent{book_id=3, country_id=2, price=75.03702475621496, quantity=7, timestamp=1778599800974}
[kafka-producer-network-thread | producer-1] INFO is.project3.SaleEventProducer - Sent sale event: SaleEvent{book_id=3, country_id=2, price=74.28746262898886, quantity=10, timestamp=1778599801024}
[kafka-producer-network-thread | producer-1] INFO is.project3.SaleEventProducer - Sent sale event: SaleEvent{book_id=1, country_id=5, price=906.8922135584811, quantity=3, timestamp=1778599801075}
[kafka-producer-network-thread | producer-1] INFO is.project3.SaleEventProducer - Sent sale event: SaleEvent{book_id=3, country_id=2, price=77.0415734723738, quantity=7, timestamp=1778599801125}
[kafka-producer-network-thread | producer-1] INFO is.project3.SaleEventProducer - Sent sale event: SaleEvent{book_id=5, country_id=3, price=10.417604834505173, quantity=1, timestamp=1778599801175}
[kafka-producer-network-thread | producer-1] INFO is.project3.SaleEventProducer - Sent sale event: SaleEvent{book_id=4, country_id=5, price=299.8999380736483, quantity=4, timestamp=1778599801226}
[kafka-producer-network-thread | producer-1] INFO is.project3.SaleEventProducer - Sent sale event: SaleEvent{book_id=4, country_id=2, price=303.84912418068296, quantity=2, timestamp=1778599801276}
[kafka-producer-network-thread | producer-1] INFO is.project3.SaleEventProducer - Sent sale event: SaleEvent{book_id=5, country_id=4, price=10.64456703451707, quantity=1, timestamp=1778599801327}
[kafka-producer-network-thread | producer-1] INFO is.project3.SaleEventProducer - Sent sale event: SaleEvent{book_id=1, country_id=2, price=854.9737441368964, quantity=4, timestamp=1778599801377}
[kafka-producer-network-thread | producer-1] INFO is.project3.SaleEventProducer - Sent sale event: SaleEvent{book_id=5, country_id=3, price=10.160502085338585, quantity=1, timestamp=1778599801427}
[kafka-producer-network-thread | producer-1] INFO is.project3.SaleEventProducer - Sent sale event: SaleEvent{book_id=3, country_id=4, price=76.42520801805351, quantity=3, timestamp=1778599801478}
[kafka-producer-network-thread | producer-1] INFO is.project3.SaleEventProducer - Sent sale event: SaleEvent{book_id=4, country_id=1, price=273.3490761367225, quantity=8, timestamp=1778599801528}
[kafka-producer-network-thread | producer-1] INFO is.project3.SaleEventProducer - Sent sale event: SaleEvent{book_id=3, country_id=3, price=77.85240169575962, quantity=2, timestamp=1778599801578}
[kafka-producer-network-thread | producer-1] INFO is.project3.SaleEventProducer - Sent sale event: SaleEvent{book_id=5, country_id=3, price=9.44252505590882, quantity=7, timestamp=1778599801629}
[kafka-producer-network-thread | producer-1] INFO is.project3.SaleEventProducer - Sent sale event: SaleEvent{book_id=3, country_id=1, price=76.92817333859868, quantity=8, timestamp=1778599801679}
[kafka-producer-network-thread | producer-1] INFO is.project3.SaleEventProducer - Sent sale event: SaleEvent{book_id=3, country_id=5, price=77.61047816140022, quantity=4, timestamp=1778599801729}
[kafka-producer-network-thread | producer-1] INFO is.project3.SaleEventProducer - Sent sale event: SaleEvent{book_id=2, country_id=1, price=31.47843787147763, quantity=10, timestamp=1778599801780}
[kafka-producer-network-thread | producer-1] INFO is.project3.SaleEventProducer - Sent sale event: SaleEvent{book_id=4, country_id=4, price=303.08034076624654, quantity=6, timestamp=1778599801830}
[kafka-producer-network-thread | producer-1] INFO is.project3.SaleEventProducer - Sent sale event: SaleEvent{book_id=1, country_id=3, price=927.2795190943822, quantity=2, timestamp=1778599801881}
[kafka-producer-network-thread | producer-1] INFO is.project3.SaleEventProducer - Sent sale event: SaleEvent{book_id=3, country_id=1, price=81.5107356600181, quantity=7, timestamp=1778599801931}
[kafka-producer-network-thread | producer-1] INFO is.project3.SaleEventProducer - Sent sale event: SaleEvent{book_id=3, country_id=3, price=80.17021923961995, quantity=1, timestamp=1778599801981}
[kafka-producer-network-thread | producer-1] INFO is.project3.SaleEventProducer - Sent sale event: SaleEvent{book_id=1, country_id=2, price=894.1752915428608, quantity=2, timestamp=1778599802032}
[kafka-producer-network-thread | producer-1] INFO is.project3.SaleEventProducer - Sent sale event: SaleEvent{book_id=4, country_id=1, price=320.956298743639, quantity=9, timestamp=1778599802082}
[kafka-producer-network-thread | producer-1] INFO is.project3.SaleEventProducer - Sent sale event: SaleEvent{book_id=3, country_id=3, price=86.59577958723463, quantity=4, timestamp=1778599802133}
[kafka-producer-network-thread | producer-1] INFO is.project3.SaleEventProducer - Sent sale event: SaleEvent{book_id=5, country_id=1, price=10.929764032566307, quantity=7, timestamp=1778599802183}
[kafka-producer-network-thread | producer-1] INFO is.project3.SaleEventProducer - Sent sale event: SaleEvent{book_id=1, country_id=3, price=960.1051065902471, quantity=2, timestamp=1778599802234}
[kafka-producer-network-thread | producer-1] INFO is.project3.SaleEventProducer - Sent sale event: SaleEvent{book_id=5, country_id=1, price=9.119584838977717, quantity=7, timestamp=1778599802284}
[kafka-producer-network-thread | producer-1] INFO is.project3.SaleEventProducer - Sent sale event: SaleEvent{book_id=5, country_id=1, price=10.435794510418612, quantity=5, timestamp=1778599802334}
[kafka-producer-network-thread | producer-1] INFO is.project3.SaleEventProducer - Sent sale event: SaleEvent{book_id=1, country_id=2, price=892.5979703189992, quantity=9, timestamp=1778599802385}
[kafka-producer-network-thread | producer-1] INFO is.project3.SaleEventProducer - Sent sale event: SaleEvent{book_id=4, country_id=2, price=291.1117516783303, quantity=4, timestamp=1778599802435}
[kafka-producer-network-thread | producer-1] INFO is.project3.SaleEventProducer - Sent sale event: SaleEvent{book_id=4, country_id=5, price=299.8090850878831, quantity=6, timestamp=1778599802486}
[kafka-producer-network-thread | producer-1] INFO is.project3.SaleEventProducer - Sent sale event: SaleEvent{book_id=5, country_id=3, price=10.126253478894428, quantity=8, timestamp=1778599802536}
[kafka-producer-network-thread | producer-1] INFO is.project3.SaleEventProducer - Sent sale event: SaleEvent{book_id=4, country_id=3, price=276.7772710763189, quantity=7, timestamp=1778599802586}
[kafka-producer-network-thread | producer-1] INFO is.project3.SaleEventProducer - Sent sale event: SaleEvent{book_id=3, country_id=4, price=79.88389060211902, quantity=2, timestamp=1778599802637}
[kafka-producer-network-thread | producer-1] INFO is.project3.SaleEventProducer - Sent sale event: SaleEvent{book_id=1, country_id=4, price=919.7342880667514, quantity=10, timestamp=1778599802687}
[kafka-producer-network-thread | producer-1] INFO is.project3.SaleEventProducer - Sent sale event: SaleEvent{book_id=1, country_id=1, price=989.0624350697523, quantity=8, timestamp=1778599802738}
[kafka-producer-network-thread | producer-1] INFO is.project3.SaleEventProducer - Sent sale event: SaleEvent{book_id=5, country_id=3, price=10.332141606625783, quantity=5, timestamp=1778599802788}
[kafka-producer-network-thread | producer-1] INFO is.project3.SaleEventProducer - Sent sale event: SaleEvent{book_id=5, country_id=4, price=10.789971818493555, quantity=10, timestamp=1778599802838}
[kafka-producer-network-thread | producer-1] INFO is.project3.SaleEventProducer - Sent sale event: SaleEvent{book_id=5, country_id=4, price=10.413663460113932, quantity=10, timestamp=1778599802888}
[kafka-producer-network-thread | producer-1] INFO is.project3.SaleEventProducer - Sent sale event: SaleEvent{book_id=1, country_id=5, price=831.8538846276531, quantity=7, timestamp=1778599802939}
[kafka-producer-network-thread | producer-1] INFO is.project3.SaleEventProducer - Sent sale event: SaleEvent{book_id=4, country_id=4, price=287.6355645184676, quantity=6, timestamp=1778599802989}
[kafka-producer-network-thread | producer-1] INFO is.project3.SaleEventProducer - Sent sale event: SaleEvent{book_id=2, country_id=5, price=28.207088775311323, quantity=1, timestamp=1778599803039}
[kafka-producer-network-thread | producer-1] INFO is.project3.SaleEventProducer - Sent sale event: SaleEvent{book_id=3, country_id=4, price=73.89763818182742, quantity=10, timestamp=1778599803090}
[kafka-producer-network-thread | producer-1] INFO is.project3.SaleEventProducer - Sent sale event: SaleEvent{book_id=5, country_id=2, price=9.49715803197408, quantity=6, timestamp=1778599803140}
[kafka-producer-network-thread | producer-1] INFO is.project3.SaleEventProducer - Sent sale event: SaleEvent{book_id=5, country_id=4, price=10.194524523281753, quantity=3, timestamp=1778599803190}
[kafka-producer-network-thread | producer-1] INFO is.project3.SaleEventProducer - Sent sale event: SaleEvent{book_id=2, country_id=4, price=29.221387346742475, quantity=2, timestamp=1778599803240}
[kafka-producer-network-thread | producer-1] INFO is.project3.SaleEventProducer - Sent sale event: SaleEvent{book_id=3, country_id=4, price=84.68598298434432, quantity=6, timestamp=1778599803291}
[kafka-producer-network-thread | producer-1] INFO is.project3.SaleEventProducer - Sent sale event: SaleEvent{book_id=5, country_id=5, price=10.060661879553617, quantity=5, timestamp=1778599803341}
[kafka-producer-network-thread | producer-1] INFO is.project3.SaleEventProducer - Sent sale event: SaleEvent{book_id=2, country_id=1, price=31.16354061901799, quantity=10, timestamp=1778599803392}
[kafka-producer-network-thread | producer-1] INFO is.project3.SaleEventProducer - Sent sale event: SaleEvent{book_id=2, country_id=5, price=31.49212604951321, quantity=9, timestamp=1778599803442}
[kafka-producer-network-thread | producer-1] INFO is.project3.SaleEventProducer - Sent sale event: SaleEvent{book_id=1, country_id=3, price=982.2593837564166, quantity=7, timestamp=1778599803492}
[kafka-producer-network-thread | producer-1] INFO is.project3.SaleEventProducer - Sent sale event: SaleEvent{book_id=1, country_id=4, price=943.8651015150197, quantity=6, timestamp=1778599803543}
[kafka-producer-network-thread | producer-1] INFO is.project3.SaleEventProducer - Sent sale event: SaleEvent{book_id=5, country_id=5, price=10.878071483601346, quantity=1, timestamp=1778599803593}
[kafka-producer-network-thread | producer-1] INFO is.project3.SaleEventProducer - Sent sale event: SaleEvent{book_id=3, country_id=3, price=72.7085129847274, quantity=8, timestamp=1778599803644}
[kafka-producer-network-thread | producer-1] INFO is.project3.SaleEventProducer - Sent sale event: SaleEvent{book_id=3, country_id=1, price=72.33756389342167, quantity=10, timestamp=1778599803694}
[kafka-producer-network-thread | producer-1] INFO is.project3.SaleEventProducer - Sent sale event: SaleEvent{book_id=5, country_id=4, price=10.49811130589958, quantity=5, timestamp=1778599803744}
[kafka-producer-network-thread | producer-1] INFO is.project3.SaleEventProducer - Sent sale event: SaleEvent{book_id=1, country_id=5, price=832.8317912524277, quantity=2, timestamp=1778599803794}
[kafka-producer-network-thread | producer-1] INFO is.project3.SaleEventProducer - Sent sale event: SaleEvent{book_id=1, country_id=1, price=908.2931541537907, quantity=7, timestamp=1778599803845}
[kafka-producer-network-thread | producer-1] INFO is.project3.SaleEventProducer - Sent sale event: SaleEvent{book_id=2, country_id=2, price=30.384034363581, quantity=4, timestamp=1778599803895}
[kafka-producer-network-thread | producer-1] INFO is.project3.SaleEventProducer - Sent sale event: SaleEvent{book_id=4, country_id=5, price=290.4647454905505, quantity=4, timestamp=1778599803945}
[kafka-producer-network-thread | producer-1] INFO is.project3.SaleEventProducer - Sent sale event: SaleEvent{book_id=3, country_id=3, price=84.064018398516, quantity=10, timestamp=1778599803996}
[kafka-producer-network-thread | producer-1] INFO is.project3.SaleEventProducer - Sent sale event: SaleEvent{book_id=3, country_id=4, price=87.76003796982464, quantity=1, timestamp=1778599804046}
[kafka-producer-network-thread | producer-1] INFO is.project3.SaleEventProducer - Sent sale event: SaleEvent{book_id=5, country_id=1, price=9.584198043625804, quantity=6, timestamp=1778599804096}
[kafka-producer-network-thread | producer-1] INFO is.project3.SaleEventProducer - Sent sale event: SaleEvent{book_id=3, country_id=4, price=86.04632707173548, quantity=8, timestamp=1778599804146}
[kafka-producer-network-thread | producer-1] INFO is.project3.SaleEventProducer - Sent sale event: SaleEvent{book_id=1, country_id=1, price=926.740864514729, quantity=7, timestamp=1778599804197}
[kafka-producer-network-thread | producer-1] INFO is.project3.SaleEventProducer - Sent sale event: SaleEvent{book_id=4, country_id=5, price=327.3536161293133, quantity=6, timestamp=1778599804247}
[kafka-producer-network-thread | producer-1] INFO is.project3.SaleEventProducer - Sent sale event: SaleEvent{book_id=2, country_id=3, price=30.767917559817917, quantity=10, timestamp=1778599804297}
[kafka-producer-network-thread | producer-1] INFO is.project3.SaleEventProducer - Sent sale event: SaleEvent{book_id=5, country_id=5, price=9.740180327196187, quantity=1, timestamp=1778599804348}
[kafka-producer-network-thread | producer-1] INFO is.project3.SaleEventProducer - Sent sale event: SaleEvent{book_id=2, country_id=1, price=29.25601953372539, quantity=5, timestamp=1778599804398}
[kafka-producer-network-thread | producer-1] INFO is.project3.SaleEventProducer - Sent sale event: SaleEvent{book_id=3, country_id=2, price=73.6053163822985, quantity=1, timestamp=1778599804448}
[kafka-producer-network-thread | producer-1] INFO is.project3.SaleEventProducer - Sent sale event: SaleEvent{book_id=4, country_id=5, price=323.14565329583337, quantity=6, timestamp=1778599804498}
[kafka-producer-network-thread | producer-1] INFO is.project3.SaleEventProducer - Sent sale event: SaleEvent{book_id=1, country_id=1, price=895.4033802087487, quantity=2, timestamp=1778599804549}
[kafka-producer-network-thread | producer-1] INFO is.project3.SaleEventProducer - Sent sale event: SaleEvent{book_id=1, country_id=1, price=931.0780484618303, quantity=3, timestamp=1778599804599}
[kafka-producer-network-thread | producer-1] INFO is.project3.SaleEventProducer - Sent sale event: SaleEvent{book_id=2, country_id=2, price=27.32520079320752, quantity=10, timestamp=1778599804649}
[kafka-producer-network-thread | producer-1] INFO is.project3.SaleEventProducer - Sent sale event: SaleEvent{book_id=5, country_id=3, price=9.493729711919354, quantity=3, timestamp=1778599804700}
[kafka-producer-network-thread | producer-1] INFO is.project3.SaleEventProducer - Sent sale event: SaleEvent{book_id=1, country_id=2, price=903.5933954045272, quantity=7, timestamp=1778599804750}
[kafka-producer-network-thread | producer-1] INFO is.project3.SaleEventProducer - Sent sale event: SaleEvent{book_id=5, country_id=2, price=9.837915466117428, quantity=3, timestamp=1778599804800}
[kafka-producer-network-thread | producer-1] INFO is.project3.SaleEventProducer - Sent sale event: SaleEvent{book_id=5, country_id=3, price=10.586583928635507, quantity=1, timestamp=1778599804850}
[kafka-producer-network-thread | producer-1] INFO is.project3.SaleEventProducer - Sent sale event: SaleEvent{book_id=3, country_id=2, price=81.80542144780934, quantity=8, timestamp=1778599804901}
[kafka-producer-network-thread | producer-1] INFO is.project3.SaleEventProducer - Sent sale event: SaleEvent{book_id=2, country_id=1, price=28.10839263437705, quantity=5, timestamp=1778599804951}
[kafka-producer-network-thread | producer-1] INFO is.project3.SaleEventProducer - Sent sale event: SaleEvent{book_id=3, country_id=1, price=73.90975574744893, quantity=1, timestamp=1778599805001}
[kafka-producer-network-thread | producer-1] INFO is.project3.SaleEventProducer - Sent sale event: SaleEvent{book_id=4, country_id=5, price=325.9170569964981, quantity=3, timestamp=1778599805052}
[kafka-producer-network-thread | producer-1] INFO is.project3.SaleEventProducer - Sent sale event: SaleEvent{book_id=4, country_id=1, price=312.7649544033679, quantity=7, timestamp=1778599805102}
[kafka-producer-network-thread | producer-1] INFO is.project3.SaleEventProducer - Sent sale event: SaleEvent{book_id=4, country_id=3, price=284.9320010264989, quantity=6, timestamp=1778599805152}
[kafka-producer-network-thread | producer-1] INFO is.project3.SaleEventProducer - Sent sale event: SaleEvent{book_id=5, country_id=3, price=9.61733823501846, quantity=4, timestamp=1778599805202}
[kafka-producer-network-thread | producer-1] INFO is.project3.SaleEventProducer - Sent sale event: SaleEvent{book_id=2, country_id=5, price=32.3500980003792, quantity=1, timestamp=1778599805253}
[kafka-producer-network-thread | producer-1] INFO is.project3.SaleEventProducer - Sent sale event: SaleEvent{book_id=1, country_id=4, price=939.993006924763, quantity=1, timestamp=1778599805303}
[kafka-producer-network-thread | producer-1] INFO is.project3.SaleEventProducer - Sent sale event: SaleEvent{book_id=3, country_id=2, price=83.59427897663173, quantity=10, timestamp=1778599805353}
[kafka-producer-network-thread | producer-1] INFO is.project3.SaleEventProducer - Sent sale event: SaleEvent{book_id=4, country_id=1, price=317.95273938903773, quantity=7, timestamp=1778599805404}
[kafka-producer-network-thread | producer-1] INFO is.project3.SaleEventProducer - Sent sale event: SaleEvent{book_id=3, country_id=3, price=87.89015231204003, quantity=2, timestamp=1778599805454}
[kafka-producer-network-thread | producer-1] INFO is.project3.SaleEventProducer - Sent sale event: SaleEvent{book_id=5, country_id=3, price=9.452074019779365, quantity=9, timestamp=1778599805505}
[kafka-producer-network-thread | producer-1] INFO is.project3.SaleEventProducer - Sent sale event: SaleEvent{book_id=2, country_id=5, price=29.313505280300465, quantity=9, timestamp=1778599805555}
[kafka-producer-network-thread | producer-1] INFO is.project3.SaleEventProducer - Sent sale event: SaleEvent{book_id=5, country_id=3, price=9.097418472966886, quantity=8, timestamp=1778599805605}
[kafka-producer-network-thread | producer-1] INFO is.project3.SaleEventProducer - Sent sale event: SaleEvent{book_id=5, country_id=4, price=10.952057211992818, quantity=6, timestamp=1778599805656}
[kafka-producer-network-thread | producer-1] INFO is.project3.SaleEventProducer - Sent sale event: SaleEvent{book_id=3, country_id=5, price=82.61414727072936, quantity=3, timestamp=1778599805706}
[kafka-producer-network-thread | producer-1] INFO is.project3.SaleEventProducer - Sent sale event: SaleEvent{book_id=4, country_id=2, price=315.37363394704323, quantity=3, timestamp=1778599805756}
[kafka-producer-network-thread | producer-1] INFO is.project3.SaleEventProducer - Sent sale event: SaleEvent{book_id=3, country_id=4, price=74.52298939956923, quantity=1, timestamp=1778599805807}
[kafka-producer-network-thread | producer-1] INFO is.project3.SaleEventProducer - Sent sale event: SaleEvent{book_id=5, country_id=5, price=10.69305832185228, quantity=2, timestamp=1778599805857}
[kafka-producer-network-thread | producer-1] INFO is.project3.SaleEventProducer - Sent sale event: SaleEvent{book_id=3, country_id=3, price=81.81824126431948, quantity=7, timestamp=1778599805907}
[kafka-producer-network-thread | producer-1] INFO is.project3.SaleEventProducer - Sent sale event: SaleEvent{book_id=1, country_id=4, price=881.5772825924553, quantity=6, timestamp=1778599805958}
[kafka-producer-network-thread | producer-1] INFO is.project3.SaleEventProducer - Sent sale event: SaleEvent{book_id=5, country_id=2, price=10.945982470034743, quantity=10, timestamp=1778599806008}
[kafka-producer-network-thread | producer-1] INFO is.project3.SaleEventProducer - Sent sale event: SaleEvent{book_id=5, country_id=1, price=9.753085545112484, quantity=3, timestamp=1778599806058}
[kafka-producer-network-thread | producer-1] INFO is.project3.SaleEventProducer - Sent sale event: SaleEvent{book_id=3, country_id=5, price=76.47934137307443, quantity=5, timestamp=1778599806109}
[kafka-producer-network-thread | producer-1] INFO is.project3.SaleEventProducer - Sent sale event: SaleEvent{book_id=4, country_id=1, price=280.39113728587137, quantity=7, timestamp=1778599806159}
[kafka-producer-network-thread | producer-1] INFO is.project3.SaleEventProducer - Sent sale event: SaleEvent{book_id=5, country_id=4, price=10.873327835525178, quantity=4, timestamp=1778599806209}
[kafka-producer-network-thread | producer-1] INFO is.project3.SaleEventProducer - Sent sale event: SaleEvent{book_id=4, country_id=4, price=283.44235815811305, quantity=4, timestamp=1778599806260}
[kafka-producer-network-thread | producer-1] INFO is.project3.SaleEventProducer - Sent sale event: SaleEvent{book_id=1, country_id=5, price=967.2206445636765, quantity=9, timestamp=1778599806310}
[kafka-producer-network-thread | producer-1] INFO is.project3.SaleEventProducer - Sent sale event: SaleEvent{book_id=3, country_id=2, price=74.19878722647297, quantity=6, timestamp=1778599806360}
[kafka-producer-network-thread | producer-1] INFO is.project3.SaleEventProducer - Sent sale event: SaleEvent{book_id=3, country_id=4, price=74.54640018402722, quantity=6, timestamp=1778599806411}
[kafka-producer-network-thread | producer-1] INFO is.project3.SaleEventProducer - Sent sale event: SaleEvent{book_id=1, country_id=4, price=971.0015368759938, quantity=7, timestamp=1778599806461}
[kafka-producer-network-thread | producer-1] INFO is.project3.SaleEventProducer - Sent sale event: SaleEvent{book_id=3, country_id=2, price=74.95961046291268, quantity=6, timestamp=1778599806511}
[kafka-producer-network-thread | producer-1] INFO is.project3.SaleEventProducer - Sent sale event: SaleEvent{book_id=4, country_id=2, price=315.62284080226345, quantity=2, timestamp=1778599806562}
[kafka-producer-network-thread | producer-1] INFO is.project3.SaleEventProducer - Sent sale event: SaleEvent{book_id=1, country_id=3, price=828.6200354860697, quantity=7, timestamp=1778599806612}
[kafka-producer-network-thread | producer-1] INFO is.project3.SaleEventProducer - Sent sale event: SaleEvent{book_id=1, country_id=1, price=986.9880312215406, quantity=2, timestamp=1778599806662}
[kafka-producer-network-thread | producer-1] INFO is.project3.SaleEventProducer - Sent sale event: SaleEvent{book_id=1, country_id=1, price=925.1568690913732, quantity=10, timestamp=1778599806713}
[kafka-producer-network-thread | producer-1] INFO is.project3.SaleEventProducer - Sent sale event: SaleEvent{book_id=2, country_id=2, price=32.83415101661148, quantity=2, timestamp=1778599806763}
[kafka-producer-network-thread | producer-1] INFO is.project3.SaleEventProducer - Sent sale event: SaleEvent{book_id=2, country_id=5, price=27.303738831172446, quantity=9, timestamp=1778599806813}
[kafka-producer-network-thread | producer-1] INFO is.project3.SaleEventProducer - Sent sale event: SaleEvent{book_id=4, country_id=3, price=274.07221793137586, quantity=2, timestamp=1778599806864}
[kafka-producer-network-thread | producer-1] INFO is.project3.SaleEventProducer - Sent sale event: SaleEvent{book_id=1, country_id=4, price=930.30316724727, quantity=10, timestamp=1778599806914}
[kafka-producer-network-thread | producer-1] INFO is.project3.SaleEventProducer - Sent sale event: SaleEvent{book_id=1, country_id=2, price=859.5006851440772, quantity=4, timestamp=1778599806964}
[kafka-producer-network-thread | producer-1] INFO is.project3.SaleEventProducer - Sent sale event: SaleEvent{book_id=2, country_id=4, price=29.99899735300831, quantity=4, timestamp=1778599807014}
[kafka-producer-network-thread | producer-1] INFO is.project3.SaleEventProducer - Sent sale event: SaleEvent{book_id=3, country_id=2, price=86.6916167952947, quantity=8, timestamp=1778599807065}
[kafka-producer-network-thread | producer-1] INFO is.project3.SaleEventProducer - Sent sale event: SaleEvent{book_id=3, country_id=1, price=83.48457710848452, quantity=5, timestamp=1778599807115}
[kafka-producer-network-thread | producer-1] INFO is.project3.SaleEventProducer - Sent sale event: SaleEvent{book_id=4, country_id=5, price=288.95416385524976, quantity=6, timestamp=1778599807166}
[kafka-producer-network-thread | producer-1] INFO is.project3.SaleEventProducer - Sent sale event: SaleEvent{book_id=3, country_id=1, price=83.91727927747034, quantity=2, timestamp=1778599807216}
[kafka-producer-network-thread | producer-1] INFO is.project3.SaleEventProducer - Sent sale event: SaleEvent{book_id=4, country_id=5, price=291.80913883523436, quantity=6, timestamp=1778599807266}
[kafka-producer-network-thread | producer-1] INFO is.project3.SaleEventProducer - Sent sale event: SaleEvent{book_id=1, country_id=5, price=828.7878428613028, quantity=8, timestamp=1778599807317}
[kafka-producer-network-thread | producer-1] INFO is.project3.SaleEventProducer - Sent sale event: SaleEvent{book_id=1, country_id=3, price=908.8300911348181, quantity=2, timestamp=1778599807367}
[kafka-producer-network-thread | producer-1] INFO is.project3.SaleEventProducer - Sent sale event: SaleEvent{book_id=1, country_id=2, price=907.9456476280371, quantity=10, timestamp=1778599807418}
[kafka-producer-network-thread | producer-1] INFO is.project3.SaleEventProducer - Sent sale event: SaleEvent{book_id=5, country_id=2, price=9.02458397538549, quantity=8, timestamp=1778599807468}
[kafka-producer-network-thread | producer-1] INFO is.project3.SaleEventProducer - Sent sale event: SaleEvent{book_id=4, country_id=2, price=282.7133508714764, quantity=2, timestamp=1778599807518}
[kafka-producer-network-thread | producer-1] INFO is.project3.SaleEventProducer - Sent sale event: SaleEvent{book_id=4, country_id=5, price=320.66637640731085, quantity=10, timestamp=1778599807569}
[kafka-producer-network-thread | producer-1] INFO is.project3.SaleEventProducer - Sent sale event: SaleEvent{book_id=3, country_id=2, price=85.80011496126838, quantity=9, timestamp=1778599807619}
[kafka-producer-network-thread | producer-1] INFO is.project3.SaleEventProducer - Sent sale event: SaleEvent{book_id=2, country_id=1, price=30.767170601493124, quantity=7, timestamp=1778599807670}
[kafka-producer-network-thread | producer-1] INFO is.project3.SaleEventProducer - Sent sale event: SaleEvent{book_id=3, country_id=2, price=82.8465246025495, quantity=2, timestamp=1778599807720}
[kafka-producer-network-thread | producer-1] INFO is.project3.SaleEventProducer - Sent sale event: SaleEvent{book_id=5, country_id=3, price=9.6169187463848, quantity=7, timestamp=1778599807770}
[kafka-producer-network-thread | producer-1] INFO is.project3.SaleEventProducer - Sent sale event: SaleEvent{book_id=1, country_id=2, price=979.8179041328398, quantity=4, timestamp=1778599807820}
[kafka-producer-network-thread | producer-1] INFO is.project3.SaleEventProducer - Sent sale event: SaleEvent{book_id=4, country_id=1, price=274.19875255266135, quantity=3, timestamp=1778599807871}
[kafka-producer-network-thread | producer-1] INFO is.project3.SaleEventProducer - Sent sale event: SaleEvent{book_id=3, country_id=4, price=78.8487378436934, quantity=5, timestamp=1778599807921}
[kafka-producer-network-thread | producer-1] INFO is.project3.SaleEventProducer - Sent sale event: SaleEvent{book_id=2, country_id=2, price=32.64205563748758, quantity=7, timestamp=1778599807971}
[kafka-producer-network-thread | producer-1] INFO is.project3.SaleEventProducer - Sent sale event: SaleEvent{book_id=1, country_id=4, price=945.3633372551835, quantity=5, timestamp=1778599808022}
[kafka-producer-network-thread | producer-1] INFO is.project3.SaleEventProducer - Sent sale event: SaleEvent{book_id=4, country_id=4, price=303.16040316258653, quantity=5, timestamp=1778599808072}
[kafka-producer-network-thread | producer-1] INFO is.project3.SaleEventProducer - Sent sale event: SaleEvent{book_id=5, country_id=5, price=9.403283303223917, quantity=2, timestamp=1778599808122}
[kafka-producer-network-thread | producer-1] INFO is.project3.SaleEventProducer - Sent sale event: SaleEvent{book_id=5, country_id=3, price=9.129074998601187, quantity=3, timestamp=1778599808173}
[kafka-producer-network-thread | producer-1] INFO is.project3.SaleEventProducer - Sent sale event: SaleEvent{book_id=4, country_id=2, price=280.43755936851124, quantity=1, timestamp=1778599808223}
[kafka-producer-network-thread | producer-1] INFO is.project3.SaleEventProducer - Sent sale event: SaleEvent{book_id=1, country_id=2, price=851.532262880017, quantity=10, timestamp=1778599808274}
[kafka-producer-network-thread | producer-1] INFO is.project3.SaleEventProducer - Sent sale event: SaleEvent{book_id=1, country_id=5, price=849.1983473359817, quantity=5, timestamp=1778599808324}
[kafka-producer-network-thread | producer-1] INFO is.project3.SaleEventProducer - Sent sale event: SaleEvent{book_id=1, country_id=5, price=829.1276144476265, quantity=10, timestamp=1778599808374}
[kafka-producer-network-thread | producer-1] INFO is.project3.SaleEventProducer - Sent sale event: SaleEvent{book_id=1, country_id=1, price=829.1544211085112, quantity=5, timestamp=1778599808425}
[kafka-producer-network-thread | producer-1] INFO is.project3.SaleEventProducer - Sent sale event: SaleEvent{book_id=1, country_id=5, price=869.1098241339577, quantity=3, timestamp=1778599808475}
[kafka-producer-network-thread | producer-1] INFO is.project3.SaleEventProducer - Sent sale event: SaleEvent{book_id=5, country_id=1, price=10.929596647009912, quantity=4, timestamp=1778599808526}
[kafka-producer-network-thread | producer-1] INFO is.project3.SaleEventProducer - Sent sale event: SaleEvent{book_id=1, country_id=3, price=900.3777495594562, quantity=9, timestamp=1778599808576}
[kafka-producer-network-thread | producer-1] INFO is.project3.SaleEventProducer - Sent sale event: SaleEvent{book_id=1, country_id=2, price=820.4097237810606, quantity=5, timestamp=1778599808627}
[kafka-producer-network-thread | producer-1] INFO is.project3.SaleEventProducer - Sent sale event: SaleEvent{book_id=3, country_id=2, price=82.96461597356162, quantity=1, timestamp=1778599808678}
[kafka-producer-network-thread | producer-1] INFO is.project3.SaleEventProducer - Sent sale event: SaleEvent{book_id=2, country_id=5, price=29.785314579900486, quantity=6, timestamp=1778599808728}
[kafka-producer-network-thread | producer-1] INFO is.project3.SaleEventProducer - Sent sale event: SaleEvent{book_id=4, country_id=4, price=295.82900578098537, quantity=1, timestamp=1778599808778}
[kafka-producer-network-thread | producer-1] INFO is.project3.SaleEventProducer - Sent sale event: SaleEvent{book_id=5, country_id=3, price=10.143033894880961, quantity=3, timestamp=1778599808829}
[kafka-producer-network-thread | producer-1] INFO is.project3.SaleEventProducer - Sent sale event: SaleEvent{book_id=2, country_id=5, price=30.72316228402039, quantity=6, timestamp=1778599808879}
[kafka-producer-network-thread | producer-1] INFO is.project3.SaleEventProducer - Sent sale event: SaleEvent{book_id=4, country_id=4, price=316.73770466143526, quantity=6, timestamp=1778599808929}
[kafka-producer-network-thread | producer-1] INFO is.project3.SaleEventProducer - Sent sale event: SaleEvent{book_id=1, country_id=3, price=921.2285050022062, quantity=9, timestamp=1778599808979}
[kafka-producer-network-thread | producer-1] INFO is.project3.SaleEventProducer - Sent sale event: SaleEvent{book_id=1, country_id=3, price=833.3215323372609, quantity=4, timestamp=1778599809030}
[kafka-producer-network-thread | producer-1] INFO is.project3.SaleEventProducer - Sent sale event: SaleEvent{book_id=4, country_id=4, price=329.97403743159686, quantity=4, timestamp=1778599809080}
[kafka-producer-network-thread | producer-1] INFO is.project3.SaleEventProducer - Sent sale event: SaleEvent{book_id=4, country_id=2, price=283.4580750287881, quantity=8, timestamp=1778599809130}
[kafka-producer-network-thread | producer-1] INFO is.project3.SaleEventProducer - Sent sale event: SaleEvent{book_id=3, country_id=1, price=81.07175257649422, quantity=7, timestamp=1778599809180}
[kafka-producer-network-thread | producer-1] INFO is.project3.SaleEventProducer - Sent sale event: SaleEvent{book_id=3, country_id=4, price=75.60244713857048, quantity=2, timestamp=1778599809231}
[kafka-producer-network-thread | producer-1] INFO is.project3.SaleEventProducer - Sent sale event: SaleEvent{book_id=4, country_id=1, price=271.61287979507074, quantity=10, timestamp=1778599809281}
[kafka-producer-network-thread | producer-1] INFO is.project3.SaleEventProducer - Sent sale event: SaleEvent{book_id=1, country_id=3, price=972.8841372152116, quantity=3, timestamp=1778599809331}
[kafka-producer-network-thread | producer-1] INFO is.project3.SaleEventProducer - Sent sale event: SaleEvent{book_id=2, country_id=1, price=27.038620442502317, quantity=4, timestamp=1778599809382}
[kafka-producer-network-thread | producer-1] INFO is.project3.SaleEventProducer - Sent sale event: SaleEvent{book_id=2, country_id=4, price=27.48709591528347, quantity=3, timestamp=1778599809432}
[kafka-producer-network-thread | producer-1] INFO is.project3.SaleEventProducer - Sent sale event: SaleEvent{book_id=1, country_id=2, price=953.7694736024391, quantity=2, timestamp=1778599809483}
[kafka-producer-network-thread | producer-1] INFO is.project3.SaleEventProducer - Sent sale event: SaleEvent{book_id=1, country_id=4, price=872.1930578485766, quantity=3, timestamp=1778599809533}
[kafka-producer-network-thread | producer-1] INFO is.project3.SaleEventProducer - Sent sale event: SaleEvent{book_id=3, country_id=1, price=87.25408921560846, quantity=6, timestamp=1778599809583}
[kafka-producer-network-thread | producer-1] INFO is.project3.SaleEventProducer - Sent sale event: SaleEvent{book_id=1, country_id=3, price=975.486662802099, quantity=8, timestamp=1778599809634}
[kafka-producer-network-thread | producer-1] INFO is.project3.SaleEventProducer - Sent sale event: SaleEvent{book_id=1, country_id=4, price=920.5737224185224, quantity=6, timestamp=1778599809684}
[kafka-producer-network-thread | producer-1] INFO is.project3.SaleEventProducer - Sent sale event: SaleEvent{book_id=4, country_id=5, price=279.22746625952425, quantity=3, timestamp=1778599809734}
[kafka-producer-network-thread | producer-1] INFO is.project3.SaleEventProducer - Sent sale event: SaleEvent{book_id=4, country_id=5, price=294.33776917765294, quantity=2, timestamp=1778599809785}
[kafka-producer-network-thread | producer-1] INFO is.project3.SaleEventProducer - Sent sale event: SaleEvent{book_id=2, country_id=2, price=30.83108134375151, quantity=3, timestamp=1778599809835}
[kafka-producer-network-thread | producer-1] INFO is.project3.SaleEventProducer - Sent sale event: SaleEvent{book_id=3, country_id=5, price=78.36005047853425, quantity=1, timestamp=1778599809885}
[kafka-producer-network-thread | producer-1] INFO is.project3.SaleEventProducer - Sent sale event: SaleEvent{book_id=3, country_id=2, price=80.82764343471, quantity=3, timestamp=1778599809935}
[kafka-producer-network-thread | producer-1] INFO is.project3.SaleEventProducer - Sent sale event: SaleEvent{book_id=3, country_id=5, price=79.58489040750057, quantity=6, timestamp=1778599809986}
[kafka-producer-network-thread | producer-1] INFO is.project3.SaleEventProducer - Sent sale event: SaleEvent{book_id=2, country_id=4, price=32.127636338252636, quantity=3, timestamp=1778599810036}
[kafka-producer-network-thread | producer-1] INFO is.project3.SaleEventProducer - Sent sale event: SaleEvent{book_id=4, country_id=1, price=322.13080161720904, quantity=4, timestamp=1778599810086}
[kafka-producer-network-thread | producer-1] INFO is.project3.SaleEventProducer - Sent sale event: SaleEvent{book_id=2, country_id=4, price=27.512920318689627, quantity=6, timestamp=1778599810137}
[kafka-producer-network-thread | producer-1] INFO is.project3.SaleEventProducer - Sent sale event: SaleEvent{book_id=5, country_id=1, price=10.955363752610166, quantity=9, timestamp=1778599810187}
[kafka-producer-network-thread | producer-1] INFO is.project3.SaleEventProducer - Sent sale event: SaleEvent{book_id=2, country_id=3, price=30.898408420448767, quantity=1, timestamp=1778599810237}
[kafka-producer-network-thread | producer-1] INFO is.project3.SaleEventProducer - Sent sale event: SaleEvent{book_id=5, country_id=4, price=10.321204804013238, quantity=4, timestamp=1778599810288}
[kafka-producer-network-thread | producer-1] INFO is.project3.SaleEventProducer - Sent sale event: SaleEvent{book_id=4, country_id=3, price=305.18901544399796, quantity=5, timestamp=1778599810338}
[kafka-producer-network-thread | producer-1] INFO is.project3.SaleEventProducer - Sent sale event: SaleEvent{book_id=3, country_id=1, price=74.6445464702828, quantity=9, timestamp=1778599810388}
[kafka-producer-network-thread | producer-1] INFO is.project3.SaleEventProducer - Sent sale event: SaleEvent{book_id=2, country_id=5, price=29.889242959867808, quantity=2, timestamp=1778599810439}
[kafka-producer-network-thread | producer-1] INFO is.project3.SaleEventProducer - Sent sale event: SaleEvent{book_id=3, country_id=4, price=76.14332349179921, quantity=8, timestamp=1778599810489}
[kafka-producer-network-thread | producer-1] INFO is.project3.SaleEventProducer - Sent sale event: SaleEvent{book_id=1, country_id=1, price=867.7287673521606, quantity=7, timestamp=1778599810539}
[kafka-producer-network-thread | producer-1] INFO is.project3.SaleEventProducer - Sent sale event: SaleEvent{book_id=5, country_id=4, price=10.286329451909548, quantity=3, timestamp=1778599810589}
[kafka-producer-network-thread | producer-1] INFO is.project3.SaleEventProducer - Sent sale event: SaleEvent{book_id=4, country_id=2, price=274.4452338043578, quantity=10, timestamp=1778599810640}
[kafka-producer-network-thread | producer-1] INFO is.project3.SaleEventProducer - Sent sale event: SaleEvent{book_id=4, country_id=2, price=324.23210431028366, quantity=9, timestamp=1778599810690}
[kafka-producer-network-thread | producer-1] INFO is.project3.SaleEventProducer - Sent sale event: SaleEvent{book_id=5, country_id=1, price=9.874943620125379, quantity=7, timestamp=1778599810740}
[kafka-producer-network-thread | producer-1] INFO is.project3.SaleEventProducer - Sent sale event: SaleEvent{book_id=3, country_id=3, price=72.31543116301692, quantity=1, timestamp=1778599810791}
[kafka-producer-network-thread | producer-1] INFO is.project3.SaleEventProducer - Sent sale event: SaleEvent{book_id=4, country_id=5, price=328.359908572384, quantity=6, timestamp=1778599810841}
[kafka-producer-network-thread | producer-1] INFO is.project3.SaleEventProducer - Sent sale event: SaleEvent{book_id=1, country_id=2, price=979.970678465921, quantity=5, timestamp=1778599810891}
[kafka-producer-network-thread | producer-1] INFO is.project3.SaleEventProducer - Sent sale event: SaleEvent{book_id=4, country_id=3, price=324.6116583255672, quantity=6, timestamp=1778599810942}
[kafka-producer-network-thread | producer-1] INFO is.project3.SaleEventProducer - Sent sale event: SaleEvent{book_id=4, country_id=2, price=327.7113709181411, quantity=1, timestamp=1778599810992}
[kafka-producer-network-thread | producer-1] INFO is.project3.SaleEventProducer - Sent sale event: SaleEvent{book_id=3, country_id=5, price=84.31022510131237, quantity=9, timestamp=1778599811043}
[kafka-producer-network-thread | producer-1] INFO is.project3.SaleEventProducer - Sent sale event: SaleEvent{book_id=3, country_id=1, price=84.62205483901789, quantity=5, timestamp=1778599811093}
[kafka-producer-network-thread | producer-1] INFO is.project3.SaleEventProducer - Sent sale event: SaleEvent{book_id=4, country_id=5, price=313.1122732242532, quantity=8, timestamp=1778599811144}
[kafka-producer-network-thread | producer-1] INFO is.project3.SaleEventProducer - Sent sale event: SaleEvent{book_id=3, country_id=3, price=79.05607248048018, quantity=6, timestamp=1778599811194}
[kafka-producer-network-thread | producer-1] INFO is.project3.SaleEventProducer - Sent sale event: SaleEvent{book_id=3, country_id=4, price=76.66746759133167, quantity=2, timestamp=1778599811245}
[kafka-producer-network-thread | producer-1] INFO is.project3.SaleEventProducer - Sent sale event: SaleEvent{book_id=5, country_id=5, price=10.273873559501805, quantity=9, timestamp=1778599811295}
[kafka-producer-network-thread | producer-1] INFO is.project3.SaleEventProducer - Sent sale event: SaleEvent{book_id=4, country_id=2, price=272.63224513732524, quantity=1, timestamp=1778599811345}
[kafka-producer-network-thread | producer-1] INFO is.project3.SaleEventProducer - Sent sale event: SaleEvent{book_id=4, country_id=2, price=279.83573557838236, quantity=7, timestamp=1778599811396}
[kafka-producer-network-thread | producer-1] INFO is.project3.SaleEventProducer - Sent sale event: SaleEvent{book_id=4, country_id=5, price=312.6750424812296, quantity=8, timestamp=1778599811446}
[kafka-producer-network-thread | producer-1] INFO is.project3.SaleEventProducer - Sent sale event: SaleEvent{book_id=2, country_id=3, price=29.732731699801594, quantity=7, timestamp=1778599811496}
[kafka-producer-network-thread | producer-1] INFO is.project3.SaleEventProducer - Sent sale event: SaleEvent{book_id=4, country_id=4, price=318.37848414172475, quantity=8, timestamp=1778599811547}
[kafka-producer-network-thread | producer-1] INFO is.project3.SaleEventProducer - Sent sale event: SaleEvent{book_id=2, country_id=1, price=29.50933249619865, quantity=5, timestamp=1778599811597}
[kafka-producer-network-thread | producer-1] INFO is.project3.SaleEventProducer - Sent sale event: SaleEvent{book_id=2, country_id=3, price=30.80106935519721, quantity=8, timestamp=1778599811647}
[kafka-producer-network-thread | producer-1] INFO is.project3.SaleEventProducer - Sent sale event: SaleEvent{book_id=5, country_id=3, price=9.998403267004207, quantity=3, timestamp=1778599811698}
[kafka-producer-network-thread | producer-1] INFO is.project3.SaleEventProducer - Sent sale event: SaleEvent{book_id=3, country_id=4, price=82.58240908501567, quantity=6, timestamp=1778599811748}
[kafka-producer-network-thread | producer-1] INFO is.project3.SaleEventProducer - Sent sale event: SaleEvent{book_id=1, country_id=1, price=848.620209196345, quantity=7, timestamp=1778599811799}
[kafka-producer-network-thread | producer-1] INFO is.project3.SaleEventProducer - Sent sale event: SaleEvent{book_id=4, country_id=4, price=286.83925433068003, quantity=2, timestamp=1778599811849}
[kafka-producer-network-thread | producer-1] INFO is.project3.SaleEventProducer - Sent sale event: SaleEvent{book_id=4, country_id=4, price=308.3079556751988, quantity=2, timestamp=1778599811899}
[kafka-producer-network-thread | producer-1] INFO is.project3.SaleEventProducer - Sent sale event: SaleEvent{book_id=3, country_id=2, price=87.35338424633355, quantity=8, timestamp=1778599811949}
[kafka-producer-network-thread | producer-1] INFO is.project3.SaleEventProducer - Sent sale event: SaleEvent{book_id=4, country_id=1, price=272.9103290176458, quantity=4, timestamp=1778599812000}
[kafka-producer-network-thread | producer-1] INFO is.project3.SaleEventProducer - Sent sale event: SaleEvent{book_id=5, country_id=3, price=10.295200750722747, quantity=10, timestamp=1778599812050}
[kafka-producer-network-thread | producer-1] INFO is.project3.SaleEventProducer - Sent sale event: SaleEvent{book_id=5, country_id=2, price=10.82564021377432, quantity=3, timestamp=1778599812100}
[kafka-producer-network-thread | producer-1] INFO is.project3.SaleEventProducer - Sent sale event: SaleEvent{book_id=2, country_id=5, price=27.914456693112655, quantity=1, timestamp=1778599812151}
[kafka-producer-network-thread | producer-1] INFO is.project3.SaleEventProducer - Sent sale event: SaleEvent{book_id=4, country_id=3, price=311.8505648852155, quantity=9, timestamp=1778599812201}
[kafka-producer-network-thread | producer-1] INFO is.project3.SaleEventProducer - Sent sale event: SaleEvent{book_id=2, country_id=2, price=31.93870675459824, quantity=2, timestamp=1778599812251}
[kafka-producer-network-thread | producer-1] INFO is.project3.SaleEventProducer - Sent sale event: SaleEvent{book_id=5, country_id=4, price=9.737471682964502, quantity=1, timestamp=1778599812301}
[kafka-producer-network-thread | producer-1] INFO is.project3.SaleEventProducer - Sent sale event: SaleEvent{book_id=2, country_id=4, price=28.78578266901892, quantity=5, timestamp=1778599812352}
[kafka-producer-network-thread | producer-1] INFO is.project3.SaleEventProducer - Sent sale event: SaleEvent{book_id=3, country_id=4, price=81.42809316426367, quantity=9, timestamp=1778599812402}
[kafka-producer-network-thread | producer-1] INFO is.project3.SaleEventProducer - Sent sale event: SaleEvent{book_id=3, country_id=3, price=79.66404775527351, quantity=4, timestamp=1778599812453}
[kafka-producer-network-thread | producer-1] INFO is.project3.SaleEventProducer - Sent sale event: SaleEvent{book_id=2, country_id=3, price=30.246281031837512, quantity=3, timestamp=1778599812503}
[kafka-producer-network-thread | producer-1] INFO is.project3.SaleEventProducer - Sent sale event: SaleEvent{book_id=1, country_id=5, price=986.9164480535445, quantity=6, timestamp=1778599812553}
[kafka-producer-network-thread | producer-1] INFO is.project3.SaleEventProducer - Sent sale event: SaleEvent{book_id=2, country_id=4, price=32.43359100516568, quantity=3, timestamp=1778599812604}
[kafka-producer-network-thread | producer-1] INFO is.project3.SaleEventProducer - Sent sale event: SaleEvent{book_id=5, country_id=3, price=10.030477324825087, quantity=6, timestamp=1778599812654}
[kafka-producer-network-thread | producer-1] INFO is.project3.SaleEventProducer - Sent sale event: SaleEvent{book_id=4, country_id=5, price=281.77094632340226, quantity=2, timestamp=1778599812704}
[kafka-producer-network-thread | producer-1] INFO is.project3.SaleEventProducer - Sent sale event: SaleEvent{book_id=5, country_id=5, price=9.852661250153796, quantity=5, timestamp=1778599812755}
[kafka-producer-network-thread | producer-1] INFO is.project3.SaleEventProducer - Sent sale event: SaleEvent{book_id=1, country_id=1, price=972.7876587021393, quantity=1, timestamp=1778599812805}
[kafka-producer-network-thread | producer-1] INFO is.project3.SaleEventProducer - Sent sale event: SaleEvent{book_id=3, country_id=2, price=72.33604893013091, quantity=1, timestamp=1778599812855}
[kafka-producer-network-thread | producer-1] INFO is.project3.SaleEventProducer - Sent sale event: SaleEvent{book_id=2, country_id=1, price=30.15797587420714, quantity=5, timestamp=1778599812906}
[kafka-producer-network-thread | producer-1] INFO is.project3.SaleEventProducer - Sent sale event: SaleEvent{book_id=2, country_id=1, price=32.62742927041615, quantity=3, timestamp=1778599812956}
[kafka-producer-network-thread | producer-1] INFO is.project3.SaleEventProducer - Sent sale event: SaleEvent{book_id=1, country_id=4, price=889.5650291591102, quantity=1, timestamp=1778599813006}
[kafka-producer-network-thread | producer-1] INFO is.project3.SaleEventProducer - Sent sale event: SaleEvent{book_id=2, country_id=2, price=32.413985084499586, quantity=7, timestamp=1778599813057}
[kafka-producer-network-thread | producer-1] INFO is.project3.SaleEventProducer - Sent sale event: SaleEvent{book_id=5, country_id=3, price=10.736514740427914, quantity=7, timestamp=1778599813107}
[kafka-producer-network-thread | producer-1] INFO is.project3.SaleEventProducer - Sent sale event: SaleEvent{book_id=5, country_id=4, price=10.388731858624373, quantity=7, timestamp=1778599813158}
[kafka-producer-network-thread | producer-1] INFO is.project3.SaleEventProducer - Sent sale event: SaleEvent{book_id=1, country_id=3, price=938.4652478104663, quantity=3, timestamp=1778599813208}
[kafka-producer-network-thread | producer-1] INFO is.project3.SaleEventProducer - Sent sale event: SaleEvent{book_id=1, country_id=3, price=872.4005575316462, quantity=3, timestamp=1778599813259}
[kafka-producer-network-thread | producer-1] INFO is.project3.SaleEventProducer - Sent sale event: SaleEvent{book_id=5, country_id=4, price=10.612195424472798, quantity=5, timestamp=1778599813309}
[kafka-producer-network-thread | producer-1] INFO is.project3.SaleEventProducer - Sent sale event: SaleEvent{book_id=5, country_id=1, price=10.463480461579762, quantity=2, timestamp=1778599813359}
[kafka-producer-network-thread | producer-1] INFO is.project3.SaleEventProducer - Sent sale event: SaleEvent{book_id=2, country_id=3, price=27.999590363794855, quantity=2, timestamp=1778599813409}
[kafka-producer-network-thread | producer-1] INFO is.project3.SaleEventProducer - Sent sale event: SaleEvent{book_id=4, country_id=5, price=277.6615180192253, quantity=3, timestamp=1778599813460}
[kafka-producer-network-thread | producer-1] INFO is.project3.SaleEventProducer - Sent sale event: SaleEvent{book_id=5, country_id=5, price=10.423194435377717, quantity=3, timestamp=1778599813510}
[kafka-producer-network-thread | producer-1] INFO is.project3.SaleEventProducer - Sent sale event: SaleEvent{book_id=3, country_id=2, price=72.19973985910765, quantity=7, timestamp=1778599813560}
[kafka-producer-network-thread | producer-1] INFO is.project3.SaleEventProducer - Sent sale event: SaleEvent{book_id=5, country_id=5, price=10.656851237795863, quantity=6, timestamp=1778599813611}
[kafka-producer-network-thread | producer-1] INFO is.project3.SaleEventProducer - Sent sale event: SaleEvent{book_id=2, country_id=1, price=28.824316795745126, quantity=5, timestamp=1778599813661}
[kafka-producer-network-thread | producer-1] INFO is.project3.SaleEventProducer - Sent sale event: SaleEvent{book_id=2, country_id=2, price=30.53891601453337, quantity=2, timestamp=1778599813711}
[kafka-producer-network-thread | producer-1] INFO is.project3.SaleEventProducer - Sent sale event: SaleEvent{book_id=1, country_id=4, price=957.5447503239334, quantity=7, timestamp=1778599813762}
[kafka-producer-network-thread | producer-1] INFO is.project3.SaleEventProducer - Sent sale event: SaleEvent{book_id=5, country_id=5, price=9.95544708807301, quantity=3, timestamp=1778599813812}
[kafka-producer-network-thread | producer-1] INFO is.project3.SaleEventProducer - Sent sale event: SaleEvent{book_id=4, country_id=4, price=276.06559275581816, quantity=3, timestamp=1778599813862}
[kafka-producer-network-thread | producer-1] INFO is.project3.SaleEventProducer - Sent sale event: SaleEvent{book_id=5, country_id=3, price=9.437654365325038, quantity=5, timestamp=1778599813913}
[kafka-producer-network-thread | producer-1] INFO is.project3.SaleEventProducer - Sent sale event: SaleEvent{book_id=1, country_id=1, price=961.1956145262034, quantity=1, timestamp=1778599813963}
[kafka-producer-network-thread | producer-1] INFO is.project3.SaleEventProducer - Sent sale event: SaleEvent{book_id=2, country_id=2, price=28.37237252526439, quantity=1, timestamp=1778599814013}
[kafka-producer-network-thread | producer-1] INFO is.project3.SaleEventProducer - Sent sale event: SaleEvent{book_id=3, country_id=1, price=83.0791173049568, quantity=9, timestamp=1778599814064}
[kafka-producer-network-thread | producer-1] INFO is.project3.SaleEventProducer - Sent sale event: SaleEvent{book_id=3, country_id=5, price=81.31743559898453, quantity=6, timestamp=1778599814114}
[kafka-producer-network-thread | producer-1] INFO is.project3.SaleEventProducer - Sent sale event: SaleEvent{book_id=5, country_id=2, price=10.168575142684896, quantity=3, timestamp=1778599814164}
[kafka-producer-network-thread | producer-1] INFO is.project3.SaleEventProducer - Sent sale event: SaleEvent{book_id=5, country_id=5, price=9.794878003161067, quantity=6, timestamp=1778599814215}
[kafka-producer-network-thread | producer-1] INFO is.project3.SaleEventProducer - Sent sale event: SaleEvent{book_id=1, country_id=3, price=848.2802982000445, quantity=7, timestamp=1778599814265}
[kafka-producer-network-thread | producer-1] INFO is.project3.SaleEventProducer - Sent sale event: SaleEvent{book_id=4, country_id=1, price=289.04175470283417, quantity=7, timestamp=1778599814315}
[kafka-producer-network-thread | producer-1] INFO is.project3.SaleEventProducer - Sent sale event: SaleEvent{book_id=2, country_id=4, price=28.305842521224026, quantity=10, timestamp=1778599814366}
[kafka-producer-network-thread | producer-1] INFO is.project3.SaleEventProducer - Sent sale event: SaleEvent{book_id=5, country_id=1, price=9.959959263594493, quantity=5, timestamp=1778599814416}
[kafka-producer-network-thread | producer-1] INFO is.project3.SaleEventProducer - Sent sale event: SaleEvent{book_id=1, country_id=4, price=874.6643722303152, quantity=8, timestamp=1778599814467}
[kafka-producer-network-thread | producer-1] INFO is.project3.SaleEventProducer - Sent sale event: SaleEvent{book_id=4, country_id=1, price=295.9008972748236, quantity=1, timestamp=1778599814517}
[kafka-producer-network-thread | producer-1] INFO is.project3.SaleEventProducer - Sent sale event: SaleEvent{book_id=1, country_id=3, price=938.7753566709995, quantity=9, timestamp=1778599814567}
[kafka-producer-network-thread | producer-1] INFO is.project3.SaleEventProducer - Sent sale event: SaleEvent{book_id=2, country_id=1, price=27.805622658925017, quantity=9, timestamp=1778599814618}
[kafka-producer-network-thread | producer-1] INFO is.project3.SaleEventProducer - Sent sale event: SaleEvent{book_id=4, country_id=2, price=283.9365223100147, quantity=2, timestamp=1778599814668}
[kafka-producer-network-thread | producer-1] INFO is.project3.SaleEventProducer - Sent sale event: SaleEvent{book_id=3, country_id=3, price=83.95806500850591, quantity=9, timestamp=1778599814718}
[kafka-producer-network-thread | producer-1] INFO is.project3.SaleEventProducer - Sent sale event: SaleEvent{book_id=1, country_id=5, price=913.0177148329568, quantity=1, timestamp=1778599814769}
[kafka-producer-network-thread | producer-1] INFO is.project3.SaleEventProducer - Sent sale event: SaleEvent{book_id=1, country_id=3, price=815.4380092175687, quantity=2, timestamp=1778599814820}
[kafka-producer-network-thread | producer-1] INFO is.project3.SaleEventProducer - Sent sale event: SaleEvent{book_id=2, country_id=5, price=31.068859064077028, quantity=1, timestamp=1778599814870}
[kafka-producer-network-thread | producer-1] INFO is.project3.SaleEventProducer - Sent sale event: SaleEvent{book_id=3, country_id=1, price=83.6846172793252, quantity=5, timestamp=1778599814920}
[kafka-producer-network-thread | producer-1] INFO is.project3.SaleEventProducer - Sent sale event: SaleEvent{book_id=3, country_id=3, price=85.50253245774566, quantity=4, timestamp=1778599814970}
[kafka-producer-network-thread | producer-1] INFO is.project3.SaleEventProducer - Sent sale event: SaleEvent{book_id=3, country_id=3, price=79.33576341956199, quantity=9, timestamp=1778599815021}
[kafka-producer-network-thread | producer-1] INFO is.project3.SaleEventProducer - Sent sale event: SaleEvent{book_id=3, country_id=2, price=77.35740962571624, quantity=4, timestamp=1778599815071}
[kafka-producer-network-thread | producer-1] INFO is.project3.SaleEventProducer - Sent sale event: SaleEvent{book_id=2, country_id=2, price=28.711036789305684, quantity=7, timestamp=1778599815121}
[kafka-producer-network-thread | producer-1] INFO is.project3.SaleEventProducer - Sent sale event: SaleEvent{book_id=4, country_id=5, price=311.41765662098135, quantity=3, timestamp=1778599815172}
[kafka-producer-network-thread | producer-1] INFO is.project3.SaleEventProducer - Sent sale event: SaleEvent{book_id=1, country_id=2, price=866.740365466211, quantity=1, timestamp=1778599815222}
[kafka-producer-network-thread | producer-1] INFO is.project3.SaleEventProducer - Sent sale event: SaleEvent{book_id=1, country_id=5, price=936.0016581616534, quantity=10, timestamp=1778599815272}
[kafka-producer-network-thread | producer-1] INFO is.project3.SaleEventProducer - Sent sale event: SaleEvent{book_id=1, country_id=3, price=884.7744012994035, quantity=1, timestamp=1778599815323}
[kafka-producer-network-thread | producer-1] INFO is.project3.SaleEventProducer - Sent sale event: SaleEvent{book_id=5, country_id=4, price=10.597111657729549, quantity=2, timestamp=1778599815373}
[kafka-producer-network-thread | producer-1] INFO is.project3.SaleEventProducer - Sent sale event: SaleEvent{book_id=1, country_id=2, price=882.6948923368354, quantity=10, timestamp=1778599815424}
[kafka-producer-network-thread | producer-1] INFO is.project3.SaleEventProducer - Sent sale event: SaleEvent{book_id=5, country_id=2, price=10.822622356458758, quantity=10, timestamp=1778599815474}
[kafka-producer-network-thread | producer-1] INFO is.project3.SaleEventProducer - Sent sale event: SaleEvent{book_id=1, country_id=3, price=848.7584820274826, quantity=1, timestamp=1778599815524}
[kafka-producer-network-thread | producer-1] INFO is.project3.SaleEventProducer - Sent sale event: SaleEvent{book_id=1, country_id=3, price=901.3516843391856, quantity=6, timestamp=1778599815575}
[kafka-producer-network-thread | producer-1] INFO is.project3.SaleEventProducer - Sent sale event: SaleEvent{book_id=4, country_id=2, price=323.72245124495265, quantity=5, timestamp=1778599815625}
[kafka-producer-network-thread | producer-1] INFO is.project3.SaleEventProducer - Sent sale event: SaleEvent{book_id=1, country_id=1, price=824.9723626553849, quantity=9, timestamp=1778599815675}
[kafka-producer-network-thread | producer-1] INFO is.project3.SaleEventProducer - Sent sale event: SaleEvent{book_id=1, country_id=4, price=979.4282645248725, quantity=3, timestamp=1778599815726}
[kafka-producer-network-thread | producer-1] INFO is.project3.SaleEventProducer - Sent sale event: SaleEvent{book_id=2, country_id=3, price=29.05974104640164, quantity=3, timestamp=1778599815776}
[kafka-producer-network-thread | producer-1] INFO is.project3.SaleEventProducer - Sent sale event: SaleEvent{book_id=2, country_id=3, price=29.955712025227058, quantity=3, timestamp=1778599815826}
[kafka-producer-network-thread | producer-1] INFO is.project3.SaleEventProducer - Sent sale event: SaleEvent{book_id=2, country_id=3, price=27.06149521127594, quantity=6, timestamp=1778599815877}
[kafka-producer-network-thread | producer-1] INFO is.project3.SaleEventProducer - Sent sale event: SaleEvent{book_id=5, country_id=1, price=9.461124413129577, quantity=4, timestamp=1778599815927}
[kafka-producer-network-thread | producer-1] INFO is.project3.SaleEventProducer - Sent sale event: SaleEvent{book_id=4, country_id=4, price=280.60456731218216, quantity=1, timestamp=1778599815978}
[kafka-producer-network-thread | producer-1] INFO is.project3.SaleEventProducer - Sent sale event: SaleEvent{book_id=1, country_id=1, price=864.9759944133059, quantity=3, timestamp=1778599816028}
[kafka-producer-network-thread | producer-1] INFO is.project3.SaleEventProducer - Sent sale event: SaleEvent{book_id=2, country_id=1, price=31.264700618729403, quantity=8, timestamp=1778599816078}
[kafka-producer-network-thread | producer-1] INFO is.project3.SaleEventProducer - Sent sale event: SaleEvent{book_id=2, country_id=1, price=30.30077650547525, quantity=7, timestamp=1778599816129}
[kafka-producer-network-thread | producer-1] INFO is.project3.SaleEventProducer - Sent sale event: SaleEvent{book_id=2, country_id=5, price=30.43848001394858, quantity=1, timestamp=1778599816179}
[kafka-producer-network-thread | producer-1] INFO is.project3.SaleEventProducer - Sent sale event: SaleEvent{book_id=5, country_id=5, price=9.032576497266305, quantity=5, timestamp=1778599816229}
[kafka-producer-network-thread | producer-1] INFO is.project3.SaleEventProducer - Sent sale event: SaleEvent{book_id=3, country_id=5, price=82.93444012227461, quantity=6, timestamp=1778599816280}
[kafka-producer-network-thread | producer-1] INFO is.project3.SaleEventProducer - Sent sale event: SaleEvent{book_id=1, country_id=1, price=873.007335917216, quantity=7, timestamp=1778599816330}
[kafka-producer-network-thread | producer-1] INFO is.project3.SaleEventProducer - Sent sale event: SaleEvent{book_id=3, country_id=1, price=80.28763539532873, quantity=2, timestamp=1778599816380}
[kafka-producer-network-thread | producer-1] INFO is.project3.SaleEventProducer - Sent sale event: SaleEvent{book_id=2, country_id=3, price=29.791067570022587, quantity=7, timestamp=1778599816431}
[kafka-producer-network-thread | producer-1] INFO is.project3.SaleEventProducer - Sent sale event: SaleEvent{book_id=4, country_id=1, price=295.2658363930539, quantity=5, timestamp=1778599816481}
[kafka-producer-network-thread | producer-1] INFO is.project3.SaleEventProducer - Sent sale event: SaleEvent{book_id=4, country_id=1, price=277.3652368783851, quantity=7, timestamp=1778599816532}
[kafka-producer-network-thread | producer-1] INFO is.project3.SaleEventProducer - Sent sale event: SaleEvent{book_id=2, country_id=4, price=29.873580612219797, quantity=7, timestamp=1778599816582}
[kafka-producer-network-thread | producer-1] INFO is.project3.SaleEventProducer - Sent sale event: SaleEvent{book_id=2, country_id=1, price=30.758763457772854, quantity=5, timestamp=1778599816632}
[kafka-producer-network-thread | producer-1] INFO is.project3.SaleEventProducer - Sent sale event: SaleEvent{book_id=4, country_id=5, price=311.713967499685, quantity=8, timestamp=1778599816683}
[kafka-producer-network-thread | producer-1] INFO is.project3.SaleEventProducer - Sent sale event: SaleEvent{book_id=4, country_id=2, price=298.2422739297761, quantity=3, timestamp=1778599816733}
[kafka-producer-network-thread | producer-1] INFO is.project3.SaleEventProducer - Sent sale event: SaleEvent{book_id=2, country_id=3, price=27.71606055595764, quantity=3, timestamp=1778599816783}
[kafka-producer-network-thread | producer-1] INFO is.project3.SaleEventProducer - Sent sale event: SaleEvent{book_id=2, country_id=5, price=28.874446007571837, quantity=2, timestamp=1778599816834}
[kafka-producer-network-thread | producer-1] INFO is.project3.SaleEventProducer - Sent sale event: SaleEvent{book_id=5, country_id=2, price=10.707986475476805, quantity=3, timestamp=1778599816884}
[kafka-producer-network-thread | producer-1] INFO is.project3.SaleEventProducer - Sent sale event: SaleEvent{book_id=2, country_id=1, price=30.249878816963985, quantity=9, timestamp=1778599816935}
[kafka-producer-network-thread | producer-1] INFO is.project3.SaleEventProducer - Sent sale event: SaleEvent{book_id=4, country_id=1, price=292.12194412085245, quantity=10, timestamp=1778599816985}
[kafka-producer-network-thread | producer-1] INFO is.project3.SaleEventProducer - Sent sale event: SaleEvent{book_id=2, country_id=3, price=31.84326809148367, quantity=5, timestamp=1778599817035}
[kafka-producer-network-thread | producer-1] INFO is.project3.SaleEventProducer - Sent sale event: SaleEvent{book_id=3, country_id=1, price=74.14399612645474, quantity=7, timestamp=1778599817085}
[kafka-producer-network-thread | producer-1] INFO is.project3.SaleEventProducer - Sent sale event: SaleEvent{book_id=3, country_id=5, price=79.61708454932811, quantity=3, timestamp=1778599817136}
[kafka-producer-network-thread | producer-1] INFO is.project3.SaleEventProducer - Sent sale event: SaleEvent{book_id=2, country_id=3, price=28.456719782611543, quantity=4, timestamp=1778599817187}
[kafka-producer-network-thread | producer-1] INFO is.project3.SaleEventProducer - Sent sale event: SaleEvent{book_id=4, country_id=4, price=286.4461452385254, quantity=6, timestamp=1778599817237}
[kafka-producer-network-thread | producer-1] INFO is.project3.SaleEventProducer - Sent sale event: SaleEvent{book_id=2, country_id=2, price=32.63938128775582, quantity=4, timestamp=1778599817287}
[kafka-producer-network-thread | producer-1] INFO is.project3.SaleEventProducer - Sent sale event: SaleEvent{book_id=2, country_id=2, price=28.98486927679328, quantity=3, timestamp=1778599817338}
[kafka-producer-network-thread | producer-1] INFO is.project3.SaleEventProducer - Sent sale event: SaleEvent{book_id=1, country_id=4, price=920.1391505004466, quantity=3, timestamp=1778599817388}
[kafka-producer-network-thread | producer-1] INFO is.project3.SaleEventProducer - Sent sale event: SaleEvent{book_id=1, country_id=4, price=944.2102682496649, quantity=1, timestamp=1778599817439}
[kafka-producer-network-thread | producer-1] INFO is.project3.SaleEventProducer - Sent sale event: SaleEvent{book_id=1, country_id=3, price=890.4670125179186, quantity=8, timestamp=1778599817489}
[kafka-producer-network-thread | producer-1] INFO is.project3.SaleEventProducer - Sent sale event: SaleEvent{book_id=1, country_id=2, price=850.4351148635557, quantity=4, timestamp=1778599817539}
[kafka-producer-network-thread | producer-1] INFO is.project3.SaleEventProducer - Sent sale event: SaleEvent{book_id=1, country_id=2, price=846.6960191674118, quantity=9, timestamp=1778599817590}
[kafka-producer-network-thread | producer-1] INFO is.project3.SaleEventProducer - Sent sale event: SaleEvent{book_id=4, country_id=2, price=283.83663429669, quantity=5, timestamp=1778599817640}
[kafka-producer-network-thread | producer-1] INFO is.project3.SaleEventProducer - Sent sale event: SaleEvent{book_id=1, country_id=5, price=930.4834065460799, quantity=6, timestamp=1778599817690}
[kafka-producer-network-thread | producer-1] INFO is.project3.SaleEventProducer - Sent sale event: SaleEvent{book_id=4, country_id=3, price=283.63661404318646, quantity=4, timestamp=1778599817741}
[kafka-producer-network-thread | producer-1] INFO is.project3.SaleEventProducer - Sent sale event: SaleEvent{book_id=4, country_id=3, price=319.2940688074625, quantity=2, timestamp=1778599817791}
[kafka-producer-network-thread | producer-1] INFO is.project3.SaleEventProducer - Sent sale event: SaleEvent{book_id=4, country_id=2, price=289.3069000329937, quantity=6, timestamp=1778599817841}
[kafka-producer-network-thread | producer-1] INFO is.project3.SaleEventProducer - Sent sale event: SaleEvent{book_id=1, country_id=1, price=896.6577740774468, quantity=2, timestamp=1778599817892}
[kafka-producer-network-thread | producer-1] INFO is.project3.SaleEventProducer - Sent sale event: SaleEvent{book_id=5, country_id=1, price=10.086870441960457, quantity=4, timestamp=1778599817942}
[kafka-producer-network-thread | producer-1] INFO is.project3.SaleEventProducer - Sent sale event: SaleEvent{book_id=3, country_id=4, price=73.31481197186768, quantity=6, timestamp=1778599817992}
[kafka-producer-network-thread | producer-1] INFO is.project3.SaleEventProducer - Sent sale event: SaleEvent{book_id=3, country_id=4, price=81.85782591221883, quantity=10, timestamp=1778599818043}
[kafka-producer-network-thread | producer-1] INFO is.project3.SaleEventProducer - Sent sale event: SaleEvent{book_id=5, country_id=4, price=9.720638737046903, quantity=1, timestamp=1778599818093}
[kafka-producer-network-thread | producer-1] INFO is.project3.SaleEventProducer - Sent sale event: SaleEvent{book_id=1, country_id=3, price=950.5964346995669, quantity=1, timestamp=1778599818143}
[kafka-producer-network-thread | producer-1] INFO is.project3.SaleEventProducer - Sent sale event: SaleEvent{book_id=5, country_id=5, price=9.899061242817067, quantity=9, timestamp=1778599818194}
[kafka-producer-network-thread | producer-1] INFO is.project3.SaleEventProducer - Sent sale event: SaleEvent{book_id=2, country_id=5, price=27.210003255225477, quantity=8, timestamp=1778599818244}
[kafka-producer-network-thread | producer-1] INFO is.project3.SaleEventProducer - Sent sale event: SaleEvent{book_id=4, country_id=4, price=314.77973497753635, quantity=5, timestamp=1778599818294}
[kafka-producer-network-thread | producer-1] INFO is.project3.SaleEventProducer - Sent sale event: SaleEvent{book_id=4, country_id=3, price=306.5070738045593, quantity=9, timestamp=1778599818345}
[kafka-producer-network-thread | producer-1] INFO is.project3.SaleEventProducer - Sent sale event: SaleEvent{book_id=5, country_id=4, price=9.931389454110302, quantity=8, timestamp=1778599818395}
[kafka-producer-network-thread | producer-1] INFO is.project3.SaleEventProducer - Sent sale event: SaleEvent{book_id=2, country_id=1, price=29.03377514584119, quantity=4, timestamp=1778599818445}
[kafka-producer-network-thread | producer-1] INFO is.project3.SaleEventProducer - Sent sale event: SaleEvent{book_id=2, country_id=2, price=30.123033364948864, quantity=9, timestamp=1778599818496}
[kafka-producer-network-thread | producer-1] INFO is.project3.SaleEventProducer - Sent sale event: SaleEvent{book_id=5, country_id=4, price=10.193423429221664, quantity=6, timestamp=1778599818546}
[kafka-producer-network-thread | producer-1] INFO is.project3.SaleEventProducer - Sent sale event: SaleEvent{book_id=5, country_id=1, price=10.76979287080437, quantity=3, timestamp=1778599818596}
[kafka-producer-network-thread | producer-1] INFO is.project3.SaleEventProducer - Sent sale event: SaleEvent{book_id=2, country_id=5, price=32.954287903738745, quantity=1, timestamp=1778599818647}
[kafka-producer-network-thread | producer-1] INFO is.project3.SaleEventProducer - Sent sale event: SaleEvent{book_id=2, country_id=1, price=27.345332314428546, quantity=3, timestamp=1778599818697}
[kafka-producer-network-thread | producer-1] INFO is.project3.SaleEventProducer - Sent sale event: SaleEvent{book_id=5, country_id=4, price=9.121717994204936, quantity=2, timestamp=1778599818748}
[kafka-producer-network-thread | producer-1] INFO is.project3.SaleEventProducer - Sent sale event: SaleEvent{book_id=3, country_id=5, price=78.57278640133454, quantity=4, timestamp=1778599818798}
[kafka-producer-network-thread | producer-1] INFO is.project3.SaleEventProducer - Sent sale event: SaleEvent{book_id=5, country_id=1, price=9.640007551361595, quantity=8, timestamp=1778599818848}
[kafka-producer-network-thread | producer-1] INFO is.project3.SaleEventProducer - Sent sale event: SaleEvent{book_id=3, country_id=5, price=80.44273560314458, quantity=5, timestamp=1778599818899}
[kafka-producer-network-thread | producer-1] INFO is.project3.SaleEventProducer - Sent sale event: SaleEvent{book_id=4, country_id=2, price=314.3440595299449, quantity=5, timestamp=1778599818949}
[kafka-producer-network-thread | producer-1] INFO is.project3.SaleEventProducer - Sent sale event: SaleEvent{book_id=1, country_id=2, price=851.0015518063003, quantity=2, timestamp=1778599819000}
[main] INFO is.project3.SaleEventProducer - Sale Event Producer finished
[main] INFO org.apache.kafka.clients.producer.KafkaProducer - [Producer clientId=producer-1] Closing the Kafka producer with timeoutMillis = 9223372036854775807 ms.
[main] INFO org.apache.kafka.common.metrics.Metrics - Metrics scheduler closed
[main] INFO org.apache.kafka.common.metrics.Metrics - Closing reporter org.apache.kafka.common.metrics.JmxReporter
[main] INFO org.apache.kafka.common.metrics.Metrics - Metrics reporters closed
[main] INFO org.apache.kafka.common.utils.AppInfoParser - App info kafka.producer for producer-1 unregistered
