[main] INFO org.apache.kafka.clients.producer.ProducerConfig - ProducerConfig values: 
	acks = -1
	batch.size = 16384
	bootstrap.servers = [broker1:9092, broker2:9092]
	buffer.memory = 33554432
	client.dns.lookup = use_all_dns_ips
	client.id = producer-1
	compression.type = none
	connections.max.idle.ms = 540000
	delivery.timeout.ms = 120000
	enable.idempotence = false
	interceptor.classes = []
	internal.auto.downgrade.txn.commit = false
	key.serializer = class org.apache.kafka.common.serialization.StringSerializer
	linger.ms = 0
	max.block.ms = 60000
	max.in.flight.requests.per.connection = 5
	max.request.size = 1048576
	metadata.max.age.ms = 300000
	metadata.max.idle.ms = 300000
	metric.reporters = []
	metrics.num.samples = 2
	metrics.recording.level = INFO
	metrics.sample.window.ms = 30000
	partitioner.class = class org.apache.kafka.clients.producer.internals.DefaultPartitioner
	receive.buffer.bytes = 32768
	reconnect.backoff.max.ms = 1000
	reconnect.backoff.ms = 50
	request.timeout.ms = 30000
	retries = 2147483647
	retry.backoff.ms = 100
	sasl.client.callback.handler.class = null
	sasl.jaas.config = null
	sasl.kerberos.kinit.cmd = /usr/bin/kinit
	sasl.kerberos.min.time.before.relogin = 60000
	sasl.kerberos.service.name = null
	sasl.kerberos.ticket.renew.jitter = 0.05
	sasl.kerberos.ticket.renew.window.factor = 0.8
	sasl.login.callback.handler.class = null
	sasl.login.class = null
	sasl.login.refresh.buffer.seconds = 300
	sasl.login.refresh.min.period.seconds = 60
	sasl.login.refresh.window.factor = 0.8
	sasl.login.refresh.window.jitter = 0.05
	sasl.mechanism = GSSAPI
	security.protocol = PLAINTEXT
	security.providers = null
	send.buffer.bytes = 131072
	socket.connection.setup.timeout.max.ms = 30000
	socket.connection.setup.timeout.ms = 10000
	ssl.cipher.suites = null
	ssl.enabled.protocols = [TLSv1.2, TLSv1.3]
	ssl.endpoint.identification.algorithm = https
	ssl.engine.factory.class = null
	ssl.key.password = null
	ssl.keymanager.algorithm = SunX509
	ssl.keystore.certificate.chain = null
	ssl.keystore.key = null
	ssl.keystore.location = null
	ssl.keystore.password = null
	ssl.keystore.type = JKS
	ssl.protocol = TLSv1.3
	ssl.provider = null
	ssl.secure.random.implementation = null
	ssl.trustmanager.algorithm = PKIX
	ssl.truststore.certificates = null
	ssl.truststore.location = null
	ssl.truststore.password = null
	ssl.truststore.type = JKS
	transaction.timeout.ms = 60000
	transactional.id = null
	value.serializer = class org.apache.kafka.common.serialization.StringSerializer

[main] WARN org.apache.kafka.clients.ClientUtils - Couldn't resolve server broker2:9092 from bootstrap.servers as DNS resolution failed for broker2
[main] INFO org.apache.kafka.common.utils.AppInfoParser - Kafka version: 2.8.1
[main] INFO org.apache.kafka.common.utils.AppInfoParser - Kafka commitId: 839b886f9b732b15
[main] INFO org.apache.kafka.common.utils.AppInfoParser - Kafka startTimeMs: 1778599741540
[main] INFO is.project3.PurchaseEventProducer - Starting Purchase Event Producer
[kafka-producer-network-thread | producer-1] INFO org.apache.kafka.clients.Metadata - [Producer clientId=producer-1] Cluster ID: MkU3OEVBNTcwNTJENDM2Qk
[kafka-producer-network-thread | producer-1] INFO is.project3.PurchaseEventProducer - Sent purchase event: PurchaseEvent{book_id=4, supplier_id=5, cost=165.6184976681844, quantity=6, timestamp=1778599741552}
[kafka-producer-network-thread | producer-1] INFO is.project3.PurchaseEventProducer - Sent purchase event: PurchaseEvent{book_id=1, supplier_id=2, cost=551.4735282109119, quantity=12, timestamp=1778599743348}
[kafka-producer-network-thread | producer-1] INFO is.project3.PurchaseEventProducer - Sent purchase event: PurchaseEvent{book_id=3, supplier_id=5, cost=45.74546409890374, quantity=9, timestamp=1778599743449}
[kafka-producer-network-thread | producer-1] INFO is.project3.PurchaseEventProducer - Sent purchase event: PurchaseEvent{book_id=3, supplier_id=2, cost=33.24229786080756, quantity=19, timestamp=1778599743549}
[kafka-producer-network-thread | producer-1] INFO is.project3.PurchaseEventProducer - Sent purchase event: PurchaseEvent{book_id=5, supplier_id=1, cost=2.161039147813167, quantity=13, timestamp=1778599743650}
[kafka-producer-network-thread | producer-1] INFO is.project3.PurchaseEventProducer - Sent purchase event: PurchaseEvent{book_id=3, supplier_id=3, cost=41.51326365475822, quantity=10, timestamp=1778599743751}
[kafka-producer-network-thread | producer-1] INFO is.project3.PurchaseEventProducer - Sent purchase event: PurchaseEvent{book_id=5, supplier_id=2, cost=1.7129953697425655, quantity=9, timestamp=1778599743851}
[kafka-producer-network-thread | producer-1] INFO is.project3.PurchaseEventProducer - Sent purchase event: PurchaseEvent{book_id=1, supplier_id=5, cost=421.3382197124317, quantity=17, timestamp=1778599743952}
[kafka-producer-network-thread | producer-1] INFO is.project3.PurchaseEventProducer - Sent purchase event: PurchaseEvent{book_id=2, supplier_id=2, cost=17.084484203601413, quantity=12, timestamp=1778599744052}
[kafka-producer-network-thread | producer-1] INFO is.project3.PurchaseEventProducer - Sent purchase event: PurchaseEvent{book_id=2, supplier_id=3, cost=12.40510608446593, quantity=15, timestamp=1778599744153}
[kafka-producer-network-thread | producer-1] INFO is.project3.PurchaseEventProducer - Sent purchase event: PurchaseEvent{book_id=2, supplier_id=5, cost=16.621325123045033, quantity=17, timestamp=1778599744254}
[kafka-producer-network-thread | producer-1] INFO is.project3.PurchaseEventProducer - Sent purchase event: PurchaseEvent{book_id=2, supplier_id=2, cost=14.014118522001262, quantity=15, timestamp=1778599744355}
[kafka-producer-network-thread | producer-1] INFO is.project3.PurchaseEventProducer - Sent purchase event: PurchaseEvent{book_id=5, supplier_id=2, cost=1.6202284409127192, quantity=18, timestamp=1778599744456}
[kafka-producer-network-thread | producer-1] INFO is.project3.PurchaseEventProducer - Sent purchase event: PurchaseEvent{book_id=2, supplier_id=2, cost=16.66660284072376, quantity=3, timestamp=1778599744557}
[kafka-producer-network-thread | producer-1] INFO is.project3.PurchaseEventProducer - Sent purchase event: PurchaseEvent{book_id=1, supplier_id=2, cost=538.3879764756106, quantity=18, timestamp=1778599744658}
[kafka-producer-network-thread | producer-1] INFO is.project3.PurchaseEventProducer - Sent purchase event: PurchaseEvent{book_id=3, supplier_id=3, cost=34.18949237857565, quantity=19, timestamp=1778599744759}
[kafka-producer-network-thread | producer-1] INFO is.project3.PurchaseEventProducer - Sent purchase event: PurchaseEvent{book_id=5, supplier_id=3, cost=1.6473650239760569, quantity=8, timestamp=1778599744859}
[kafka-producer-network-thread | producer-1] INFO is.project3.PurchaseEventProducer - Sent purchase event: PurchaseEvent{book_id=3, supplier_id=4, cost=33.02680376947384, quantity=16, timestamp=1778599744960}
[kafka-producer-network-thread | producer-1] INFO is.project3.PurchaseEventProducer - Sent purchase event: PurchaseEvent{book_id=4, supplier_id=3, cost=166.08363046958766, quantity=11, timestamp=1778599745061}
[kafka-producer-network-thread | producer-1] INFO is.project3.PurchaseEventProducer - Sent purchase event: PurchaseEvent{book_id=1, supplier_id=1, cost=488.9422037529196, quantity=13, timestamp=1778599745162}
[kafka-producer-network-thread | producer-1] INFO is.project3.PurchaseEventProducer - Sent purchase event: PurchaseEvent{book_id=2, supplier_id=5, cost=13.785408487703423, quantity=20, timestamp=1778599745263}
[kafka-producer-network-thread | producer-1] INFO is.project3.PurchaseEventProducer - Sent purchase event: PurchaseEvent{book_id=1, supplier_id=2, cost=516.5331252018914, quantity=11, timestamp=1778599745363}
[kafka-producer-network-thread | producer-1] INFO is.project3.PurchaseEventProducer - Sent purchase event: PurchaseEvent{book_id=2, supplier_id=2, cost=17.320600546429404, quantity=16, timestamp=1778599745464}
[kafka-producer-network-thread | producer-1] INFO is.project3.PurchaseEventProducer - Sent purchase event: PurchaseEvent{book_id=5, supplier_id=2, cost=1.6351595214251011, quantity=20, timestamp=1778599745565}
[kafka-producer-network-thread | producer-1] INFO is.project3.PurchaseEventProducer - Sent purchase event: PurchaseEvent{book_id=1, supplier_id=5, cost=548.8498372327285, quantity=12, timestamp=1778599745666}
[kafka-producer-network-thread | producer-1] INFO is.project3.PurchaseEventProducer - Sent purchase event: PurchaseEvent{book_id=5, supplier_id=5, cost=2.2207981957800498, quantity=4, timestamp=1778599745767}
[kafka-producer-network-thread | producer-1] INFO is.project3.PurchaseEventProducer - Sent purchase event: PurchaseEvent{book_id=4, supplier_id=4, cost=157.84107135607948, quantity=2, timestamp=1778599745869}
[kafka-producer-network-thread | producer-1] INFO is.project3.PurchaseEventProducer - Sent purchase event: PurchaseEvent{book_id=2, supplier_id=1, cost=13.96987881539974, quantity=20, timestamp=1778599745970}
[kafka-producer-network-thread | producer-1] INFO is.project3.PurchaseEventProducer - Sent purchase event: PurchaseEvent{book_id=2, supplier_id=5, cost=15.509594209506483, quantity=4, timestamp=1778599746071}
[kafka-producer-network-thread | producer-1] INFO is.project3.PurchaseEventProducer - Sent purchase event: PurchaseEvent{book_id=4, supplier_id=3, cost=129.16757862761935, quantity=3, timestamp=1778599746172}
[kafka-producer-network-thread | producer-1] INFO is.project3.PurchaseEventProducer - Sent purchase event: PurchaseEvent{book_id=3, supplier_id=3, cost=34.2222766310283, quantity=19, timestamp=1778599746273}
[kafka-producer-network-thread | producer-1] INFO is.project3.PurchaseEventProducer - Sent purchase event: PurchaseEvent{book_id=4, supplier_id=2, cost=147.57849420248493, quantity=7, timestamp=1778599746373}
[kafka-producer-network-thread | producer-1] INFO is.project3.PurchaseEventProducer - Sent purchase event: PurchaseEvent{book_id=5, supplier_id=3, cost=1.8337584332843957, quantity=14, timestamp=1778599746474}
[kafka-producer-network-thread | producer-1] INFO is.project3.PurchaseEventProducer - Sent purchase event: PurchaseEvent{book_id=2, supplier_id=4, cost=16.54997277522575, quantity=12, timestamp=1778599746575}
[kafka-producer-network-thread | producer-1] INFO is.project3.PurchaseEventProducer - Sent purchase event: PurchaseEvent{book_id=2, supplier_id=5, cost=16.450387725483978, quantity=10, timestamp=1778599746675}
[kafka-producer-network-thread | producer-1] INFO is.project3.PurchaseEventProducer - Sent purchase event: PurchaseEvent{book_id=1, supplier_id=4, cost=447.9279590700786, quantity=12, timestamp=1778599746776}
[kafka-producer-network-thread | producer-1] INFO is.project3.PurchaseEventProducer - Sent purchase event: PurchaseEvent{book_id=1, supplier_id=5, cost=420.84069767810763, quantity=16, timestamp=1778599746877}
[kafka-producer-network-thread | producer-1] INFO is.project3.PurchaseEventProducer - Sent purchase event: PurchaseEvent{book_id=4, supplier_id=4, cost=175.56073426770632, quantity=3, timestamp=1778599746978}
[kafka-producer-network-thread | producer-1] INFO is.project3.PurchaseEventProducer - Sent purchase event: PurchaseEvent{book_id=1, supplier_id=1, cost=545.1195912001676, quantity=7, timestamp=1778599747079}
[kafka-producer-network-thread | producer-1] INFO is.project3.PurchaseEventProducer - Sent purchase event: PurchaseEvent{book_id=1, supplier_id=4, cost=486.3634127340983, quantity=12, timestamp=1778599747180}
[kafka-producer-network-thread | producer-1] INFO is.project3.PurchaseEventProducer - Sent purchase event: PurchaseEvent{book_id=1, supplier_id=4, cost=551.7230218742799, quantity=4, timestamp=1778599747281}
[kafka-producer-network-thread | producer-1] INFO is.project3.PurchaseEventProducer - Sent purchase event: PurchaseEvent{book_id=4, supplier_id=5, cost=128.05267501108355, quantity=2, timestamp=1778599747381}
[kafka-producer-network-thread | producer-1] INFO is.project3.PurchaseEventProducer - Sent purchase event: PurchaseEvent{book_id=1, supplier_id=3, cost=430.84208877241565, quantity=9, timestamp=1778599747482}
[kafka-producer-network-thread | producer-1] INFO is.project3.PurchaseEventProducer - Sent purchase event: PurchaseEvent{book_id=1, supplier_id=3, cost=587.2623679580702, quantity=5, timestamp=1778599747583}
[kafka-producer-network-thread | producer-1] INFO is.project3.PurchaseEventProducer - Sent purchase event: PurchaseEvent{book_id=2, supplier_id=1, cost=12.828740613612192, quantity=18, timestamp=1778599747684}
[kafka-producer-network-thread | producer-1] INFO is.project3.PurchaseEventProducer - Sent purchase event: PurchaseEvent{book_id=1, supplier_id=1, cost=497.00118319310195, quantity=17, timestamp=1778599747784}
[kafka-producer-network-thread | producer-1] INFO is.project3.PurchaseEventProducer - Sent purchase event: PurchaseEvent{book_id=3, supplier_id=5, cost=41.043357468948386, quantity=9, timestamp=1778599747885}
[kafka-producer-network-thread | producer-1] INFO is.project3.PurchaseEventProducer - Sent purchase event: PurchaseEvent{book_id=3, supplier_id=3, cost=41.4768017555392, quantity=17, timestamp=1778599747985}
[kafka-producer-network-thread | producer-1] INFO is.project3.PurchaseEventProducer - Sent purchase event: PurchaseEvent{book_id=3, supplier_id=4, cost=37.78201846327104, quantity=16, timestamp=1778599748086}
[kafka-producer-network-thread | producer-1] INFO is.project3.PurchaseEventProducer - Sent purchase event: PurchaseEvent{book_id=5, supplier_id=2, cost=1.8294420975456733, quantity=17, timestamp=1778599748187}
[kafka-producer-network-thread | producer-1] INFO is.project3.PurchaseEventProducer - Sent purchase event: PurchaseEvent{book_id=1, supplier_id=2, cost=587.3470283045215, quantity=15, timestamp=1778599748288}
[kafka-producer-network-thread | producer-1] INFO is.project3.PurchaseEventProducer - Sent purchase event: PurchaseEvent{book_id=4, supplier_id=4, cost=146.56200777755276, quantity=4, timestamp=1778599748388}
[kafka-producer-network-thread | producer-1] INFO is.project3.PurchaseEventProducer - Sent purchase event: PurchaseEvent{book_id=5, supplier_id=5, cost=2.1613439757449537, quantity=9, timestamp=1778599748490}
[kafka-producer-network-thread | producer-1] INFO is.project3.PurchaseEventProducer - Sent purchase event: PurchaseEvent{book_id=1, supplier_id=4, cost=483.92852493334016, quantity=7, timestamp=1778599748590}
[kafka-producer-network-thread | producer-1] INFO is.project3.PurchaseEventProducer - Sent purchase event: PurchaseEvent{book_id=3, supplier_id=3, cost=32.26043643899898, quantity=13, timestamp=1778599748691}
[kafka-producer-network-thread | producer-1] INFO is.project3.PurchaseEventProducer - Sent purchase event: PurchaseEvent{book_id=2, supplier_id=4, cost=16.746137793194464, quantity=5, timestamp=1778599748792}
[kafka-producer-network-thread | producer-1] INFO is.project3.PurchaseEventProducer - Sent purchase event: PurchaseEvent{book_id=5, supplier_id=3, cost=1.6853060665272206, quantity=12, timestamp=1778599748892}
[kafka-producer-network-thread | producer-1] INFO is.project3.PurchaseEventProducer - Sent purchase event: PurchaseEvent{book_id=5, supplier_id=4, cost=1.951250849977706, quantity=11, timestamp=1778599748993}
[kafka-producer-network-thread | producer-1] INFO is.project3.PurchaseEventProducer - Sent purchase event: PurchaseEvent{book_id=1, supplier_id=3, cost=538.0545641684679, quantity=3, timestamp=1778599749093}
[kafka-producer-network-thread | producer-1] INFO is.project3.PurchaseEventProducer - Sent purchase event: PurchaseEvent{book_id=3, supplier_id=5, cost=33.170718723639546, quantity=19, timestamp=1778599749194}
[kafka-producer-network-thread | producer-1] INFO is.project3.PurchaseEventProducer - Sent purchase event: PurchaseEvent{book_id=1, supplier_id=1, cost=509.87423198617086, quantity=4, timestamp=1778599749295}
[kafka-producer-network-thread | producer-1] INFO is.project3.PurchaseEventProducer - Sent purchase event: PurchaseEvent{book_id=2, supplier_id=4, cost=16.324778779610703, quantity=13, timestamp=1778599749396}
[kafka-producer-network-thread | producer-1] INFO is.project3.PurchaseEventProducer - Sent purchase event: PurchaseEvent{book_id=3, supplier_id=5, cost=46.27628442273097, quantity=6, timestamp=1778599749496}
[kafka-producer-network-thread | producer-1] INFO is.project3.PurchaseEventProducer - Sent purchase event: PurchaseEvent{book_id=1, supplier_id=4, cost=497.21268030232324, quantity=17, timestamp=1778599749597}
[kafka-producer-network-thread | producer-1] INFO is.project3.PurchaseEventProducer - Sent purchase event: PurchaseEvent{book_id=3, supplier_id=2, cost=43.10233434205485, quantity=3, timestamp=1778599749698}
[kafka-producer-network-thread | producer-1] INFO is.project3.PurchaseEventProducer - Sent purchase event: PurchaseEvent{book_id=5, supplier_id=3, cost=2.19542766296472, quantity=13, timestamp=1778599749798}
[kafka-producer-network-thread | producer-1] INFO is.project3.PurchaseEventProducer - Sent purchase event: PurchaseEvent{book_id=3, supplier_id=1, cost=44.366711803204225, quantity=10, timestamp=1778599749899}
[kafka-producer-network-thread | producer-1] INFO is.project3.PurchaseEventProducer - Sent purchase event: PurchaseEvent{book_id=2, supplier_id=4, cost=12.02499531397358, quantity=9, timestamp=1778599750000}
[kafka-producer-network-thread | producer-1] INFO is.project3.PurchaseEventProducer - Sent purchase event: PurchaseEvent{book_id=1, supplier_id=2, cost=516.7233486112818, quantity=8, timestamp=1778599750100}
[kafka-producer-network-thread | producer-1] INFO is.project3.PurchaseEventProducer - Sent purchase event: PurchaseEvent{book_id=4, supplier_id=1, cost=172.71012420656987, quantity=4, timestamp=1778599750201}
[kafka-producer-network-thread | producer-1] INFO is.project3.PurchaseEventProducer - Sent purchase event: PurchaseEvent{book_id=1, supplier_id=2, cost=547.5169534698325, quantity=7, timestamp=1778599750302}
[kafka-producer-network-thread | producer-1] INFO is.project3.PurchaseEventProducer - Sent purchase event: PurchaseEvent{book_id=4, supplier_id=3, cost=131.02552790476363, quantity=6, timestamp=1778599750402}
[kafka-producer-network-thread | producer-1] INFO is.project3.PurchaseEventProducer - Sent purchase event: PurchaseEvent{book_id=1, supplier_id=5, cost=429.5325743965371, quantity=11, timestamp=1778599750503}
[kafka-producer-network-thread | producer-1] INFO is.project3.PurchaseEventProducer - Sent purchase event: PurchaseEvent{book_id=2, supplier_id=3, cost=16.07977491224855, quantity=15, timestamp=1778599750603}
[kafka-producer-network-thread | producer-1] INFO is.project3.PurchaseEventProducer - Sent purchase event: PurchaseEvent{book_id=5, supplier_id=1, cost=1.6606948556216319, quantity=20, timestamp=1778599750704}
[kafka-producer-network-thread | producer-1] INFO is.project3.PurchaseEventProducer - Sent purchase event: PurchaseEvent{book_id=2, supplier_id=2, cost=13.971105453244773, quantity=19, timestamp=1778599750805}
[kafka-producer-network-thread | producer-1] INFO is.project3.PurchaseEventProducer - Sent purchase event: PurchaseEvent{book_id=1, supplier_id=5, cost=420.10084151071925, quantity=20, timestamp=1778599750905}
[kafka-producer-network-thread | producer-1] INFO is.project3.PurchaseEventProducer - Sent purchase event: PurchaseEvent{book_id=4, supplier_id=4, cost=167.51380936692223, quantity=4, timestamp=1778599751008}
[kafka-producer-network-thread | producer-1] INFO is.project3.PurchaseEventProducer - Sent purchase event: PurchaseEvent{book_id=2, supplier_id=3, cost=14.517026249489007, quantity=18, timestamp=1778599751109}
[kafka-producer-network-thread | producer-1] INFO is.project3.PurchaseEventProducer - Sent purchase event: PurchaseEvent{book_id=5, supplier_id=3, cost=2.207399590829867, quantity=15, timestamp=1778599751209}
[kafka-producer-network-thread | producer-1] INFO is.project3.PurchaseEventProducer - Sent purchase event: PurchaseEvent{book_id=5, supplier_id=2, cost=1.8616807531059378, quantity=12, timestamp=1778599751310}
[kafka-producer-network-thread | producer-1] INFO is.project3.PurchaseEventProducer - Sent purchase event: PurchaseEvent{book_id=5, supplier_id=5, cost=1.9901859723049666, quantity=15, timestamp=1778599751410}
[kafka-producer-network-thread | producer-1] INFO is.project3.PurchaseEventProducer - Sent purchase event: PurchaseEvent{book_id=4, supplier_id=5, cost=129.3394773704194, quantity=16, timestamp=1778599751511}
[kafka-producer-network-thread | producer-1] INFO is.project3.PurchaseEventProducer - Sent purchase event: PurchaseEvent{book_id=1, supplier_id=2, cost=440.42073658531956, quantity=16, timestamp=1778599751612}
[kafka-producer-network-thread | producer-1] INFO is.project3.PurchaseEventProducer - Sent purchase event: PurchaseEvent{book_id=2, supplier_id=3, cost=15.547702711130448, quantity=4, timestamp=1778599751712}
[kafka-producer-network-thread | producer-1] INFO is.project3.PurchaseEventProducer - Sent purchase event: PurchaseEvent{book_id=5, supplier_id=4, cost=2.2513790226167285, quantity=18, timestamp=1778599751813}
[kafka-producer-network-thread | producer-1] INFO is.project3.PurchaseEventProducer - Sent purchase event: PurchaseEvent{book_id=4, supplier_id=4, cost=135.33996847251652, quantity=8, timestamp=1778599751914}
[kafka-producer-network-thread | producer-1] INFO is.project3.PurchaseEventProducer - Sent purchase event: PurchaseEvent{book_id=5, supplier_id=5, cost=2.0441494839836225, quantity=9, timestamp=1778599752015}
[kafka-producer-network-thread | producer-1] INFO is.project3.PurchaseEventProducer - Sent purchase event: PurchaseEvent{book_id=3, supplier_id=4, cost=41.210645104794565, quantity=16, timestamp=1778599752116}
[kafka-producer-network-thread | producer-1] INFO is.project3.PurchaseEventProducer - Sent purchase event: PurchaseEvent{book_id=3, supplier_id=5, cost=34.13612253363936, quantity=18, timestamp=1778599752216}
[kafka-producer-network-thread | producer-1] INFO is.project3.PurchaseEventProducer - Sent purchase event: PurchaseEvent{book_id=2, supplier_id=2, cost=12.875663245450294, quantity=2, timestamp=1778599752317}
[kafka-producer-network-thread | producer-1] INFO is.project3.PurchaseEventProducer - Sent purchase event: PurchaseEvent{book_id=2, supplier_id=2, cost=14.40612311472252, quantity=5, timestamp=1778599752418}
[kafka-producer-network-thread | producer-1] INFO is.project3.PurchaseEventProducer - Sent purchase event: PurchaseEvent{book_id=3, supplier_id=2, cost=32.10405140052629, quantity=16, timestamp=1778599752518}
[kafka-producer-network-thread | producer-1] INFO is.project3.PurchaseEventProducer - Sent purchase event: PurchaseEvent{book_id=1, supplier_id=5, cost=550.6474989099756, quantity=14, timestamp=1778599752619}
[kafka-producer-network-thread | producer-1] INFO is.project3.PurchaseEventProducer - Sent purchase event: PurchaseEvent{book_id=5, supplier_id=5, cost=1.7744332594505459, quantity=17, timestamp=1778599752719}
[kafka-producer-network-thread | producer-1] INFO is.project3.PurchaseEventProducer - Sent purchase event: PurchaseEvent{book_id=2, supplier_id=2, cost=16.5298495743369, quantity=9, timestamp=1778599752820}
[kafka-producer-network-thread | producer-1] INFO is.project3.PurchaseEventProducer - Sent purchase event: PurchaseEvent{book_id=3, supplier_id=2, cost=36.625930318560876, quantity=11, timestamp=1778599752921}
[kafka-producer-network-thread | producer-1] INFO is.project3.PurchaseEventProducer - Sent purchase event: PurchaseEvent{book_id=1, supplier_id=1, cost=554.9346018492887, quantity=2, timestamp=1778599753021}
[kafka-producer-network-thread | producer-1] INFO is.project3.PurchaseEventProducer - Sent purchase event: PurchaseEvent{book_id=5, supplier_id=3, cost=1.7171709847216958, quantity=16, timestamp=1778599753122}
[kafka-producer-network-thread | producer-1] INFO is.project3.PurchaseEventProducer - Sent purchase event: PurchaseEvent{book_id=1, supplier_id=4, cost=469.33168527005756, quantity=1, timestamp=1778599753222}
[kafka-producer-network-thread | producer-1] INFO is.project3.PurchaseEventProducer - Sent purchase event: PurchaseEvent{book_id=4, supplier_id=2, cost=149.06398738343933, quantity=8, timestamp=1778599753323}
[kafka-producer-network-thread | producer-1] INFO is.project3.PurchaseEventProducer - Sent purchase event: PurchaseEvent{book_id=1, supplier_id=1, cost=485.1353931991959, quantity=6, timestamp=1778599753423}
[kafka-producer-network-thread | producer-1] INFO is.project3.PurchaseEventProducer - Sent purchase event: PurchaseEvent{book_id=4, supplier_id=1, cost=133.91064378626427, quantity=11, timestamp=1778599753524}
[kafka-producer-network-thread | producer-1] INFO is.project3.PurchaseEventProducer - Sent purchase event: PurchaseEvent{book_id=2, supplier_id=5, cost=15.940777015135406, quantity=3, timestamp=1778599753624}
[kafka-producer-network-thread | producer-1] INFO is.project3.PurchaseEventProducer - Sent purchase event: PurchaseEvent{book_id=3, supplier_id=1, cost=33.65266835677915, quantity=13, timestamp=1778599753725}
[kafka-producer-network-thread | producer-1] INFO is.project3.PurchaseEventProducer - Sent purchase event: PurchaseEvent{book_id=1, supplier_id=5, cost=403.0251454740755, quantity=16, timestamp=1778599753826}
[kafka-producer-network-thread | producer-1] INFO is.project3.PurchaseEventProducer - Sent purchase event: PurchaseEvent{book_id=3, supplier_id=5, cost=43.480232912065226, quantity=19, timestamp=1778599753926}
[kafka-producer-network-thread | producer-1] INFO is.project3.PurchaseEventProducer - Sent purchase event: PurchaseEvent{book_id=2, supplier_id=3, cost=14.55958535952936, quantity=14, timestamp=1778599754027}
[kafka-producer-network-thread | producer-1] INFO is.project3.PurchaseEventProducer - Sent purchase event: PurchaseEvent{book_id=5, supplier_id=3, cost=2.036914913147322, quantity=15, timestamp=1778599754127}
[kafka-producer-network-thread | producer-1] INFO is.project3.PurchaseEventProducer - Sent purchase event: PurchaseEvent{book_id=5, supplier_id=2, cost=1.93923079107711, quantity=8, timestamp=1778599754228}
[kafka-producer-network-thread | producer-1] INFO is.project3.PurchaseEventProducer - Sent purchase event: PurchaseEvent{book_id=5, supplier_id=5, cost=1.7773055948008427, quantity=20, timestamp=1778599754329}
[kafka-producer-network-thread | producer-1] INFO is.project3.PurchaseEventProducer - Sent purchase event: PurchaseEvent{book_id=4, supplier_id=5, cost=128.14836168539108, quantity=6, timestamp=1778599754429}
[kafka-producer-network-thread | producer-1] INFO is.project3.PurchaseEventProducer - Sent purchase event: PurchaseEvent{book_id=1, supplier_id=4, cost=546.3939030571439, quantity=20, timestamp=1778599754530}
[kafka-producer-network-thread | producer-1] INFO is.project3.PurchaseEventProducer - Sent purchase event: PurchaseEvent{book_id=2, supplier_id=5, cost=13.824898833240686, quantity=15, timestamp=1778599754630}
[kafka-producer-network-thread | producer-1] INFO is.project3.PurchaseEventProducer - Sent purchase event: PurchaseEvent{book_id=3, supplier_id=5, cost=43.12299563669369, quantity=20, timestamp=1778599754731}
[kafka-producer-network-thread | producer-1] INFO is.project3.PurchaseEventProducer - Sent purchase event: PurchaseEvent{book_id=5, supplier_id=3, cost=1.7927935158685804, quantity=1, timestamp=1778599754832}
[kafka-producer-network-thread | producer-1] INFO is.project3.PurchaseEventProducer - Sent purchase event: PurchaseEvent{book_id=4, supplier_id=3, cost=160.06516903394694, quantity=1, timestamp=1778599754933}
[kafka-producer-network-thread | producer-1] INFO is.project3.PurchaseEventProducer - Sent purchase event: PurchaseEvent{book_id=4, supplier_id=1, cost=125.68218064257249, quantity=8, timestamp=1778599755033}
[kafka-producer-network-thread | producer-1] INFO is.project3.PurchaseEventProducer - Sent purchase event: PurchaseEvent{book_id=4, supplier_id=4, cost=140.81378878173305, quantity=18, timestamp=1778599755134}
[kafka-producer-network-thread | producer-1] INFO is.project3.PurchaseEventProducer - Sent purchase event: PurchaseEvent{book_id=3, supplier_id=4, cost=44.388205686775265, quantity=2, timestamp=1778599755234}
[kafka-producer-network-thread | producer-1] INFO is.project3.PurchaseEventProducer - Sent purchase event: PurchaseEvent{book_id=2, supplier_id=1, cost=13.32449450483921, quantity=5, timestamp=1778599755335}
[kafka-producer-network-thread | producer-1] INFO is.project3.PurchaseEventProducer - Sent purchase event: PurchaseEvent{book_id=3, supplier_id=1, cost=43.06492085001976, quantity=19, timestamp=1778599755436}
[kafka-producer-network-thread | producer-1] INFO is.project3.PurchaseEventProducer - Sent purchase event: PurchaseEvent{book_id=4, supplier_id=4, cost=167.14568927358283, quantity=14, timestamp=1778599755536}
[kafka-producer-network-thread | producer-1] INFO is.project3.PurchaseEventProducer - Sent purchase event: PurchaseEvent{book_id=1, supplier_id=5, cost=447.42381053939874, quantity=5, timestamp=1778599755637}
[kafka-producer-network-thread | producer-1] INFO is.project3.PurchaseEventProducer - Sent purchase event: PurchaseEvent{book_id=4, supplier_id=5, cost=177.11862813054, quantity=16, timestamp=1778599755738}
[kafka-producer-network-thread | producer-1] INFO is.project3.PurchaseEventProducer - Sent purchase event: PurchaseEvent{book_id=4, supplier_id=1, cost=140.91251289136437, quantity=11, timestamp=1778599755839}
[kafka-producer-network-thread | producer-1] INFO is.project3.PurchaseEventProducer - Sent purchase event: PurchaseEvent{book_id=5, supplier_id=2, cost=2.2525712495252126, quantity=16, timestamp=1778599755939}
[kafka-producer-network-thread | producer-1] INFO is.project3.PurchaseEventProducer - Sent purchase event: PurchaseEvent{book_id=5, supplier_id=3, cost=2.2903940844379966, quantity=8, timestamp=1778599756040}
[kafka-producer-network-thread | producer-1] INFO is.project3.PurchaseEventProducer - Sent purchase event: PurchaseEvent{book_id=5, supplier_id=4, cost=2.0193443636158106, quantity=12, timestamp=1778599756144}
[kafka-producer-network-thread | producer-1] INFO is.project3.PurchaseEventProducer - Sent purchase event: PurchaseEvent{book_id=4, supplier_id=5, cost=167.35357830334243, quantity=14, timestamp=1778599756245}
[kafka-producer-network-thread | producer-1] INFO is.project3.PurchaseEventProducer - Sent purchase event: PurchaseEvent{book_id=2, supplier_id=4, cost=13.78247792935613, quantity=12, timestamp=1778599756345}
[kafka-producer-network-thread | producer-1] INFO is.project3.PurchaseEventProducer - Sent purchase event: PurchaseEvent{book_id=3, supplier_id=4, cost=32.94448185632212, quantity=4, timestamp=1778599756446}
[kafka-producer-network-thread | producer-1] INFO is.project3.PurchaseEventProducer - Sent purchase event: PurchaseEvent{book_id=4, supplier_id=1, cost=140.59049623488875, quantity=12, timestamp=1778599756547}
[kafka-producer-network-thread | producer-1] INFO is.project3.PurchaseEventProducer - Sent purchase event: PurchaseEvent{book_id=3, supplier_id=4, cost=45.25513258598135, quantity=20, timestamp=1778599756647}
[kafka-producer-network-thread | producer-1] INFO is.project3.PurchaseEventProducer - Sent purchase event: PurchaseEvent{book_id=1, supplier_id=5, cost=553.5167321336146, quantity=8, timestamp=1778599756748}
[kafka-producer-network-thread | producer-1] INFO is.project3.PurchaseEventProducer - Sent purchase event: PurchaseEvent{book_id=5, supplier_id=5, cost=2.185977081498643, quantity=17, timestamp=1778599756848}
[kafka-producer-network-thread | producer-1] INFO is.project3.PurchaseEventProducer - Sent purchase event: PurchaseEvent{book_id=3, supplier_id=3, cost=45.78337512410733, quantity=18, timestamp=1778599756949}
[kafka-producer-network-thread | producer-1] INFO is.project3.PurchaseEventProducer - Sent purchase event: PurchaseEvent{book_id=5, supplier_id=2, cost=1.7664829555121804, quantity=2, timestamp=1778599757050}
[kafka-producer-network-thread | producer-1] INFO is.project3.PurchaseEventProducer - Sent purchase event: PurchaseEvent{book_id=1, supplier_id=1, cost=584.0764981837574, quantity=9, timestamp=1778599757150}
[kafka-producer-network-thread | producer-1] INFO is.project3.PurchaseEventProducer - Sent purchase event: PurchaseEvent{book_id=1, supplier_id=1, cost=566.9485117173557, quantity=8, timestamp=1778599757251}
[kafka-producer-network-thread | producer-1] INFO is.project3.PurchaseEventProducer - Sent purchase event: PurchaseEvent{book_id=3, supplier_id=1, cost=39.26691747112991, quantity=16, timestamp=1778599757352}
[kafka-producer-network-thread | producer-1] INFO is.project3.PurchaseEventProducer - Sent purchase event: PurchaseEvent{book_id=1, supplier_id=3, cost=428.55832133763204, quantity=2, timestamp=1778599757452}
[kafka-producer-network-thread | producer-1] INFO is.project3.PurchaseEventProducer - Sent purchase event: PurchaseEvent{book_id=2, supplier_id=2, cost=17.852137619581654, quantity=12, timestamp=1778599757553}
[kafka-producer-network-thread | producer-1] INFO is.project3.PurchaseEventProducer - Sent purchase event: PurchaseEvent{book_id=3, supplier_id=1, cost=42.52704634452152, quantity=6, timestamp=1778599757653}
[kafka-producer-network-thread | producer-1] INFO is.project3.PurchaseEventProducer - Sent purchase event: PurchaseEvent{book_id=5, supplier_id=5, cost=1.8080023855904983, quantity=8, timestamp=1778599757754}
[kafka-producer-network-thread | producer-1] INFO is.project3.PurchaseEventProducer - Sent purchase event: PurchaseEvent{book_id=3, supplier_id=5, cost=47.03920714735489, quantity=13, timestamp=1778599757855}
[kafka-producer-network-thread | producer-1] INFO is.project3.PurchaseEventProducer - Sent purchase event: PurchaseEvent{book_id=5, supplier_id=5, cost=2.1504026902121205, quantity=5, timestamp=1778599757955}
[kafka-producer-network-thread | producer-1] INFO is.project3.PurchaseEventProducer - Sent purchase event: PurchaseEvent{book_id=5, supplier_id=2, cost=2.0401410892215215, quantity=19, timestamp=1778599758056}
[kafka-producer-network-thread | producer-1] INFO is.project3.PurchaseEventProducer - Sent purchase event: PurchaseEvent{book_id=4, supplier_id=3, cost=156.3841389296536, quantity=14, timestamp=1778599758156}
[kafka-producer-network-thread | producer-1] INFO is.project3.PurchaseEventProducer - Sent purchase event: PurchaseEvent{book_id=5, supplier_id=4, cost=1.8717460272734503, quantity=19, timestamp=1778599758257}
[kafka-producer-network-thread | producer-1] INFO is.project3.PurchaseEventProducer - Sent purchase event: PurchaseEvent{book_id=4, supplier_id=2, cost=151.8722984737858, quantity=3, timestamp=1778599758358}
[kafka-producer-network-thread | producer-1] INFO is.project3.PurchaseEventProducer - Sent purchase event: PurchaseEvent{book_id=1, supplier_id=5, cost=580.0704616194922, quantity=8, timestamp=1778599758458}
[kafka-producer-network-thread | producer-1] INFO is.project3.PurchaseEventProducer - Sent purchase event: PurchaseEvent{book_id=5, supplier_id=5, cost=1.6452481578314957, quantity=19, timestamp=1778599758559}
[kafka-producer-network-thread | producer-1] INFO is.project3.PurchaseEventProducer - Sent purchase event: PurchaseEvent{book_id=2, supplier_id=4, cost=12.807207430882315, quantity=15, timestamp=1778599758659}
[kafka-producer-network-thread | producer-1] INFO is.project3.PurchaseEventProducer - Sent purchase event: PurchaseEvent{book_id=5, supplier_id=2, cost=1.6803853694913393, quantity=11, timestamp=1778599758760}
[kafka-producer-network-thread | producer-1] INFO is.project3.PurchaseEventProducer - Sent purchase event: PurchaseEvent{book_id=2, supplier_id=1, cost=15.702251647263402, quantity=19, timestamp=1778599758860}
[kafka-producer-network-thread | producer-1] INFO is.project3.PurchaseEventProducer - Sent purchase event: PurchaseEvent{book_id=3, supplier_id=3, cost=33.96506786062747, quantity=10, timestamp=1778599758961}
[kafka-producer-network-thread | producer-1] INFO is.project3.PurchaseEventProducer - Sent purchase event: PurchaseEvent{book_id=5, supplier_id=2, cost=2.0350934905694356, quantity=2, timestamp=1778599759062}
[kafka-producer-network-thread | producer-1] INFO is.project3.PurchaseEventProducer - Sent purchase event: PurchaseEvent{book_id=5, supplier_id=5, cost=1.802297382656422, quantity=15, timestamp=1778599759162}
[kafka-producer-network-thread | producer-1] INFO is.project3.PurchaseEventProducer - Sent purchase event: PurchaseEvent{book_id=3, supplier_id=2, cost=36.69725951508481, quantity=6, timestamp=1778599759263}
[kafka-producer-network-thread | producer-1] INFO is.project3.PurchaseEventProducer - Sent purchase event: PurchaseEvent{book_id=3, supplier_id=4, cost=46.27516199073117, quantity=16, timestamp=1778599759363}
[kafka-producer-network-thread | producer-1] INFO is.project3.PurchaseEventProducer - Sent purchase event: PurchaseEvent{book_id=1, supplier_id=2, cost=497.13735222923634, quantity=15, timestamp=1778599759464}
[kafka-producer-network-thread | producer-1] INFO is.project3.PurchaseEventProducer - Sent purchase event: PurchaseEvent{book_id=1, supplier_id=4, cost=588.214134702197, quantity=18, timestamp=1778599759565}
[kafka-producer-network-thread | producer-1] INFO is.project3.PurchaseEventProducer - Sent purchase event: PurchaseEvent{book_id=4, supplier_id=4, cost=163.86873166658495, quantity=3, timestamp=1778599759665}
[kafka-producer-network-thread | producer-1] INFO is.project3.PurchaseEventProducer - Sent purchase event: PurchaseEvent{book_id=1, supplier_id=2, cost=451.67028564779383, quantity=17, timestamp=1778599759765}
[kafka-producer-network-thread | producer-1] INFO is.project3.PurchaseEventProducer - Sent purchase event: PurchaseEvent{book_id=2, supplier_id=1, cost=16.239368501619957, quantity=6, timestamp=1778599759866}
[kafka-producer-network-thread | producer-1] INFO is.project3.PurchaseEventProducer - Sent purchase event: PurchaseEvent{book_id=5, supplier_id=4, cost=1.8191733129495842, quantity=1, timestamp=1778599759967}
[kafka-producer-network-thread | producer-1] INFO is.project3.PurchaseEventProducer - Sent purchase event: PurchaseEvent{book_id=3, supplier_id=4, cost=34.691099594765795, quantity=10, timestamp=1778599760067}
[kafka-producer-network-thread | producer-1] INFO is.project3.PurchaseEventProducer - Sent purchase event: PurchaseEvent{book_id=1, supplier_id=5, cost=582.0486171734498, quantity=2, timestamp=1778599760168}
[kafka-producer-network-thread | producer-1] INFO is.project3.PurchaseEventProducer - Sent purchase event: PurchaseEvent{book_id=3, supplier_id=4, cost=47.73713991121891, quantity=13, timestamp=1778599760268}
[kafka-producer-network-thread | producer-1] INFO is.project3.PurchaseEventProducer - Sent purchase event: PurchaseEvent{book_id=5, supplier_id=5, cost=1.9810222564999038, quantity=6, timestamp=1778599760369}
[kafka-producer-network-thread | producer-1] INFO is.project3.PurchaseEventProducer - Sent purchase event: PurchaseEvent{book_id=4, supplier_id=2, cost=128.28517478054624, quantity=3, timestamp=1778599760469}
[kafka-producer-network-thread | producer-1] INFO is.project3.PurchaseEventProducer - Sent purchase event: PurchaseEvent{book_id=4, supplier_id=3, cost=144.18003030143996, quantity=2, timestamp=1778599760570}
[kafka-producer-network-thread | producer-1] INFO is.project3.PurchaseEventProducer - Sent purchase event: PurchaseEvent{book_id=3, supplier_id=2, cost=43.64760800567254, quantity=13, timestamp=1778599760670}
[kafka-producer-network-thread | producer-1] INFO is.project3.PurchaseEventProducer - Sent purchase event: PurchaseEvent{book_id=4, supplier_id=2, cost=129.9530688439029, quantity=10, timestamp=1778599760771}
[kafka-producer-network-thread | producer-1] INFO is.project3.PurchaseEventProducer - Sent purchase event: PurchaseEvent{book_id=1, supplier_id=3, cost=462.65583778571795, quantity=11, timestamp=1778599760871}
[kafka-producer-network-thread | producer-1] INFO is.project3.PurchaseEventProducer - Sent purchase event: PurchaseEvent{book_id=5, supplier_id=5, cost=1.95636617557017, quantity=4, timestamp=1778599760972}
[kafka-producer-network-thread | producer-1] INFO is.project3.PurchaseEventProducer - Sent purchase event: PurchaseEvent{book_id=4, supplier_id=3, cost=126.94335300226454, quantity=9, timestamp=1778599761073}
[kafka-producer-network-thread | producer-1] INFO is.project3.PurchaseEventProducer - Sent purchase event: PurchaseEvent{book_id=2, supplier_id=4, cost=15.467951324402163, quantity=2, timestamp=1778599761173}
[kafka-producer-network-thread | producer-1] INFO is.project3.PurchaseEventProducer - Sent purchase event: PurchaseEvent{book_id=4, supplier_id=1, cost=148.50458676083926, quantity=7, timestamp=1778599761274}
[kafka-producer-network-thread | producer-1] INFO is.project3.PurchaseEventProducer - Sent purchase event: PurchaseEvent{book_id=1, supplier_id=4, cost=470.06868313296087, quantity=4, timestamp=1778599761375}
[kafka-producer-network-thread | producer-1] INFO is.project3.PurchaseEventProducer - Sent purchase event: PurchaseEvent{book_id=5, supplier_id=4, cost=2.2425217198645253, quantity=2, timestamp=1778599761475}
[kafka-producer-network-thread | producer-1] INFO is.project3.PurchaseEventProducer - Sent purchase event: PurchaseEvent{book_id=5, supplier_id=1, cost=2.3831535432454944, quantity=6, timestamp=1778599761576}
[kafka-producer-network-thread | producer-1] INFO is.project3.PurchaseEventProducer - Sent purchase event: PurchaseEvent{book_id=1, supplier_id=1, cost=424.0163078699434, quantity=17, timestamp=1778599761677}
[kafka-producer-network-thread | producer-1] INFO is.project3.PurchaseEventProducer - Sent purchase event: PurchaseEvent{book_id=2, supplier_id=5, cost=14.868099101120592, quantity=10, timestamp=1778599761777}
[kafka-producer-network-thread | producer-1] INFO is.project3.PurchaseEventProducer - Sent purchase event: PurchaseEvent{book_id=2, supplier_id=3, cost=16.23506016488244, quantity=10, timestamp=1778599761878}
[kafka-producer-network-thread | producer-1] INFO is.project3.PurchaseEventProducer - Sent purchase event: PurchaseEvent{book_id=1, supplier_id=4, cost=559.1824997612509, quantity=9, timestamp=1778599761978}
[kafka-producer-network-thread | producer-1] INFO is.project3.PurchaseEventProducer - Sent purchase event: PurchaseEvent{book_id=5, supplier_id=2, cost=1.952499630527591, quantity=4, timestamp=1778599762079}
[kafka-producer-network-thread | producer-1] INFO is.project3.PurchaseEventProducer - Sent purchase event: PurchaseEvent{book_id=3, supplier_id=2, cost=39.80102165067153, quantity=1, timestamp=1778599762179}
[kafka-producer-network-thread | producer-1] INFO is.project3.PurchaseEventProducer - Sent purchase event: PurchaseEvent{book_id=3, supplier_id=3, cost=43.421012872490074, quantity=2, timestamp=1778599762280}
[kafka-producer-network-thread | producer-1] INFO is.project3.PurchaseEventProducer - Sent purchase event: PurchaseEvent{book_id=2, supplier_id=1, cost=16.719772674077316, quantity=17, timestamp=1778599762381}
[kafka-producer-network-thread | producer-1] INFO is.project3.PurchaseEventProducer - Sent purchase event: PurchaseEvent{book_id=1, supplier_id=1, cost=404.99641341333387, quantity=14, timestamp=1778599762482}
[kafka-producer-network-thread | producer-1] INFO is.project3.PurchaseEventProducer - Sent purchase event: PurchaseEvent{book_id=1, supplier_id=3, cost=503.4979737794852, quantity=1, timestamp=1778599762604}
[kafka-producer-network-thread | producer-1] INFO is.project3.PurchaseEventProducer - Sent purchase event: PurchaseEvent{book_id=5, supplier_id=5, cost=1.973643322736075, quantity=3, timestamp=1778599762705}
[kafka-producer-network-thread | producer-1] INFO is.project3.PurchaseEventProducer - Sent purchase event: PurchaseEvent{book_id=3, supplier_id=1, cost=40.934627912388436, quantity=7, timestamp=1778599762806}
[kafka-producer-network-thread | producer-1] INFO is.project3.PurchaseEventProducer - Sent purchase event: PurchaseEvent{book_id=3, supplier_id=3, cost=42.5292522657043, quantity=4, timestamp=1778599762907}
[kafka-producer-network-thread | producer-1] INFO is.project3.PurchaseEventProducer - Sent purchase event: PurchaseEvent{book_id=1, supplier_id=1, cost=546.561446769943, quantity=6, timestamp=1778599763008}
[kafka-producer-network-thread | producer-1] INFO is.project3.PurchaseEventProducer - Sent purchase event: PurchaseEvent{book_id=4, supplier_id=1, cost=176.53294611585187, quantity=5, timestamp=1778599763108}
[kafka-producer-network-thread | producer-1] INFO is.project3.PurchaseEventProducer - Sent purchase event: PurchaseEvent{book_id=3, supplier_id=1, cost=42.71047406896586, quantity=12, timestamp=1778599763209}
[kafka-producer-network-thread | producer-1] INFO is.project3.PurchaseEventProducer - Sent purchase event: PurchaseEvent{book_id=4, supplier_id=4, cost=172.44754521238207, quantity=18, timestamp=1778599763310}
[kafka-producer-network-thread | producer-1] INFO is.project3.PurchaseEventProducer - Sent purchase event: PurchaseEvent{book_id=4, supplier_id=4, cost=142.79217814250242, quantity=9, timestamp=1778599763410}
[kafka-producer-network-thread | producer-1] INFO is.project3.PurchaseEventProducer - Sent purchase event: PurchaseEvent{book_id=2, supplier_id=4, cost=12.091382864814538, quantity=1, timestamp=1778599763511}
[kafka-producer-network-thread | producer-1] INFO is.project3.PurchaseEventProducer - Sent purchase event: PurchaseEvent{book_id=5, supplier_id=3, cost=1.988511985285699, quantity=6, timestamp=1778599763611}
[kafka-producer-network-thread | producer-1] INFO is.project3.PurchaseEventProducer - Sent purchase event: PurchaseEvent{book_id=5, supplier_id=3, cost=1.7956262115781174, quantity=2, timestamp=1778599763712}
[kafka-producer-network-thread | producer-1] INFO is.project3.PurchaseEventProducer - Sent purchase event: PurchaseEvent{book_id=1, supplier_id=4, cost=584.3377787421775, quantity=10, timestamp=1778599763812}
[kafka-producer-network-thread | producer-1] INFO is.project3.PurchaseEventProducer - Sent purchase event: PurchaseEvent{book_id=1, supplier_id=4, cost=583.5191715964551, quantity=6, timestamp=1778599763913}
[kafka-producer-network-thread | producer-1] INFO is.project3.PurchaseEventProducer - Sent purchase event: PurchaseEvent{book_id=2, supplier_id=3, cost=15.49957377646815, quantity=18, timestamp=1778599764014}
[kafka-producer-network-thread | producer-1] INFO is.project3.PurchaseEventProducer - Sent purchase event: PurchaseEvent{book_id=4, supplier_id=5, cost=172.09118143137326, quantity=20, timestamp=1778599764114}
[kafka-producer-network-thread | producer-1] INFO is.project3.PurchaseEventProducer - Sent purchase event: PurchaseEvent{book_id=2, supplier_id=1, cost=15.148707118574638, quantity=12, timestamp=1778599764214}
[kafka-producer-network-thread | producer-1] INFO is.project3.PurchaseEventProducer - Sent purchase event: PurchaseEvent{book_id=5, supplier_id=1, cost=2.0306077191600367, quantity=6, timestamp=1778599764315}
[kafka-producer-network-thread | producer-1] INFO is.project3.PurchaseEventProducer - Sent purchase event: PurchaseEvent{book_id=5, supplier_id=1, cost=1.8084262059323652, quantity=3, timestamp=1778599764415}
[kafka-producer-network-thread | producer-1] INFO is.project3.PurchaseEventProducer - Sent purchase event: PurchaseEvent{book_id=4, supplier_id=2, cost=166.4020248771544, quantity=7, timestamp=1778599764516}
[kafka-producer-network-thread | producer-1] INFO is.project3.PurchaseEventProducer - Sent purchase event: PurchaseEvent{book_id=3, supplier_id=3, cost=34.03188845832354, quantity=10, timestamp=1778599764617}
[kafka-producer-network-thread | producer-1] INFO is.project3.PurchaseEventProducer - Sent purchase event: PurchaseEvent{book_id=1, supplier_id=4, cost=484.31998361216904, quantity=14, timestamp=1778599764717}
[kafka-producer-network-thread | producer-1] INFO is.project3.PurchaseEventProducer - Sent purchase event: PurchaseEvent{book_id=3, supplier_id=2, cost=35.57308199535966, quantity=9, timestamp=1778599764818}
[kafka-producer-network-thread | producer-1] INFO is.project3.PurchaseEventProducer - Sent purchase event: PurchaseEvent{book_id=3, supplier_id=2, cost=37.01005567701631, quantity=7, timestamp=1778599764919}
[kafka-producer-network-thread | producer-1] INFO is.project3.PurchaseEventProducer - Sent purchase event: PurchaseEvent{book_id=3, supplier_id=2, cost=35.68641495033942, quantity=14, timestamp=1778599765019}
[kafka-producer-network-thread | producer-1] INFO is.project3.PurchaseEventProducer - Sent purchase event: PurchaseEvent{book_id=3, supplier_id=2, cost=40.7758830177281, quantity=4, timestamp=1778599765120}
[kafka-producer-network-thread | producer-1] INFO is.project3.PurchaseEventProducer - Sent purchase event: PurchaseEvent{book_id=1, supplier_id=1, cost=524.3359088665956, quantity=13, timestamp=1778599765220}
[kafka-producer-network-thread | producer-1] INFO is.project3.PurchaseEventProducer - Sent purchase event: PurchaseEvent{book_id=3, supplier_id=3, cost=40.426868931498696, quantity=2, timestamp=1778599765321}
[kafka-producer-network-thread | producer-1] INFO is.project3.PurchaseEventProducer - Sent purchase event: PurchaseEvent{book_id=4, supplier_id=2, cost=125.04464616710536, quantity=3, timestamp=1778599765421}
[kafka-producer-network-thread | producer-1] INFO is.project3.PurchaseEventProducer - Sent purchase event: PurchaseEvent{book_id=2, supplier_id=5, cost=13.057013839940229, quantity=13, timestamp=1778599765522}
[kafka-producer-network-thread | producer-1] INFO is.project3.PurchaseEventProducer - Sent purchase event: PurchaseEvent{book_id=3, supplier_id=1, cost=45.02360143041709, quantity=3, timestamp=1778599765622}
[kafka-producer-network-thread | producer-1] INFO is.project3.PurchaseEventProducer - Sent purchase event: PurchaseEvent{book_id=4, supplier_id=5, cost=150.087592802984, quantity=17, timestamp=1778599765723}
[kafka-producer-network-thread | producer-1] INFO is.project3.PurchaseEventProducer - Sent purchase event: PurchaseEvent{book_id=2, supplier_id=1, cost=17.40064490858918, quantity=5, timestamp=1778599765823}
[kafka-producer-network-thread | producer-1] INFO is.project3.PurchaseEventProducer - Sent purchase event: PurchaseEvent{book_id=2, supplier_id=3, cost=12.950185715983181, quantity=3, timestamp=1778599765924}
[kafka-producer-network-thread | producer-1] INFO is.project3.PurchaseEventProducer - Sent purchase event: PurchaseEvent{book_id=1, supplier_id=4, cost=563.2508524903859, quantity=14, timestamp=1778599766025}
[kafka-producer-network-thread | producer-1] INFO is.project3.PurchaseEventProducer - Sent purchase event: PurchaseEvent{book_id=2, supplier_id=4, cost=13.038895850222376, quantity=9, timestamp=1778599766125}
[kafka-producer-network-thread | producer-1] INFO is.project3.PurchaseEventProducer - Sent purchase event: PurchaseEvent{book_id=3, supplier_id=5, cost=39.82763572745998, quantity=4, timestamp=1778599766226}
[kafka-producer-network-thread | producer-1] INFO is.project3.PurchaseEventProducer - Sent purchase event: PurchaseEvent{book_id=5, supplier_id=3, cost=2.3325327571035075, quantity=1, timestamp=1778599766326}
[kafka-producer-network-thread | producer-1] INFO is.project3.PurchaseEventProducer - Sent purchase event: PurchaseEvent{book_id=3, supplier_id=4, cost=43.75611542092271, quantity=15, timestamp=1778599766427}
[kafka-producer-network-thread | producer-1] INFO is.project3.PurchaseEventProducer - Sent purchase event: PurchaseEvent{book_id=4, supplier_id=1, cost=160.70101500634993, quantity=11, timestamp=1778599766528}
[kafka-producer-network-thread | producer-1] INFO is.project3.PurchaseEventProducer - Sent purchase event: PurchaseEvent{book_id=1, supplier_id=1, cost=443.5864456185718, quantity=16, timestamp=1778599766628}
[kafka-producer-network-thread | producer-1] INFO is.project3.PurchaseEventProducer - Sent purchase event: PurchaseEvent{book_id=3, supplier_id=4, cost=33.809556617333875, quantity=10, timestamp=1778599766729}
[kafka-producer-network-thread | producer-1] INFO is.project3.PurchaseEventProducer - Sent purchase event: PurchaseEvent{book_id=1, supplier_id=1, cost=456.40229133989584, quantity=18, timestamp=1778599766830}
[kafka-producer-network-thread | producer-1] INFO is.project3.PurchaseEventProducer - Sent purchase event: PurchaseEvent{book_id=4, supplier_id=3, cost=136.64190936364474, quantity=9, timestamp=1778599766930}
[kafka-producer-network-thread | producer-1] INFO is.project3.PurchaseEventProducer - Sent purchase event: PurchaseEvent{book_id=1, supplier_id=5, cost=487.83519237410667, quantity=3, timestamp=1778599767030}
[kafka-producer-network-thread | producer-1] INFO is.project3.PurchaseEventProducer - Sent purchase event: PurchaseEvent{book_id=4, supplier_id=2, cost=168.27622895652704, quantity=8, timestamp=1778599767131}
[kafka-producer-network-thread | producer-1] INFO is.project3.PurchaseEventProducer - Sent purchase event: PurchaseEvent{book_id=3, supplier_id=3, cost=32.39479736804111, quantity=19, timestamp=1778599767232}
[kafka-producer-network-thread | producer-1] INFO is.project3.PurchaseEventProducer - Sent purchase event: PurchaseEvent{book_id=3, supplier_id=2, cost=35.33001110448369, quantity=6, timestamp=1778599767332}
[kafka-producer-network-thread | producer-1] INFO is.project3.PurchaseEventProducer - Sent purchase event: PurchaseEvent{book_id=2, supplier_id=1, cost=16.192464577766586, quantity=9, timestamp=1778599767433}
[kafka-producer-network-thread | producer-1] INFO is.project3.PurchaseEventProducer - Sent purchase event: PurchaseEvent{book_id=2, supplier_id=2, cost=14.337628694349593, quantity=6, timestamp=1778599767534}
[kafka-producer-network-thread | producer-1] INFO is.project3.PurchaseEventProducer - Sent purchase event: PurchaseEvent{book_id=4, supplier_id=5, cost=144.85175984267352, quantity=9, timestamp=1778599767634}
[kafka-producer-network-thread | producer-1] INFO is.project3.PurchaseEventProducer - Sent purchase event: PurchaseEvent{book_id=4, supplier_id=1, cost=140.90446105601805, quantity=9, timestamp=1778599767735}
[kafka-producer-network-thread | producer-1] INFO is.project3.PurchaseEventProducer - Sent purchase event: PurchaseEvent{book_id=3, supplier_id=3, cost=42.99584188596954, quantity=1, timestamp=1778599767835}
[kafka-producer-network-thread | producer-1] INFO is.project3.PurchaseEventProducer - Sent purchase event: PurchaseEvent{book_id=4, supplier_id=4, cost=174.18923428923878, quantity=13, timestamp=1778599767936}
[kafka-producer-network-thread | producer-1] INFO is.project3.PurchaseEventProducer - Sent purchase event: PurchaseEvent{book_id=5, supplier_id=5, cost=1.6784439057922487, quantity=10, timestamp=1778599768036}
[kafka-producer-network-thread | producer-1] INFO is.project3.PurchaseEventProducer - Sent purchase event: PurchaseEvent{book_id=4, supplier_id=1, cost=164.94182886096175, quantity=18, timestamp=1778599768137}
[kafka-producer-network-thread | producer-1] INFO is.project3.PurchaseEventProducer - Sent purchase event: PurchaseEvent{book_id=4, supplier_id=2, cost=144.87844281418975, quantity=16, timestamp=1778599768238}
[kafka-producer-network-thread | producer-1] INFO is.project3.PurchaseEventProducer - Sent purchase event: PurchaseEvent{book_id=3, supplier_id=4, cost=40.4343577390062, quantity=20, timestamp=1778599768338}
[kafka-producer-network-thread | producer-1] INFO is.project3.PurchaseEventProducer - Sent purchase event: PurchaseEvent{book_id=1, supplier_id=4, cost=403.27968736596256, quantity=5, timestamp=1778599768439}
[kafka-producer-network-thread | producer-1] INFO is.project3.PurchaseEventProducer - Sent purchase event: PurchaseEvent{book_id=4, supplier_id=5, cost=148.10969678975667, quantity=15, timestamp=1778599768539}
[kafka-producer-network-thread | producer-1] INFO is.project3.PurchaseEventProducer - Sent purchase event: PurchaseEvent{book_id=3, supplier_id=2, cost=43.27982159024545, quantity=4, timestamp=1778599768640}
[kafka-producer-network-thread | producer-1] INFO is.project3.PurchaseEventProducer - Sent purchase event: PurchaseEvent{book_id=2, supplier_id=5, cost=15.028100287921857, quantity=11, timestamp=1778599768740}
[kafka-producer-network-thread | producer-1] INFO is.project3.PurchaseEventProducer - Sent purchase event: PurchaseEvent{book_id=5, supplier_id=2, cost=1.9608242797091213, quantity=1, timestamp=1778599768840}
[kafka-producer-network-thread | producer-1] INFO is.project3.PurchaseEventProducer - Sent purchase event: PurchaseEvent{book_id=3, supplier_id=4, cost=39.48449495546556, quantity=19, timestamp=1778599768941}
[kafka-producer-network-thread | producer-1] INFO is.project3.PurchaseEventProducer - Sent purchase event: PurchaseEvent{book_id=3, supplier_id=4, cost=37.128432105688034, quantity=10, timestamp=1778599769042}
[kafka-producer-network-thread | producer-1] INFO is.project3.PurchaseEventProducer - Sent purchase event: PurchaseEvent{book_id=5, supplier_id=1, cost=2.3943990472718983, quantity=7, timestamp=1778599769142}
[kafka-producer-network-thread | producer-1] INFO is.project3.PurchaseEventProducer - Sent purchase event: PurchaseEvent{book_id=1, supplier_id=3, cost=486.75995551661504, quantity=11, timestamp=1778599769243}
[kafka-producer-network-thread | producer-1] INFO is.project3.PurchaseEventProducer - Sent purchase event: PurchaseEvent{book_id=5, supplier_id=4, cost=2.3253972341984968, quantity=17, timestamp=1778599769343}
[kafka-producer-network-thread | producer-1] INFO is.project3.PurchaseEventProducer - Sent purchase event: PurchaseEvent{book_id=1, supplier_id=2, cost=551.6195268473873, quantity=15, timestamp=1778599769443}
[kafka-producer-network-thread | producer-1] INFO is.project3.PurchaseEventProducer - Sent purchase event: PurchaseEvent{book_id=4, supplier_id=1, cost=154.37350764404565, quantity=4, timestamp=1778599769544}
[kafka-producer-network-thread | producer-1] INFO is.project3.PurchaseEventProducer - Sent purchase event: PurchaseEvent{book_id=5, supplier_id=2, cost=2.192350096644508, quantity=7, timestamp=1778599769644}
[kafka-producer-network-thread | producer-1] INFO is.project3.PurchaseEventProducer - Sent purchase event: PurchaseEvent{book_id=1, supplier_id=4, cost=416.06377211718643, quantity=15, timestamp=1778599769745}
[kafka-producer-network-thread | producer-1] INFO is.project3.PurchaseEventProducer - Sent purchase event: PurchaseEvent{book_id=1, supplier_id=2, cost=529.9480560299288, quantity=13, timestamp=1778599769845}
[kafka-producer-network-thread | producer-1] INFO is.project3.PurchaseEventProducer - Sent purchase event: PurchaseEvent{book_id=5, supplier_id=3, cost=2.24425501536678, quantity=8, timestamp=1778599769946}
[kafka-producer-network-thread | producer-1] INFO is.project3.PurchaseEventProducer - Sent purchase event: PurchaseEvent{book_id=2, supplier_id=3, cost=14.537478187495537, quantity=17, timestamp=1778599770046}
[kafka-producer-network-thread | producer-1] INFO is.project3.PurchaseEventProducer - Sent purchase event: PurchaseEvent{book_id=3, supplier_id=3, cost=40.298165955347955, quantity=16, timestamp=1778599770147}
[kafka-producer-network-thread | producer-1] INFO is.project3.PurchaseEventProducer - Sent purchase event: PurchaseEvent{book_id=3, supplier_id=4, cost=37.29618170752728, quantity=2, timestamp=1778599770247}
[kafka-producer-network-thread | producer-1] INFO is.project3.PurchaseEventProducer - Sent purchase event: PurchaseEvent{book_id=1, supplier_id=1, cost=438.137238677966, quantity=3, timestamp=1778599770348}
[kafka-producer-network-thread | producer-1] INFO is.project3.PurchaseEventProducer - Sent purchase event: PurchaseEvent{book_id=5, supplier_id=1, cost=1.9005231586370894, quantity=15, timestamp=1778599770448}
[kafka-producer-network-thread | producer-1] INFO is.project3.PurchaseEventProducer - Sent purchase event: PurchaseEvent{book_id=4, supplier_id=1, cost=167.47827700840008, quantity=16, timestamp=1778599770549}
[kafka-producer-network-thread | producer-1] INFO is.project3.PurchaseEventProducer - Sent purchase event: PurchaseEvent{book_id=4, supplier_id=3, cost=138.28073154482755, quantity=9, timestamp=1778599770650}
[kafka-producer-network-thread | producer-1] INFO is.project3.PurchaseEventProducer - Sent purchase event: PurchaseEvent{book_id=4, supplier_id=1, cost=140.1375577167157, quantity=4, timestamp=1778599770750}
[kafka-producer-network-thread | producer-1] INFO is.project3.PurchaseEventProducer - Sent purchase event: PurchaseEvent{book_id=5, supplier_id=2, cost=2.0190747190801104, quantity=3, timestamp=1778599770851}
[kafka-producer-network-thread | producer-1] INFO is.project3.PurchaseEventProducer - Sent purchase event: PurchaseEvent{book_id=4, supplier_id=5, cost=129.50713843575278, quantity=20, timestamp=1778599770951}
[kafka-producer-network-thread | producer-1] INFO is.project3.PurchaseEventProducer - Sent purchase event: PurchaseEvent{book_id=1, supplier_id=3, cost=453.4536535836927, quantity=20, timestamp=1778599771052}
[kafka-producer-network-thread | producer-1] INFO is.project3.PurchaseEventProducer - Sent purchase event: PurchaseEvent{book_id=3, supplier_id=4, cost=46.38008595320738, quantity=7, timestamp=1778599771152}
[kafka-producer-network-thread | producer-1] INFO is.project3.PurchaseEventProducer - Sent purchase event: PurchaseEvent{book_id=4, supplier_id=3, cost=160.73687451568506, quantity=18, timestamp=1778599771253}
[kafka-producer-network-thread | producer-1] INFO is.project3.PurchaseEventProducer - Sent purchase event: PurchaseEvent{book_id=4, supplier_id=2, cost=121.33640468291155, quantity=12, timestamp=1778599771354}
[kafka-producer-network-thread | producer-1] INFO is.project3.PurchaseEventProducer - Sent purchase event: PurchaseEvent{book_id=4, supplier_id=4, cost=121.66460649413582, quantity=2, timestamp=1778599771454}
[kafka-producer-network-thread | producer-1] INFO is.project3.PurchaseEventProducer - Sent purchase event: PurchaseEvent{book_id=2, supplier_id=4, cost=16.16826924106482, quantity=12, timestamp=1778599771555}
[kafka-producer-network-thread | producer-1] INFO is.project3.PurchaseEventProducer - Sent purchase event: PurchaseEvent{book_id=4, supplier_id=4, cost=124.15518029607333, quantity=8, timestamp=1778599771656}
[kafka-producer-network-thread | producer-1] INFO is.project3.PurchaseEventProducer - Sent purchase event: PurchaseEvent{book_id=3, supplier_id=1, cost=44.64187101283396, quantity=17, timestamp=1778599771756}
[kafka-producer-network-thread | producer-1] INFO is.project3.PurchaseEventProducer - Sent purchase event: PurchaseEvent{book_id=4, supplier_id=3, cost=175.84880621539983, quantity=14, timestamp=1778599771856}
[kafka-producer-network-thread | producer-1] INFO is.project3.PurchaseEventProducer - Sent purchase event: PurchaseEvent{book_id=5, supplier_id=3, cost=1.6390988803292577, quantity=12, timestamp=1778599771957}
[kafka-producer-network-thread | producer-1] INFO is.project3.PurchaseEventProducer - Sent purchase event: PurchaseEvent{book_id=1, supplier_id=2, cost=548.240887556613, quantity=15, timestamp=1778599772058}
[kafka-producer-network-thread | producer-1] INFO is.project3.PurchaseEventProducer - Sent purchase event: PurchaseEvent{book_id=2, supplier_id=4, cost=13.002060751474938, quantity=3, timestamp=1778599772158}
[kafka-producer-network-thread | producer-1] INFO is.project3.PurchaseEventProducer - Sent purchase event: PurchaseEvent{book_id=4, supplier_id=5, cost=144.27007159936403, quantity=2, timestamp=1778599772259}
[kafka-producer-network-thread | producer-1] INFO is.project3.PurchaseEventProducer - Sent purchase event: PurchaseEvent{book_id=5, supplier_id=5, cost=1.8948210399799619, quantity=12, timestamp=1778599772359}
[kafka-producer-network-thread | producer-1] INFO is.project3.PurchaseEventProducer - Sent purchase event: PurchaseEvent{book_id=3, supplier_id=2, cost=47.818078632452064, quantity=7, timestamp=1778599772460}
[kafka-producer-network-thread | producer-1] INFO is.project3.PurchaseEventProducer - Sent purchase event: PurchaseEvent{book_id=2, supplier_id=5, cost=14.825553612609394, quantity=8, timestamp=1778599772560}
[kafka-producer-network-thread | producer-1] INFO is.project3.PurchaseEventProducer - Sent purchase event: PurchaseEvent{book_id=3, supplier_id=4, cost=40.61370518220453, quantity=14, timestamp=1778599772661}
[kafka-producer-network-thread | producer-1] INFO is.project3.PurchaseEventProducer - Sent purchase event: PurchaseEvent{book_id=4, supplier_id=2, cost=169.51707533433685, quantity=8, timestamp=1778599772761}
[kafka-producer-network-thread | producer-1] INFO is.project3.PurchaseEventProducer - Sent purchase event: PurchaseEvent{book_id=3, supplier_id=1, cost=37.23879697613, quantity=16, timestamp=1778599772862}
[kafka-producer-network-thread | producer-1] INFO is.project3.PurchaseEventProducer - Sent purchase event: PurchaseEvent{book_id=1, supplier_id=2, cost=498.51636457975974, quantity=10, timestamp=1778599772962}
[kafka-producer-network-thread | producer-1] INFO is.project3.PurchaseEventProducer - Sent purchase event: PurchaseEvent{book_id=4, supplier_id=4, cost=145.43010044945876, quantity=5, timestamp=1778599773063}
[kafka-producer-network-thread | producer-1] INFO is.project3.PurchaseEventProducer - Sent purchase event: PurchaseEvent{book_id=2, supplier_id=4, cost=16.887133428739205, quantity=14, timestamp=1778599773163}
[kafka-producer-network-thread | producer-1] INFO is.project3.PurchaseEventProducer - Sent purchase event: PurchaseEvent{book_id=3, supplier_id=5, cost=35.954003994845934, quantity=11, timestamp=1778599773263}
[kafka-producer-network-thread | producer-1] INFO is.project3.PurchaseEventProducer - Sent purchase event: PurchaseEvent{book_id=3, supplier_id=2, cost=46.4533670300269, quantity=3, timestamp=1778599773364}
[kafka-producer-network-thread | producer-1] INFO is.project3.PurchaseEventProducer - Sent purchase event: PurchaseEvent{book_id=1, supplier_id=2, cost=512.7611257624513, quantity=14, timestamp=1778599773465}
[kafka-producer-network-thread | producer-1] INFO is.project3.PurchaseEventProducer - Sent purchase event: PurchaseEvent{book_id=4, supplier_id=1, cost=143.8252229152401, quantity=4, timestamp=1778599773565}
[kafka-producer-network-thread | producer-1] INFO is.project3.PurchaseEventProducer - Sent purchase event: PurchaseEvent{book_id=4, supplier_id=3, cost=154.21150087990614, quantity=8, timestamp=1778599773666}
[kafka-producer-network-thread | producer-1] INFO is.project3.PurchaseEventProducer - Sent purchase event: PurchaseEvent{book_id=3, supplier_id=5, cost=43.44958885428069, quantity=11, timestamp=1778599773766}
[kafka-producer-network-thread | producer-1] INFO is.project3.PurchaseEventProducer - Sent purchase event: PurchaseEvent{book_id=4, supplier_id=5, cost=143.93645077469202, quantity=1, timestamp=1778599773867}
[kafka-producer-network-thread | producer-1] INFO is.project3.PurchaseEventProducer - Sent purchase event: PurchaseEvent{book_id=2, supplier_id=1, cost=15.32473734522712, quantity=15, timestamp=1778599773967}
[kafka-producer-network-thread | producer-1] INFO is.project3.PurchaseEventProducer - Sent purchase event: PurchaseEvent{book_id=1, supplier_id=4, cost=419.0273351225435, quantity=17, timestamp=1778599774068}
[kafka-producer-network-thread | producer-1] INFO is.project3.PurchaseEventProducer - Sent purchase event: PurchaseEvent{book_id=4, supplier_id=5, cost=168.0984718952079, quantity=20, timestamp=1778599774168}
[kafka-producer-network-thread | producer-1] INFO is.project3.PurchaseEventProducer - Sent purchase event: PurchaseEvent{book_id=4, supplier_id=1, cost=166.382062379129, quantity=5, timestamp=1778599774269}
[kafka-producer-network-thread | producer-1] INFO is.project3.PurchaseEventProducer - Sent purchase event: PurchaseEvent{book_id=4, supplier_id=2, cost=165.32178630657828, quantity=6, timestamp=1778599774370}
[kafka-producer-network-thread | producer-1] INFO is.project3.PurchaseEventProducer - Sent purchase event: PurchaseEvent{book_id=1, supplier_id=5, cost=545.8654815577278, quantity=12, timestamp=1778599774470}
[kafka-producer-network-thread | producer-1] INFO is.project3.PurchaseEventProducer - Sent purchase event: PurchaseEvent{book_id=2, supplier_id=2, cost=16.353972502713624, quantity=19, timestamp=1778599774571}
[kafka-producer-network-thread | producer-1] INFO is.project3.PurchaseEventProducer - Sent purchase event: PurchaseEvent{book_id=4, supplier_id=2, cost=152.30333669761797, quantity=9, timestamp=1778599774671}
[kafka-producer-network-thread | producer-1] INFO is.project3.PurchaseEventProducer - Sent purchase event: PurchaseEvent{book_id=4, supplier_id=4, cost=174.206593534814, quantity=7, timestamp=1778599774772}
[kafka-producer-network-thread | producer-1] INFO is.project3.PurchaseEventProducer - Sent purchase event: PurchaseEvent{book_id=4, supplier_id=1, cost=137.87879757280487, quantity=3, timestamp=1778599774872}
[kafka-producer-network-thread | producer-1] INFO is.project3.PurchaseEventProducer - Sent purchase event: PurchaseEvent{book_id=2, supplier_id=4, cost=17.420456417834966, quantity=10, timestamp=1778599774973}
[kafka-producer-network-thread | producer-1] INFO is.project3.PurchaseEventProducer - Sent purchase event: PurchaseEvent{book_id=3, supplier_id=1, cost=32.17149469372045, quantity=6, timestamp=1778599775073}
[kafka-producer-network-thread | producer-1] INFO is.project3.PurchaseEventProducer - Sent purchase event: PurchaseEvent{book_id=4, supplier_id=2, cost=129.65168247682888, quantity=17, timestamp=1778599775174}
[kafka-producer-network-thread | producer-1] INFO is.project3.PurchaseEventProducer - Sent purchase event: PurchaseEvent{book_id=3, supplier_id=2, cost=47.87622517689765, quantity=12, timestamp=1778599775275}
[kafka-producer-network-thread | producer-1] INFO is.project3.PurchaseEventProducer - Sent purchase event: PurchaseEvent{book_id=4, supplier_id=5, cost=144.09443592943362, quantity=10, timestamp=1778599775375}
[kafka-producer-network-thread | producer-1] INFO is.project3.PurchaseEventProducer - Sent purchase event: PurchaseEvent{book_id=2, supplier_id=4, cost=14.088389617370105, quantity=20, timestamp=1778599775476}
[kafka-producer-network-thread | producer-1] INFO is.project3.PurchaseEventProducer - Sent purchase event: PurchaseEvent{book_id=5, supplier_id=2, cost=2.2976596200847017, quantity=4, timestamp=1778599775576}
[kafka-producer-network-thread | producer-1] INFO is.project3.PurchaseEventProducer - Sent purchase event: PurchaseEvent{book_id=5, supplier_id=4, cost=1.7315239862835328, quantity=17, timestamp=1778599775677}
[kafka-producer-network-thread | producer-1] INFO is.project3.PurchaseEventProducer - Sent purchase event: PurchaseEvent{book_id=3, supplier_id=1, cost=33.116671977631064, quantity=18, timestamp=1778599775777}
[kafka-producer-network-thread | producer-1] INFO is.project3.PurchaseEventProducer - Sent purchase event: PurchaseEvent{book_id=1, supplier_id=1, cost=466.1401972360658, quantity=14, timestamp=1778599775878}
[kafka-producer-network-thread | producer-1] INFO is.project3.PurchaseEventProducer - Sent purchase event: PurchaseEvent{book_id=5, supplier_id=4, cost=2.2250935732348354, quantity=13, timestamp=1778599775978}
[kafka-producer-network-thread | producer-1] INFO is.project3.PurchaseEventProducer - Sent purchase event: PurchaseEvent{book_id=5, supplier_id=4, cost=1.713745260972424, quantity=17, timestamp=1778599776079}
[kafka-producer-network-thread | producer-1] INFO is.project3.PurchaseEventProducer - Sent purchase event: PurchaseEvent{book_id=2, supplier_id=4, cost=14.824793460308415, quantity=9, timestamp=1778599776179}
[kafka-producer-network-thread | producer-1] INFO is.project3.PurchaseEventProducer - Sent purchase event: PurchaseEvent{book_id=5, supplier_id=2, cost=1.874127573267618, quantity=9, timestamp=1778599776280}
[kafka-producer-network-thread | producer-1] INFO is.project3.PurchaseEventProducer - Sent purchase event: PurchaseEvent{book_id=3, supplier_id=3, cost=46.85912526244888, quantity=10, timestamp=1778599776380}
[kafka-producer-network-thread | producer-1] INFO is.project3.PurchaseEventProducer - Sent purchase event: PurchaseEvent{book_id=3, supplier_id=4, cost=39.9740187247321, quantity=13, timestamp=1778599776481}
[kafka-producer-network-thread | producer-1] INFO is.project3.PurchaseEventProducer - Sent purchase event: PurchaseEvent{book_id=1, supplier_id=4, cost=512.8699560761518, quantity=3, timestamp=1778599776582}
[kafka-producer-network-thread | producer-1] INFO is.project3.PurchaseEventProducer - Sent purchase event: PurchaseEvent{book_id=4, supplier_id=5, cost=146.2395676266541, quantity=4, timestamp=1778599776683}
[kafka-producer-network-thread | producer-1] INFO is.project3.PurchaseEventProducer - Sent purchase event: PurchaseEvent{book_id=2, supplier_id=3, cost=12.194762850224894, quantity=10, timestamp=1778599776783}
[kafka-producer-network-thread | producer-1] INFO is.project3.PurchaseEventProducer - Sent purchase event: PurchaseEvent{book_id=1, supplier_id=4, cost=585.9520300759627, quantity=3, timestamp=1778599776884}
[kafka-producer-network-thread | producer-1] INFO is.project3.PurchaseEventProducer - Sent purchase event: PurchaseEvent{book_id=2, supplier_id=5, cost=17.392565337125166, quantity=3, timestamp=1778599776985}
[kafka-producer-network-thread | producer-1] INFO is.project3.PurchaseEventProducer - Sent purchase event: PurchaseEvent{book_id=2, supplier_id=2, cost=13.496855540932001, quantity=5, timestamp=1778599777085}
[kafka-producer-network-thread | producer-1] INFO is.project3.PurchaseEventProducer - Sent purchase event: PurchaseEvent{book_id=1, supplier_id=4, cost=456.49296168144946, quantity=17, timestamp=1778599777186}
[kafka-producer-network-thread | producer-1] INFO is.project3.PurchaseEventProducer - Sent purchase event: PurchaseEvent{book_id=5, supplier_id=5, cost=2.0483613563892873, quantity=16, timestamp=1778599777287}
[kafka-producer-network-thread | producer-1] INFO is.project3.PurchaseEventProducer - Sent purchase event: PurchaseEvent{book_id=4, supplier_id=2, cost=136.6064060857775, quantity=9, timestamp=1778599777387}
[kafka-producer-network-thread | producer-1] INFO is.project3.PurchaseEventProducer - Sent purchase event: PurchaseEvent{book_id=5, supplier_id=2, cost=2.149922952951355, quantity=8, timestamp=1778599777487}
[kafka-producer-network-thread | producer-1] INFO is.project3.PurchaseEventProducer - Sent purchase event: PurchaseEvent{book_id=3, supplier_id=4, cost=37.619022632629814, quantity=20, timestamp=1778599777588}
[kafka-producer-network-thread | producer-1] INFO is.project3.PurchaseEventProducer - Sent purchase event: PurchaseEvent{book_id=2, supplier_id=1, cost=12.89659124150428, quantity=6, timestamp=1778599777689}
[kafka-producer-network-thread | producer-1] INFO is.project3.PurchaseEventProducer - Sent purchase event: PurchaseEvent{book_id=3, supplier_id=4, cost=37.791549492639106, quantity=15, timestamp=1778599777790}
[kafka-producer-network-thread | producer-1] INFO is.project3.PurchaseEventProducer - Sent purchase event: PurchaseEvent{book_id=1, supplier_id=3, cost=599.5355338152685, quantity=2, timestamp=1778599777890}
[kafka-producer-network-thread | producer-1] INFO is.project3.PurchaseEventProducer - Sent purchase event: PurchaseEvent{book_id=1, supplier_id=3, cost=412.1200003827752, quantity=16, timestamp=1778599777991}
[kafka-producer-network-thread | producer-1] INFO is.project3.PurchaseEventProducer - Sent purchase event: PurchaseEvent{book_id=1, supplier_id=4, cost=548.6519467016806, quantity=20, timestamp=1778599778091}
[kafka-producer-network-thread | producer-1] INFO is.project3.PurchaseEventProducer - Sent purchase event: PurchaseEvent{book_id=3, supplier_id=1, cost=37.85436809076808, quantity=17, timestamp=1778599778192}
[kafka-producer-network-thread | producer-1] INFO is.project3.PurchaseEventProducer - Sent purchase event: PurchaseEvent{book_id=5, supplier_id=5, cost=1.6727574678012642, quantity=14, timestamp=1778599778292}
[kafka-producer-network-thread | producer-1] INFO is.project3.PurchaseEventProducer - Sent purchase event: PurchaseEvent{book_id=1, supplier_id=1, cost=525.8483249174938, quantity=14, timestamp=1778599778393}
[kafka-producer-network-thread | producer-1] INFO is.project3.PurchaseEventProducer - Sent purchase event: PurchaseEvent{book_id=2, supplier_id=2, cost=16.453834381600394, quantity=6, timestamp=1778599778493}
[kafka-producer-network-thread | producer-1] INFO is.project3.PurchaseEventProducer - Sent purchase event: PurchaseEvent{book_id=1, supplier_id=5, cost=591.5215073770304, quantity=12, timestamp=1778599778594}
[kafka-producer-network-thread | producer-1] INFO is.project3.PurchaseEventProducer - Sent purchase event: PurchaseEvent{book_id=5, supplier_id=3, cost=1.8421581775708453, quantity=16, timestamp=1778599778694}
[kafka-producer-network-thread | producer-1] INFO is.project3.PurchaseEventProducer - Sent purchase event: PurchaseEvent{book_id=5, supplier_id=3, cost=1.8201872199409794, quantity=19, timestamp=1778599778795}
[kafka-producer-network-thread | producer-1] INFO is.project3.PurchaseEventProducer - Sent purchase event: PurchaseEvent{book_id=3, supplier_id=5, cost=47.03974464917812, quantity=5, timestamp=1778599778895}
[kafka-producer-network-thread | producer-1] INFO is.project3.PurchaseEventProducer - Sent purchase event: PurchaseEvent{book_id=5, supplier_id=4, cost=2.028531482845103, quantity=11, timestamp=1778599778996}
[kafka-producer-network-thread | producer-1] INFO is.project3.PurchaseEventProducer - Sent purchase event: PurchaseEvent{book_id=3, supplier_id=1, cost=45.496795824988325, quantity=14, timestamp=1778599779096}
[kafka-producer-network-thread | producer-1] INFO is.project3.PurchaseEventProducer - Sent purchase event: PurchaseEvent{book_id=5, supplier_id=1, cost=1.8484353744358617, quantity=6, timestamp=1778599779197}
[kafka-producer-network-thread | producer-1] INFO is.project3.PurchaseEventProducer - Sent purchase event: PurchaseEvent{book_id=4, supplier_id=5, cost=163.5287435896131, quantity=20, timestamp=1778599779297}
[kafka-producer-network-thread | producer-1] INFO is.project3.PurchaseEventProducer - Sent purchase event: PurchaseEvent{book_id=2, supplier_id=1, cost=14.592190386893488, quantity=16, timestamp=1778599779397}
[kafka-producer-network-thread | producer-1] INFO is.project3.PurchaseEventProducer - Sent purchase event: PurchaseEvent{book_id=5, supplier_id=5, cost=2.0627080872944905, quantity=19, timestamp=1778599779498}
[kafka-producer-network-thread | producer-1] INFO is.project3.PurchaseEventProducer - Sent purchase event: PurchaseEvent{book_id=4, supplier_id=4, cost=165.99584009168754, quantity=2, timestamp=1778599779599}
[kafka-producer-network-thread | producer-1] INFO is.project3.PurchaseEventProducer - Sent purchase event: PurchaseEvent{book_id=1, supplier_id=1, cost=503.0870732434717, quantity=2, timestamp=1778599779699}
[kafka-producer-network-thread | producer-1] INFO is.project3.PurchaseEventProducer - Sent purchase event: PurchaseEvent{book_id=4, supplier_id=3, cost=175.69133251994288, quantity=19, timestamp=1778599779800}
[kafka-producer-network-thread | producer-1] INFO is.project3.PurchaseEventProducer - Sent purchase event: PurchaseEvent{book_id=1, supplier_id=4, cost=584.8498441466952, quantity=15, timestamp=1778599779900}
[kafka-producer-network-thread | producer-1] INFO is.project3.PurchaseEventProducer - Sent purchase event: PurchaseEvent{book_id=2, supplier_id=2, cost=13.306527601077487, quantity=14, timestamp=1778599780001}
[kafka-producer-network-thread | producer-1] INFO is.project3.PurchaseEventProducer - Sent purchase event: PurchaseEvent{book_id=3, supplier_id=4, cost=38.09980038957506, quantity=15, timestamp=1778599780101}
[kafka-producer-network-thread | producer-1] INFO is.project3.PurchaseEventProducer - Sent purchase event: PurchaseEvent{book_id=5, supplier_id=1, cost=2.2975224741355977, quantity=20, timestamp=1778599780202}
[kafka-producer-network-thread | producer-1] INFO is.project3.PurchaseEventProducer - Sent purchase event: PurchaseEvent{book_id=5, supplier_id=2, cost=1.7908514787258778, quantity=9, timestamp=1778599780302}
[kafka-producer-network-thread | producer-1] INFO is.project3.PurchaseEventProducer - Sent purchase event: PurchaseEvent{book_id=2, supplier_id=2, cost=14.308558678232444, quantity=20, timestamp=1778599780403}
[kafka-producer-network-thread | producer-1] INFO is.project3.PurchaseEventProducer - Sent purchase event: PurchaseEvent{book_id=4, supplier_id=2, cost=142.57194386559104, quantity=7, timestamp=1778599780503}
[kafka-producer-network-thread | producer-1] INFO is.project3.PurchaseEventProducer - Sent purchase event: PurchaseEvent{book_id=4, supplier_id=4, cost=145.19165262992252, quantity=19, timestamp=1778599780604}
[kafka-producer-network-thread | producer-1] INFO is.project3.PurchaseEventProducer - Sent purchase event: PurchaseEvent{book_id=3, supplier_id=3, cost=35.19905701506596, quantity=14, timestamp=1778599780704}
[kafka-producer-network-thread | producer-1] INFO is.project3.PurchaseEventProducer - Sent purchase event: PurchaseEvent{book_id=4, supplier_id=4, cost=150.77787889336582, quantity=9, timestamp=1778599780804}
[kafka-producer-network-thread | producer-1] INFO is.project3.PurchaseEventProducer - Sent purchase event: PurchaseEvent{book_id=4, supplier_id=1, cost=175.7811132281449, quantity=6, timestamp=1778599780905}
[kafka-producer-network-thread | producer-1] INFO is.project3.PurchaseEventProducer - Sent purchase event: PurchaseEvent{book_id=5, supplier_id=2, cost=2.3951051176205755, quantity=1, timestamp=1778599781005}
[kafka-producer-network-thread | producer-1] INFO is.project3.PurchaseEventProducer - Sent purchase event: PurchaseEvent{book_id=3, supplier_id=2, cost=34.96056344797924, quantity=19, timestamp=1778599781106}
[kafka-producer-network-thread | producer-1] INFO is.project3.PurchaseEventProducer - Sent purchase event: PurchaseEvent{book_id=1, supplier_id=1, cost=505.7232136356107, quantity=1, timestamp=1778599781206}
[kafka-producer-network-thread | producer-1] INFO is.project3.PurchaseEventProducer - Sent purchase event: PurchaseEvent{book_id=3, supplier_id=5, cost=46.072217614598934, quantity=18, timestamp=1778599781307}
[kafka-producer-network-thread | producer-1] INFO is.project3.PurchaseEventProducer - Sent purchase event: PurchaseEvent{book_id=5, supplier_id=3, cost=2.351515441815608, quantity=7, timestamp=1778599781407}
[kafka-producer-network-thread | producer-1] INFO is.project3.PurchaseEventProducer - Sent purchase event: PurchaseEvent{book_id=2, supplier_id=2, cost=13.745387931595143, quantity=18, timestamp=1778599781508}
[kafka-producer-network-thread | producer-1] INFO is.project3.PurchaseEventProducer - Sent purchase event: PurchaseEvent{book_id=1, supplier_id=1, cost=563.9964018856855, quantity=6, timestamp=1778599781608}
[kafka-producer-network-thread | producer-1] INFO is.project3.PurchaseEventProducer - Sent purchase event: PurchaseEvent{book_id=4, supplier_id=3, cost=171.27808963959976, quantity=3, timestamp=1778599781709}
[kafka-producer-network-thread | producer-1] INFO is.project3.PurchaseEventProducer - Sent purchase event: PurchaseEvent{book_id=3, supplier_id=2, cost=46.281325998120494, quantity=4, timestamp=1778599781809}
[kafka-producer-network-thread | producer-1] INFO is.project3.PurchaseEventProducer - Sent purchase event: PurchaseEvent{book_id=3, supplier_id=3, cost=38.730275609126615, quantity=5, timestamp=1778599781912}
[kafka-producer-network-thread | producer-1] INFO is.project3.PurchaseEventProducer - Sent purchase event: PurchaseEvent{book_id=1, supplier_id=1, cost=559.6985938461088, quantity=19, timestamp=1778599782012}
[kafka-producer-network-thread | producer-1] INFO is.project3.PurchaseEventProducer - Sent purchase event: PurchaseEvent{book_id=1, supplier_id=4, cost=443.9896971604811, quantity=15, timestamp=1778599782113}
[kafka-producer-network-thread | producer-1] INFO is.project3.PurchaseEventProducer - Sent purchase event: PurchaseEvent{book_id=5, supplier_id=3, cost=1.8328152672095839, quantity=19, timestamp=1778599782213}
[kafka-producer-network-thread | producer-1] INFO is.project3.PurchaseEventProducer - Sent purchase event: PurchaseEvent{book_id=2, supplier_id=1, cost=13.029978344154014, quantity=11, timestamp=1778599782313}
[kafka-producer-network-thread | producer-1] INFO is.project3.PurchaseEventProducer - Sent purchase event: PurchaseEvent{book_id=4, supplier_id=5, cost=146.33320099712606, quantity=7, timestamp=1778599782414}
[kafka-producer-network-thread | producer-1] INFO is.project3.PurchaseEventProducer - Sent purchase event: PurchaseEvent{book_id=2, supplier_id=1, cost=12.930764285698269, quantity=11, timestamp=1778599782514}
[kafka-producer-network-thread | producer-1] INFO is.project3.PurchaseEventProducer - Sent purchase event: PurchaseEvent{book_id=2, supplier_id=4, cost=14.167902775562242, quantity=19, timestamp=1778599782615}
[kafka-producer-network-thread | producer-1] INFO is.project3.PurchaseEventProducer - Sent purchase event: PurchaseEvent{book_id=3, supplier_id=3, cost=36.3823095866933, quantity=12, timestamp=1778599782715}
[kafka-producer-network-thread | producer-1] INFO is.project3.PurchaseEventProducer - Sent purchase event: PurchaseEvent{book_id=4, supplier_id=2, cost=176.26211360736613, quantity=8, timestamp=1778599782815}
[kafka-producer-network-thread | producer-1] INFO is.project3.PurchaseEventProducer - Sent purchase event: PurchaseEvent{book_id=4, supplier_id=5, cost=149.31685078960803, quantity=18, timestamp=1778599782916}
[kafka-producer-network-thread | producer-1] INFO is.project3.PurchaseEventProducer - Sent purchase event: PurchaseEvent{book_id=1, supplier_id=2, cost=572.3008480297455, quantity=14, timestamp=1778599783016}
[kafka-producer-network-thread | producer-1] INFO is.project3.PurchaseEventProducer - Sent purchase event: PurchaseEvent{book_id=3, supplier_id=4, cost=33.72110024625684, quantity=4, timestamp=1778599783117}
[kafka-producer-network-thread | producer-1] INFO is.project3.PurchaseEventProducer - Sent purchase event: PurchaseEvent{book_id=4, supplier_id=5, cost=166.0876139042639, quantity=3, timestamp=1778599783217}
[kafka-producer-network-thread | producer-1] INFO is.project3.PurchaseEventProducer - Sent purchase event: PurchaseEvent{book_id=3, supplier_id=2, cost=32.85984422404432, quantity=14, timestamp=1778599783317}
[kafka-producer-network-thread | producer-1] INFO is.project3.PurchaseEventProducer - Sent purchase event: PurchaseEvent{book_id=3, supplier_id=3, cost=42.98033531226828, quantity=17, timestamp=1778599783418}
[kafka-producer-network-thread | producer-1] INFO is.project3.PurchaseEventProducer - Sent purchase event: PurchaseEvent{book_id=3, supplier_id=5, cost=42.81147902211325, quantity=18, timestamp=1778599783519}
[kafka-producer-network-thread | producer-1] INFO is.project3.PurchaseEventProducer - Sent purchase event: PurchaseEvent{book_id=4, supplier_id=4, cost=146.31330576767513, quantity=1, timestamp=1778599783619}
[kafka-producer-network-thread | producer-1] INFO is.project3.PurchaseEventProducer - Sent purchase event: PurchaseEvent{book_id=4, supplier_id=1, cost=168.6930552794381, quantity=10, timestamp=1778599783720}
[kafka-producer-network-thread | producer-1] INFO is.project3.PurchaseEventProducer - Sent purchase event: PurchaseEvent{book_id=5, supplier_id=2, cost=2.013170723346974, quantity=19, timestamp=1778599783820}
[kafka-producer-network-thread | producer-1] INFO is.project3.PurchaseEventProducer - Sent purchase event: PurchaseEvent{book_id=1, supplier_id=1, cost=411.8716996225878, quantity=2, timestamp=1778599783921}
[kafka-producer-network-thread | producer-1] INFO is.project3.PurchaseEventProducer - Sent purchase event: PurchaseEvent{book_id=2, supplier_id=4, cost=15.091440746828024, quantity=12, timestamp=1778599784021}
[kafka-producer-network-thread | producer-1] INFO is.project3.PurchaseEventProducer - Sent purchase event: PurchaseEvent{book_id=3, supplier_id=2, cost=33.726090020453356, quantity=17, timestamp=1778599784121}
[kafka-producer-network-thread | producer-1] INFO is.project3.PurchaseEventProducer - Sent purchase event: PurchaseEvent{book_id=2, supplier_id=4, cost=12.793121630208187, quantity=17, timestamp=1778599784222}
[kafka-producer-network-thread | producer-1] INFO is.project3.PurchaseEventProducer - Sent purchase event: PurchaseEvent{book_id=1, supplier_id=2, cost=457.854611996739, quantity=5, timestamp=1778599784322}
[kafka-producer-network-thread | producer-1] INFO is.project3.PurchaseEventProducer - Sent purchase event: PurchaseEvent{book_id=3, supplier_id=5, cost=34.71696643675984, quantity=16, timestamp=1778599784423}
[kafka-producer-network-thread | producer-1] INFO is.project3.PurchaseEventProducer - Sent purchase event: PurchaseEvent{book_id=1, supplier_id=4, cost=568.4214137176386, quantity=17, timestamp=1778599784523}
[kafka-producer-network-thread | producer-1] INFO is.project3.PurchaseEventProducer - Sent purchase event: PurchaseEvent{book_id=1, supplier_id=1, cost=589.8802393770324, quantity=14, timestamp=1778599784623}
[kafka-producer-network-thread | producer-1] INFO is.project3.PurchaseEventProducer - Sent purchase event: PurchaseEvent{book_id=1, supplier_id=3, cost=425.37279367225534, quantity=13, timestamp=1778599784724}
[kafka-producer-network-thread | producer-1] INFO is.project3.PurchaseEventProducer - Sent purchase event: PurchaseEvent{book_id=5, supplier_id=3, cost=1.6194831763338047, quantity=1, timestamp=1778599784824}
[kafka-producer-network-thread | producer-1] INFO is.project3.PurchaseEventProducer - Sent purchase event: PurchaseEvent{book_id=2, supplier_id=4, cost=13.449306102281533, quantity=19, timestamp=1778599784925}
[kafka-producer-network-thread | producer-1] INFO is.project3.PurchaseEventProducer - Sent purchase event: PurchaseEvent{book_id=5, supplier_id=3, cost=1.7489745011557405, quantity=19, timestamp=1778599785025}
[kafka-producer-network-thread | producer-1] INFO is.project3.PurchaseEventProducer - Sent purchase event: PurchaseEvent{book_id=2, supplier_id=3, cost=12.36227496224147, quantity=13, timestamp=1778599785126}
[kafka-producer-network-thread | producer-1] INFO is.project3.PurchaseEventProducer - Sent purchase event: PurchaseEvent{book_id=1, supplier_id=5, cost=429.040643203453, quantity=11, timestamp=1778599785226}
[kafka-producer-network-thread | producer-1] INFO is.project3.PurchaseEventProducer - Sent purchase event: PurchaseEvent{book_id=4, supplier_id=3, cost=144.3919189239235, quantity=20, timestamp=1778599785327}
[kafka-producer-network-thread | producer-1] INFO is.project3.PurchaseEventProducer - Sent purchase event: PurchaseEvent{book_id=2, supplier_id=5, cost=16.417296999946473, quantity=11, timestamp=1778599785427}
[kafka-producer-network-thread | producer-1] INFO is.project3.PurchaseEventProducer - Sent purchase event: PurchaseEvent{book_id=2, supplier_id=5, cost=17.68450890936135, quantity=20, timestamp=1778599785528}
[kafka-producer-network-thread | producer-1] INFO is.project3.PurchaseEventProducer - Sent purchase event: PurchaseEvent{book_id=1, supplier_id=5, cost=415.38870626293453, quantity=13, timestamp=1778599785629}
[kafka-producer-network-thread | producer-1] INFO is.project3.PurchaseEventProducer - Sent purchase event: PurchaseEvent{book_id=4, supplier_id=4, cost=176.5567636317627, quantity=3, timestamp=1778599785729}
[kafka-producer-network-thread | producer-1] INFO is.project3.PurchaseEventProducer - Sent purchase event: PurchaseEvent{book_id=2, supplier_id=3, cost=12.03913215790371, quantity=17, timestamp=1778599785829}
[kafka-producer-network-thread | producer-1] INFO is.project3.PurchaseEventProducer - Sent purchase event: PurchaseEvent{book_id=3, supplier_id=4, cost=46.862711893601976, quantity=5, timestamp=1778599785930}
[kafka-producer-network-thread | producer-1] INFO is.project3.PurchaseEventProducer - Sent purchase event: PurchaseEvent{book_id=2, supplier_id=5, cost=12.580024675154876, quantity=18, timestamp=1778599786030}
[kafka-producer-network-thread | producer-1] INFO is.project3.PurchaseEventProducer - Sent purchase event: PurchaseEvent{book_id=4, supplier_id=4, cost=136.96033340061786, quantity=13, timestamp=1778599786131}
[kafka-producer-network-thread | producer-1] INFO is.project3.PurchaseEventProducer - Sent purchase event: PurchaseEvent{book_id=4, supplier_id=1, cost=142.10306324215918, quantity=10, timestamp=1778599786231}
[kafka-producer-network-thread | producer-1] INFO is.project3.PurchaseEventProducer - Sent purchase event: PurchaseEvent{book_id=3, supplier_id=5, cost=35.4505721980736, quantity=19, timestamp=1778599786332}
[kafka-producer-network-thread | producer-1] INFO is.project3.PurchaseEventProducer - Sent purchase event: PurchaseEvent{book_id=4, supplier_id=1, cost=169.91344329186424, quantity=9, timestamp=1778599786432}
[kafka-producer-network-thread | producer-1] INFO is.project3.PurchaseEventProducer - Sent purchase event: PurchaseEvent{book_id=4, supplier_id=2, cost=165.26170093335378, quantity=14, timestamp=1778599786533}
[kafka-producer-network-thread | producer-1] INFO is.project3.PurchaseEventProducer - Sent purchase event: PurchaseEvent{book_id=3, supplier_id=4, cost=38.93265473012329, quantity=15, timestamp=1778599786633}
[kafka-producer-network-thread | producer-1] INFO is.project3.PurchaseEventProducer - Sent purchase event: PurchaseEvent{book_id=5, supplier_id=5, cost=1.6165844373679876, quantity=18, timestamp=1778599786734}
[kafka-producer-network-thread | producer-1] INFO is.project3.PurchaseEventProducer - Sent purchase event: PurchaseEvent{book_id=5, supplier_id=2, cost=2.272855153892423, quantity=8, timestamp=1778599786834}
[kafka-producer-network-thread | producer-1] INFO is.project3.PurchaseEventProducer - Sent purchase event: PurchaseEvent{book_id=4, supplier_id=5, cost=175.7144442108064, quantity=17, timestamp=1778599786935}
[kafka-producer-network-thread | producer-1] INFO is.project3.PurchaseEventProducer - Sent purchase event: PurchaseEvent{book_id=2, supplier_id=4, cost=15.538832181124768, quantity=16, timestamp=1778599787035}
[kafka-producer-network-thread | producer-1] INFO is.project3.PurchaseEventProducer - Sent purchase event: PurchaseEvent{book_id=3, supplier_id=3, cost=42.377902009575614, quantity=5, timestamp=1778599787136}
[kafka-producer-network-thread | producer-1] INFO is.project3.PurchaseEventProducer - Sent purchase event: PurchaseEvent{book_id=3, supplier_id=5, cost=34.58740120253768, quantity=17, timestamp=1778599787236}
[kafka-producer-network-thread | producer-1] INFO is.project3.PurchaseEventProducer - Sent purchase event: PurchaseEvent{book_id=4, supplier_id=3, cost=133.81623384616478, quantity=11, timestamp=1778599787337}
[kafka-producer-network-thread | producer-1] INFO is.project3.PurchaseEventProducer - Sent purchase event: PurchaseEvent{book_id=1, supplier_id=3, cost=472.45950861132604, quantity=3, timestamp=1778599787437}
[kafka-producer-network-thread | producer-1] INFO is.project3.PurchaseEventProducer - Sent purchase event: PurchaseEvent{book_id=5, supplier_id=3, cost=2.0998445096752985, quantity=9, timestamp=1778599787538}
[kafka-producer-network-thread | producer-1] INFO is.project3.PurchaseEventProducer - Sent purchase event: PurchaseEvent{book_id=5, supplier_id=4, cost=2.028501142174197, quantity=2, timestamp=1778599787638}
[kafka-producer-network-thread | producer-1] INFO is.project3.PurchaseEventProducer - Sent purchase event: PurchaseEvent{book_id=2, supplier_id=3, cost=14.82575701506747, quantity=18, timestamp=1778599787739}
[kafka-producer-network-thread | producer-1] INFO is.project3.PurchaseEventProducer - Sent purchase event: PurchaseEvent{book_id=2, supplier_id=2, cost=14.671798637497478, quantity=20, timestamp=1778599787839}
[kafka-producer-network-thread | producer-1] INFO is.project3.PurchaseEventProducer - Sent purchase event: PurchaseEvent{book_id=4, supplier_id=5, cost=167.00534573262618, quantity=12, timestamp=1778599787940}
[kafka-producer-network-thread | producer-1] INFO is.project3.PurchaseEventProducer - Sent purchase event: PurchaseEvent{book_id=3, supplier_id=4, cost=40.22231540533685, quantity=20, timestamp=1778599788040}
[kafka-producer-network-thread | producer-1] INFO is.project3.PurchaseEventProducer - Sent purchase event: PurchaseEvent{book_id=5, supplier_id=2, cost=2.173631968489577, quantity=12, timestamp=1778599788141}
[kafka-producer-network-thread | producer-1] INFO is.project3.PurchaseEventProducer - Sent purchase event: PurchaseEvent{book_id=2, supplier_id=4, cost=13.528010038673688, quantity=20, timestamp=1778599788241}
[kafka-producer-network-thread | producer-1] INFO is.project3.PurchaseEventProducer - Sent purchase event: PurchaseEvent{book_id=2, supplier_id=4, cost=15.913549995109655, quantity=15, timestamp=1778599788342}
[kafka-producer-network-thread | producer-1] INFO is.project3.PurchaseEventProducer - Sent purchase event: PurchaseEvent{book_id=3, supplier_id=1, cost=44.88124082371116, quantity=18, timestamp=1778599788442}
[kafka-producer-network-thread | producer-1] INFO is.project3.PurchaseEventProducer - Sent purchase event: PurchaseEvent{book_id=3, supplier_id=5, cost=38.60730735668717, quantity=7, timestamp=1778599788543}
[kafka-producer-network-thread | producer-1] INFO is.project3.PurchaseEventProducer - Sent purchase event: PurchaseEvent{book_id=5, supplier_id=5, cost=2.0504049679938983, quantity=14, timestamp=1778599788643}
[kafka-producer-network-thread | producer-1] INFO is.project3.PurchaseEventProducer - Sent purchase event: PurchaseEvent{book_id=5, supplier_id=1, cost=2.371792811944962, quantity=17, timestamp=1778599788743}
[kafka-producer-network-thread | producer-1] INFO is.project3.PurchaseEventProducer - Sent purchase event: PurchaseEvent{book_id=5, supplier_id=3, cost=2.0636701692895594, quantity=19, timestamp=1778599788844}
[kafka-producer-network-thread | producer-1] INFO is.project3.PurchaseEventProducer - Sent purchase event: PurchaseEvent{book_id=5, supplier_id=1, cost=2.146912381264311, quantity=11, timestamp=1778599788945}
[kafka-producer-network-thread | producer-1] INFO is.project3.PurchaseEventProducer - Sent purchase event: PurchaseEvent{book_id=1, supplier_id=1, cost=412.29585211194785, quantity=3, timestamp=1778599789045}
[kafka-producer-network-thread | producer-1] INFO is.project3.PurchaseEventProducer - Sent purchase event: PurchaseEvent{book_id=2, supplier_id=3, cost=12.428027801353648, quantity=4, timestamp=1778599789145}
[kafka-producer-network-thread | producer-1] INFO is.project3.PurchaseEventProducer - Sent purchase event: PurchaseEvent{book_id=2, supplier_id=5, cost=14.354154841804384, quantity=5, timestamp=1778599789246}
[kafka-producer-network-thread | producer-1] INFO is.project3.PurchaseEventProducer - Sent purchase event: PurchaseEvent{book_id=3, supplier_id=3, cost=37.21808069651643, quantity=12, timestamp=1778599789346}
[kafka-producer-network-thread | producer-1] INFO is.project3.PurchaseEventProducer - Sent purchase event: PurchaseEvent{book_id=5, supplier_id=5, cost=1.8707459101385993, quantity=3, timestamp=1778599789447}
[kafka-producer-network-thread | producer-1] INFO is.project3.PurchaseEventProducer - Sent purchase event: PurchaseEvent{book_id=2, supplier_id=3, cost=16.53002593127178, quantity=11, timestamp=1778599789547}
[kafka-producer-network-thread | producer-1] INFO is.project3.PurchaseEventProducer - Sent purchase event: PurchaseEvent{book_id=3, supplier_id=4, cost=39.78388910556291, quantity=9, timestamp=1778599789647}
[kafka-producer-network-thread | producer-1] INFO is.project3.PurchaseEventProducer - Sent purchase event: PurchaseEvent{book_id=1, supplier_id=2, cost=564.5633428076399, quantity=20, timestamp=1778599789748}
[kafka-producer-network-thread | producer-1] INFO is.project3.PurchaseEventProducer - Sent purchase event: PurchaseEvent{book_id=3, supplier_id=1, cost=46.04643420561315, quantity=13, timestamp=1778599789849}
[kafka-producer-network-thread | producer-1] INFO is.project3.PurchaseEventProducer - Sent purchase event: PurchaseEvent{book_id=3, supplier_id=4, cost=32.270277025948005, quantity=18, timestamp=1778599789949}
[kafka-producer-network-thread | producer-1] INFO is.project3.PurchaseEventProducer - Sent purchase event: PurchaseEvent{book_id=1, supplier_id=2, cost=486.990679486586, quantity=9, timestamp=1778599790049}
[kafka-producer-network-thread | producer-1] INFO is.project3.PurchaseEventProducer - Sent purchase event: PurchaseEvent{book_id=5, supplier_id=2, cost=1.8030153034185774, quantity=1, timestamp=1778599790150}
[kafka-producer-network-thread | producer-1] INFO is.project3.PurchaseEventProducer - Sent purchase event: PurchaseEvent{book_id=5, supplier_id=1, cost=2.2917385960596484, quantity=13, timestamp=1778599790250}
[kafka-producer-network-thread | producer-1] INFO is.project3.PurchaseEventProducer - Sent purchase event: PurchaseEvent{book_id=5, supplier_id=1, cost=2.2261567076402784, quantity=19, timestamp=1778599790351}
[kafka-producer-network-thread | producer-1] INFO is.project3.PurchaseEventProducer - Sent purchase event: PurchaseEvent{book_id=3, supplier_id=3, cost=47.17739549994146, quantity=17, timestamp=1778599790451}
[kafka-producer-network-thread | producer-1] INFO is.project3.PurchaseEventProducer - Sent purchase event: PurchaseEvent{book_id=4, supplier_id=2, cost=168.99378990299434, quantity=11, timestamp=1778599790552}
[kafka-producer-network-thread | producer-1] INFO is.project3.PurchaseEventProducer - Sent purchase event: PurchaseEvent{book_id=1, supplier_id=4, cost=441.80234808060976, quantity=10, timestamp=1778599790653}
[kafka-producer-network-thread | producer-1] INFO is.project3.PurchaseEventProducer - Sent purchase event: PurchaseEvent{book_id=3, supplier_id=2, cost=46.12837839962258, quantity=1, timestamp=1778599790753}
[kafka-producer-network-thread | producer-1] INFO is.project3.PurchaseEventProducer - Sent purchase event: PurchaseEvent{book_id=1, supplier_id=1, cost=540.0805182115553, quantity=19, timestamp=1778599790853}
[kafka-producer-network-thread | producer-1] INFO is.project3.PurchaseEventProducer - Sent purchase event: PurchaseEvent{book_id=3, supplier_id=1, cost=42.728959706988036, quantity=11, timestamp=1778599790954}
[kafka-producer-network-thread | producer-1] INFO is.project3.PurchaseEventProducer - Sent purchase event: PurchaseEvent{book_id=1, supplier_id=3, cost=532.2634443669964, quantity=15, timestamp=1778599791054}
[kafka-producer-network-thread | producer-1] INFO is.project3.PurchaseEventProducer - Sent purchase event: PurchaseEvent{book_id=3, supplier_id=3, cost=43.71977206902818, quantity=18, timestamp=1778599791155}
[kafka-producer-network-thread | producer-1] INFO is.project3.PurchaseEventProducer - Sent purchase event: PurchaseEvent{book_id=1, supplier_id=2, cost=560.480154807193, quantity=14, timestamp=1778599791255}
[kafka-producer-network-thread | producer-1] INFO is.project3.PurchaseEventProducer - Sent purchase event: PurchaseEvent{book_id=3, supplier_id=5, cost=39.65393845831729, quantity=4, timestamp=1778599791356}
[kafka-producer-network-thread | producer-1] INFO is.project3.PurchaseEventProducer - Sent purchase event: PurchaseEvent{book_id=4, supplier_id=4, cost=169.67984146102205, quantity=5, timestamp=1778599791456}
[kafka-producer-network-thread | producer-1] INFO is.project3.PurchaseEventProducer - Sent purchase event: PurchaseEvent{book_id=3, supplier_id=5, cost=43.58857738286423, quantity=11, timestamp=1778599791557}
[kafka-producer-network-thread | producer-1] INFO is.project3.PurchaseEventProducer - Sent purchase event: PurchaseEvent{book_id=2, supplier_id=2, cost=12.763309784492298, quantity=18, timestamp=1778599791657}
[kafka-producer-network-thread | producer-1] INFO is.project3.PurchaseEventProducer - Sent purchase event: PurchaseEvent{book_id=3, supplier_id=3, cost=41.890811647130775, quantity=4, timestamp=1778599791758}
[kafka-producer-network-thread | producer-1] INFO is.project3.PurchaseEventProducer - Sent purchase event: PurchaseEvent{book_id=1, supplier_id=4, cost=498.76377142193127, quantity=15, timestamp=1778599791858}
[kafka-producer-network-thread | producer-1] INFO is.project3.PurchaseEventProducer - Sent purchase event: PurchaseEvent{book_id=1, supplier_id=3, cost=555.1389448484583, quantity=16, timestamp=1778599791958}
[kafka-producer-network-thread | producer-1] INFO is.project3.PurchaseEventProducer - Sent purchase event: PurchaseEvent{book_id=3, supplier_id=3, cost=42.206274292712784, quantity=13, timestamp=1778599792059}
[kafka-producer-network-thread | producer-1] INFO is.project3.PurchaseEventProducer - Sent purchase event: PurchaseEvent{book_id=4, supplier_id=4, cost=177.7550828158827, quantity=1, timestamp=1778599792159}
[kafka-producer-network-thread | producer-1] INFO is.project3.PurchaseEventProducer - Sent purchase event: PurchaseEvent{book_id=2, supplier_id=5, cost=17.02443003075545, quantity=1, timestamp=1778599792260}
[kafka-producer-network-thread | producer-1] INFO is.project3.PurchaseEventProducer - Sent purchase event: PurchaseEvent{book_id=3, supplier_id=5, cost=43.4179781515688, quantity=7, timestamp=1778599792360}
[kafka-producer-network-thread | producer-1] INFO is.project3.PurchaseEventProducer - Sent purchase event: PurchaseEvent{book_id=1, supplier_id=2, cost=562.2703568610027, quantity=5, timestamp=1778599792460}
[kafka-producer-network-thread | producer-1] INFO is.project3.PurchaseEventProducer - Sent purchase event: PurchaseEvent{book_id=1, supplier_id=2, cost=413.39764822556725, quantity=2, timestamp=1778599792561}
[kafka-producer-network-thread | producer-1] INFO is.project3.PurchaseEventProducer - Sent purchase event: PurchaseEvent{book_id=4, supplier_id=2, cost=170.73746929230984, quantity=15, timestamp=1778599792687}
[kafka-producer-network-thread | producer-1] INFO is.project3.PurchaseEventProducer - Sent purchase event: PurchaseEvent{book_id=4, supplier_id=4, cost=134.4335344923516, quantity=4, timestamp=1778599792787}
[kafka-producer-network-thread | producer-1] INFO is.project3.PurchaseEventProducer - Sent purchase event: PurchaseEvent{book_id=3, supplier_id=5, cost=44.66437817149434, quantity=18, timestamp=1778599792888}
[kafka-producer-network-thread | producer-1] INFO is.project3.PurchaseEventProducer - Sent purchase event: PurchaseEvent{book_id=1, supplier_id=3, cost=572.9985867396123, quantity=4, timestamp=1778599792988}
[kafka-producer-network-thread | producer-1] INFO is.project3.PurchaseEventProducer - Sent purchase event: PurchaseEvent{book_id=1, supplier_id=2, cost=541.0338009332565, quantity=20, timestamp=1778599793089}
[kafka-producer-network-thread | producer-1] INFO is.project3.PurchaseEventProducer - Sent purchase event: PurchaseEvent{book_id=4, supplier_id=2, cost=134.06100966194904, quantity=3, timestamp=1778599793189}
[kafka-producer-network-thread | producer-1] INFO is.project3.PurchaseEventProducer - Sent purchase event: PurchaseEvent{book_id=3, supplier_id=1, cost=34.45741661717514, quantity=8, timestamp=1778599793290}
[kafka-producer-network-thread | producer-1] INFO is.project3.PurchaseEventProducer - Sent purchase event: PurchaseEvent{book_id=4, supplier_id=4, cost=158.46097536687353, quantity=17, timestamp=1778599793390}
[kafka-producer-network-thread | producer-1] INFO is.project3.PurchaseEventProducer - Sent purchase event: PurchaseEvent{book_id=3, supplier_id=4, cost=46.51351549277894, quantity=16, timestamp=1778599793491}
[kafka-producer-network-thread | producer-1] INFO is.project3.PurchaseEventProducer - Sent purchase event: PurchaseEvent{book_id=1, supplier_id=4, cost=545.7980930890268, quantity=15, timestamp=1778599793592}
[kafka-producer-network-thread | producer-1] INFO is.project3.PurchaseEventProducer - Sent purchase event: PurchaseEvent{book_id=2, supplier_id=4, cost=16.859814539329705, quantity=4, timestamp=1778599793692}
[kafka-producer-network-thread | producer-1] INFO is.project3.PurchaseEventProducer - Sent purchase event: PurchaseEvent{book_id=1, supplier_id=5, cost=465.7649719401468, quantity=11, timestamp=1778599793792}
[kafka-producer-network-thread | producer-1] INFO is.project3.PurchaseEventProducer - Sent purchase event: PurchaseEvent{book_id=5, supplier_id=4, cost=2.1916602970745447, quantity=7, timestamp=1778599793893}
[kafka-producer-network-thread | producer-1] INFO is.project3.PurchaseEventProducer - Sent purchase event: PurchaseEvent{book_id=5, supplier_id=3, cost=1.935058902107851, quantity=11, timestamp=1778599793993}
[kafka-producer-network-thread | producer-1] INFO is.project3.PurchaseEventProducer - Sent purchase event: PurchaseEvent{book_id=1, supplier_id=3, cost=447.9348938434933, quantity=8, timestamp=1778599794094}
[kafka-producer-network-thread | producer-1] INFO is.project3.PurchaseEventProducer - Sent purchase event: PurchaseEvent{book_id=3, supplier_id=4, cost=41.38222971447631, quantity=14, timestamp=1778599794194}
[kafka-producer-network-thread | producer-1] INFO is.project3.PurchaseEventProducer - Sent purchase event: PurchaseEvent{book_id=5, supplier_id=2, cost=1.822620987886192, quantity=5, timestamp=1778599794295}
[kafka-producer-network-thread | producer-1] INFO is.project3.PurchaseEventProducer - Sent purchase event: PurchaseEvent{book_id=5, supplier_id=3, cost=1.7600050385469452, quantity=16, timestamp=1778599794395}
[kafka-producer-network-thread | producer-1] INFO is.project3.PurchaseEventProducer - Sent purchase event: PurchaseEvent{book_id=4, supplier_id=5, cost=156.8971544586498, quantity=3, timestamp=1778599794496}
[kafka-producer-network-thread | producer-1] INFO is.project3.PurchaseEventProducer - Sent purchase event: PurchaseEvent{book_id=4, supplier_id=5, cost=162.99612372801354, quantity=5, timestamp=1778599794596}
[kafka-producer-network-thread | producer-1] INFO is.project3.PurchaseEventProducer - Sent purchase event: PurchaseEvent{book_id=2, supplier_id=1, cost=16.145586599943197, quantity=12, timestamp=1778599794697}
[kafka-producer-network-thread | producer-1] INFO is.project3.PurchaseEventProducer - Sent purchase event: PurchaseEvent{book_id=1, supplier_id=4, cost=517.6137701232818, quantity=5, timestamp=1778599794798}
[kafka-producer-network-thread | producer-1] INFO is.project3.PurchaseEventProducer - Sent purchase event: PurchaseEvent{book_id=2, supplier_id=2, cost=15.976063224300951, quantity=13, timestamp=1778599794899}
[kafka-producer-network-thread | producer-1] INFO is.project3.PurchaseEventProducer - Sent purchase event: PurchaseEvent{book_id=3, supplier_id=3, cost=36.20834658932441, quantity=8, timestamp=1778599794999}
[kafka-producer-network-thread | producer-1] INFO is.project3.PurchaseEventProducer - Sent purchase event: PurchaseEvent{book_id=3, supplier_id=5, cost=47.149316610136125, quantity=13, timestamp=1778599795099}
[kafka-producer-network-thread | producer-1] INFO is.project3.PurchaseEventProducer - Sent purchase event: PurchaseEvent{book_id=2, supplier_id=4, cost=16.558341843655406, quantity=15, timestamp=1778599795200}
[kafka-producer-network-thread | producer-1] INFO is.project3.PurchaseEventProducer - Sent purchase event: PurchaseEvent{book_id=3, supplier_id=3, cost=32.048596541399334, quantity=16, timestamp=1778599795300}
[kafka-producer-network-thread | producer-1] INFO is.project3.PurchaseEventProducer - Sent purchase event: PurchaseEvent{book_id=1, supplier_id=3, cost=402.1687727624673, quantity=3, timestamp=1778599795401}
[kafka-producer-network-thread | producer-1] INFO is.project3.PurchaseEventProducer - Sent purchase event: PurchaseEvent{book_id=3, supplier_id=3, cost=46.76155343651354, quantity=14, timestamp=1778599795501}
[kafka-producer-network-thread | producer-1] INFO is.project3.PurchaseEventProducer - Sent purchase event: PurchaseEvent{book_id=3, supplier_id=2, cost=33.511273055892666, quantity=8, timestamp=1778599795602}
[kafka-producer-network-thread | producer-1] INFO is.project3.PurchaseEventProducer - Sent purchase event: PurchaseEvent{book_id=5, supplier_id=2, cost=2.332824678209223, quantity=18, timestamp=1778599795702}
[kafka-producer-network-thread | producer-1] INFO is.project3.PurchaseEventProducer - Sent purchase event: PurchaseEvent{book_id=1, supplier_id=4, cost=498.970521078792, quantity=15, timestamp=1778599795803}
[kafka-producer-network-thread | producer-1] INFO is.project3.PurchaseEventProducer - Sent purchase event: PurchaseEvent{book_id=4, supplier_id=3, cost=149.8769930740553, quantity=3, timestamp=1778599795903}
[kafka-producer-network-thread | producer-1] INFO is.project3.PurchaseEventProducer - Sent purchase event: PurchaseEvent{book_id=4, supplier_id=1, cost=121.42786173987122, quantity=19, timestamp=1778599796003}
[kafka-producer-network-thread | producer-1] INFO is.project3.PurchaseEventProducer - Sent purchase event: PurchaseEvent{book_id=2, supplier_id=3, cost=16.792530321304636, quantity=17, timestamp=1778599796104}
[kafka-producer-network-thread | producer-1] INFO is.project3.PurchaseEventProducer - Sent purchase event: PurchaseEvent{book_id=2, supplier_id=5, cost=17.19244731493531, quantity=17, timestamp=1778599796205}
[kafka-producer-network-thread | producer-1] INFO is.project3.PurchaseEventProducer - Sent purchase event: PurchaseEvent{book_id=4, supplier_id=5, cost=172.81049635887408, quantity=12, timestamp=1778599796305}
[kafka-producer-network-thread | producer-1] INFO is.project3.PurchaseEventProducer - Sent purchase event: PurchaseEvent{book_id=1, supplier_id=3, cost=504.72639613482175, quantity=3, timestamp=1778599796405}
[kafka-producer-network-thread | producer-1] INFO is.project3.PurchaseEventProducer - Sent purchase event: PurchaseEvent{book_id=5, supplier_id=4, cost=1.748726362837417, quantity=9, timestamp=1778599796506}
[kafka-producer-network-thread | producer-1] INFO is.project3.PurchaseEventProducer - Sent purchase event: PurchaseEvent{book_id=4, supplier_id=4, cost=169.55561068172244, quantity=17, timestamp=1778599796606}
[kafka-producer-network-thread | producer-1] INFO is.project3.PurchaseEventProducer - Sent purchase event: PurchaseEvent{book_id=1, supplier_id=3, cost=587.9597396864414, quantity=16, timestamp=1778599796707}
[kafka-producer-network-thread | producer-1] INFO is.project3.PurchaseEventProducer - Sent purchase event: PurchaseEvent{book_id=5, supplier_id=2, cost=2.3603225502343377, quantity=5, timestamp=1778599796807}
[kafka-producer-network-thread | producer-1] INFO is.project3.PurchaseEventProducer - Sent purchase event: PurchaseEvent{book_id=3, supplier_id=3, cost=47.12457884424588, quantity=4, timestamp=1778599796908}
[kafka-producer-network-thread | producer-1] INFO is.project3.PurchaseEventProducer - Sent purchase event: PurchaseEvent{book_id=4, supplier_id=3, cost=128.6573467198813, quantity=5, timestamp=1778599797008}
[kafka-producer-network-thread | producer-1] INFO is.project3.PurchaseEventProducer - Sent purchase event: PurchaseEvent{book_id=5, supplier_id=3, cost=1.9240166045496423, quantity=14, timestamp=1778599797109}
[kafka-producer-network-thread | producer-1] INFO is.project3.PurchaseEventProducer - Sent purchase event: PurchaseEvent{book_id=1, supplier_id=4, cost=414.45872358879643, quantity=5, timestamp=1778599797209}
[kafka-producer-network-thread | producer-1] INFO is.project3.PurchaseEventProducer - Sent purchase event: PurchaseEvent{book_id=5, supplier_id=4, cost=2.2824063611637895, quantity=14, timestamp=1778599797310}
[kafka-producer-network-thread | producer-1] INFO is.project3.PurchaseEventProducer - Sent purchase event: PurchaseEvent{book_id=3, supplier_id=3, cost=33.56398019178542, quantity=3, timestamp=1778599797410}
[kafka-producer-network-thread | producer-1] INFO is.project3.PurchaseEventProducer - Sent purchase event: PurchaseEvent{book_id=1, supplier_id=3, cost=597.2250805986525, quantity=17, timestamp=1778599797511}
[kafka-producer-network-thread | producer-1] INFO is.project3.PurchaseEventProducer - Sent purchase event: PurchaseEvent{book_id=3, supplier_id=5, cost=47.68540857113318, quantity=1, timestamp=1778599797611}
[kafka-producer-network-thread | producer-1] INFO is.project3.PurchaseEventProducer - Sent purchase event: PurchaseEvent{book_id=5, supplier_id=3, cost=1.651176288217106, quantity=20, timestamp=1778599797711}
[kafka-producer-network-thread | producer-1] INFO is.project3.PurchaseEventProducer - Sent purchase event: PurchaseEvent{book_id=4, supplier_id=3, cost=171.3593181464579, quantity=17, timestamp=1778599797812}
[kafka-producer-network-thread | producer-1] INFO is.project3.PurchaseEventProducer - Sent purchase event: PurchaseEvent{book_id=5, supplier_id=5, cost=2.229513445511275, quantity=5, timestamp=1778599797912}
[kafka-producer-network-thread | producer-1] INFO is.project3.PurchaseEventProducer - Sent purchase event: PurchaseEvent{book_id=4, supplier_id=5, cost=131.09477731172777, quantity=9, timestamp=1778599798012}
[kafka-producer-network-thread | producer-1] INFO is.project3.PurchaseEventProducer - Sent purchase event: PurchaseEvent{book_id=1, supplier_id=3, cost=455.3092764973058, quantity=13, timestamp=1778599798113}
[kafka-producer-network-thread | producer-1] INFO is.project3.PurchaseEventProducer - Sent purchase event: PurchaseEvent{book_id=2, supplier_id=4, cost=16.72657025804211, quantity=2, timestamp=1778599798213}
[kafka-producer-network-thread | producer-1] INFO is.project3.PurchaseEventProducer - Sent purchase event: PurchaseEvent{book_id=1, supplier_id=5, cost=425.36481661458106, quantity=5, timestamp=1778599798313}
[kafka-producer-network-thread | producer-1] INFO is.project3.PurchaseEventProducer - Sent purchase event: PurchaseEvent{book_id=5, supplier_id=4, cost=1.7324433507604176, quantity=18, timestamp=1778599798414}
[kafka-producer-network-thread | producer-1] INFO is.project3.PurchaseEventProducer - Sent purchase event: PurchaseEvent{book_id=3, supplier_id=5, cost=40.67599515721001, quantity=20, timestamp=1778599798514}
[kafka-producer-network-thread | producer-1] INFO is.project3.PurchaseEventProducer - Sent purchase event: PurchaseEvent{book_id=3, supplier_id=4, cost=41.90564427721108, quantity=2, timestamp=1778599798614}
[kafka-producer-network-thread | producer-1] INFO is.project3.PurchaseEventProducer - Sent purchase event: PurchaseEvent{book_id=3, supplier_id=2, cost=37.28663798390152, quantity=3, timestamp=1778599798715}
[kafka-producer-network-thread | producer-1] INFO is.project3.PurchaseEventProducer - Sent purchase event: PurchaseEvent{book_id=4, supplier_id=3, cost=132.32861203844143, quantity=17, timestamp=1778599798815}
[kafka-producer-network-thread | producer-1] INFO is.project3.PurchaseEventProducer - Sent purchase event: PurchaseEvent{book_id=4, supplier_id=5, cost=148.6304798340419, quantity=20, timestamp=1778599798916}
[kafka-producer-network-thread | producer-1] INFO is.project3.PurchaseEventProducer - Sent purchase event: PurchaseEvent{book_id=5, supplier_id=5, cost=1.7835725627176626, quantity=4, timestamp=1778599799016}
[kafka-producer-network-thread | producer-1] INFO is.project3.PurchaseEventProducer - Sent purchase event: PurchaseEvent{book_id=5, supplier_id=4, cost=1.8702656092464043, quantity=12, timestamp=1778599799116}
[kafka-producer-network-thread | producer-1] INFO is.project3.PurchaseEventProducer - Sent purchase event: PurchaseEvent{book_id=4, supplier_id=5, cost=163.1038404274273, quantity=16, timestamp=1778599799217}
[kafka-producer-network-thread | producer-1] INFO is.project3.PurchaseEventProducer - Sent purchase event: PurchaseEvent{book_id=2, supplier_id=2, cost=12.115287007419624, quantity=17, timestamp=1778599799317}
[kafka-producer-network-thread | producer-1] INFO is.project3.PurchaseEventProducer - Sent purchase event: PurchaseEvent{book_id=1, supplier_id=2, cost=435.7145029155822, quantity=9, timestamp=1778599799417}
[kafka-producer-network-thread | producer-1] INFO is.project3.PurchaseEventProducer - Sent purchase event: PurchaseEvent{book_id=4, supplier_id=2, cost=157.2718491051502, quantity=4, timestamp=1778599799518}
[kafka-producer-network-thread | producer-1] INFO is.project3.PurchaseEventProducer - Sent purchase event: PurchaseEvent{book_id=1, supplier_id=4, cost=575.8648221328995, quantity=16, timestamp=1778599799618}
[kafka-producer-network-thread | producer-1] INFO is.project3.PurchaseEventProducer - Sent purchase event: PurchaseEvent{book_id=5, supplier_id=3, cost=1.7286043204235393, quantity=16, timestamp=1778599799718}
[kafka-producer-network-thread | producer-1] INFO is.project3.PurchaseEventProducer - Sent purchase event: PurchaseEvent{book_id=5, supplier_id=2, cost=1.7372813076875955, quantity=13, timestamp=1778599799819}
[kafka-producer-network-thread | producer-1] INFO is.project3.PurchaseEventProducer - Sent purchase event: PurchaseEvent{book_id=1, supplier_id=4, cost=566.6913881574404, quantity=18, timestamp=1778599799919}
[kafka-producer-network-thread | producer-1] INFO is.project3.PurchaseEventProducer - Sent purchase event: PurchaseEvent{book_id=3, supplier_id=3, cost=33.137008247570144, quantity=7, timestamp=1778599800019}
[kafka-producer-network-thread | producer-1] INFO is.project3.PurchaseEventProducer - Sent purchase event: PurchaseEvent{book_id=4, supplier_id=1, cost=133.72462121327828, quantity=15, timestamp=1778599800120}
[kafka-producer-network-thread | producer-1] INFO is.project3.PurchaseEventProducer - Sent purchase event: PurchaseEvent{book_id=4, supplier_id=2, cost=121.9242993209262, quantity=10, timestamp=1778599800220}
[kafka-producer-network-thread | producer-1] INFO is.project3.PurchaseEventProducer - Sent purchase event: PurchaseEvent{book_id=2, supplier_id=3, cost=15.718721804400648, quantity=18, timestamp=1778599800320}
[kafka-producer-network-thread | producer-1] INFO is.project3.PurchaseEventProducer - Sent purchase event: PurchaseEvent{book_id=4, supplier_id=2, cost=121.53331931242205, quantity=17, timestamp=1778599800421}
[kafka-producer-network-thread | producer-1] INFO is.project3.PurchaseEventProducer - Sent purchase event: PurchaseEvent{book_id=3, supplier_id=2, cost=34.10182154575193, quantity=8, timestamp=1778599800521}
[kafka-producer-network-thread | producer-1] INFO is.project3.PurchaseEventProducer - Sent purchase event: PurchaseEvent{book_id=1, supplier_id=4, cost=425.39882057711094, quantity=9, timestamp=1778599800622}
[kafka-producer-network-thread | producer-1] INFO is.project3.PurchaseEventProducer - Sent purchase event: PurchaseEvent{book_id=2, supplier_id=1, cost=17.08350630092382, quantity=3, timestamp=1778599800722}
[kafka-producer-network-thread | producer-1] INFO is.project3.PurchaseEventProducer - Sent purchase event: PurchaseEvent{book_id=1, supplier_id=5, cost=419.65084969568176, quantity=10, timestamp=1778599800822}
[kafka-producer-network-thread | producer-1] INFO is.project3.PurchaseEventProducer - Sent purchase event: PurchaseEvent{book_id=2, supplier_id=3, cost=15.193808484885917, quantity=20, timestamp=1778599800923}
[kafka-producer-network-thread | producer-1] INFO is.project3.PurchaseEventProducer - Sent purchase event: PurchaseEvent{book_id=2, supplier_id=1, cost=17.533810733693727, quantity=4, timestamp=1778599801024}
[kafka-producer-network-thread | producer-1] INFO is.project3.PurchaseEventProducer - Sent purchase event: PurchaseEvent{book_id=3, supplier_id=2, cost=34.965021784522, quantity=1, timestamp=1778599801124}
[kafka-producer-network-thread | producer-1] INFO is.project3.PurchaseEventProducer - Sent purchase event: PurchaseEvent{book_id=4, supplier_id=4, cost=155.52485086651026, quantity=7, timestamp=1778599801224}
[kafka-producer-network-thread | producer-1] INFO is.project3.PurchaseEventProducer - Sent purchase event: PurchaseEvent{book_id=4, supplier_id=1, cost=151.77484208284147, quantity=8, timestamp=1778599801325}
[kafka-producer-network-thread | producer-1] INFO is.project3.PurchaseEventProducer - Sent purchase event: PurchaseEvent{book_id=4, supplier_id=1, cost=156.6635242160954, quantity=10, timestamp=1778599801425}
[kafka-producer-network-thread | producer-1] INFO is.project3.PurchaseEventProducer - Sent purchase event: PurchaseEvent{book_id=2, supplier_id=1, cost=12.250819910621429, quantity=16, timestamp=1778599801525}
[kafka-producer-network-thread | producer-1] INFO is.project3.PurchaseEventProducer - Sent purchase event: PurchaseEvent{book_id=5, supplier_id=2, cost=2.100601334935176, quantity=6, timestamp=1778599801626}
[kafka-producer-network-thread | producer-1] INFO is.project3.PurchaseEventProducer - Sent purchase event: PurchaseEvent{book_id=2, supplier_id=5, cost=12.760632996786217, quantity=15, timestamp=1778599801726}
[kafka-producer-network-thread | producer-1] INFO is.project3.PurchaseEventProducer - Sent purchase event: PurchaseEvent{book_id=5, supplier_id=3, cost=2.2428006370030555, quantity=10, timestamp=1778599801827}
[kafka-producer-network-thread | producer-1] INFO is.project3.PurchaseEventProducer - Sent purchase event: PurchaseEvent{book_id=1, supplier_id=1, cost=527.1080225089116, quantity=11, timestamp=1778599801927}
[kafka-producer-network-thread | producer-1] INFO is.project3.PurchaseEventProducer - Sent purchase event: PurchaseEvent{book_id=2, supplier_id=3, cost=15.619349467128243, quantity=12, timestamp=1778599802028}
[kafka-producer-network-thread | producer-1] INFO is.project3.PurchaseEventProducer - Sent purchase event: PurchaseEvent{book_id=2, supplier_id=3, cost=15.006527103151319, quantity=15, timestamp=1778599802128}
[kafka-producer-network-thread | producer-1] INFO is.project3.PurchaseEventProducer - Sent purchase event: PurchaseEvent{book_id=5, supplier_id=2, cost=2.140515611372029, quantity=4, timestamp=1778599802229}
[kafka-producer-network-thread | producer-1] INFO is.project3.PurchaseEventProducer - Sent purchase event: PurchaseEvent{book_id=3, supplier_id=4, cost=44.69329341697048, quantity=5, timestamp=1778599802329}
[kafka-producer-network-thread | producer-1] INFO is.project3.PurchaseEventProducer - Sent purchase event: PurchaseEvent{book_id=4, supplier_id=5, cost=163.41503268558222, quantity=6, timestamp=1778599802430}
[kafka-producer-network-thread | producer-1] INFO is.project3.PurchaseEventProducer - Sent purchase event: PurchaseEvent{book_id=4, supplier_id=4, cost=170.83718421868852, quantity=6, timestamp=1778599802530}
[kafka-producer-network-thread | producer-1] INFO is.project3.PurchaseEventProducer - Sent purchase event: PurchaseEvent{book_id=3, supplier_id=2, cost=46.3881757030796, quantity=2, timestamp=1778599802630}
[kafka-producer-network-thread | producer-1] INFO is.project3.PurchaseEventProducer - Sent purchase event: PurchaseEvent{book_id=2, supplier_id=3, cost=14.916987473476857, quantity=5, timestamp=1778599802731}
[kafka-producer-network-thread | producer-1] INFO is.project3.PurchaseEventProducer - Sent purchase event: PurchaseEvent{book_id=3, supplier_id=1, cost=35.42249034509738, quantity=20, timestamp=1778599802831}
[kafka-producer-network-thread | producer-1] INFO is.project3.PurchaseEventProducer - Sent purchase event: PurchaseEvent{book_id=1, supplier_id=4, cost=570.1545514377932, quantity=1, timestamp=1778599802932}
[kafka-producer-network-thread | producer-1] INFO is.project3.PurchaseEventProducer - Sent purchase event: PurchaseEvent{book_id=5, supplier_id=2, cost=1.6846359889457834, quantity=10, timestamp=1778599803032}
[kafka-producer-network-thread | producer-1] INFO is.project3.PurchaseEventProducer - Sent purchase event: PurchaseEvent{book_id=5, supplier_id=5, cost=1.818965319203496, quantity=4, timestamp=1778599803132}
[kafka-producer-network-thread | producer-1] INFO is.project3.PurchaseEventProducer - Sent purchase event: PurchaseEvent{book_id=2, supplier_id=3, cost=15.388274001223575, quantity=14, timestamp=1778599803233}
[kafka-producer-network-thread | producer-1] INFO is.project3.PurchaseEventProducer - Sent purchase event: PurchaseEvent{book_id=1, supplier_id=3, cost=540.1619421875656, quantity=9, timestamp=1778599803333}
[kafka-producer-network-thread | producer-1] INFO is.project3.PurchaseEventProducer - Sent purchase event: PurchaseEvent{book_id=4, supplier_id=2, cost=158.02749854066704, quantity=1, timestamp=1778599803434}
[kafka-producer-network-thread | producer-1] INFO is.project3.PurchaseEventProducer - Sent purchase event: PurchaseEvent{book_id=4, supplier_id=3, cost=154.7772922974585, quantity=8, timestamp=1778599803534}
[kafka-producer-network-thread | producer-1] INFO is.project3.PurchaseEventProducer - Sent purchase event: PurchaseEvent{book_id=3, supplier_id=5, cost=35.11619805365029, quantity=18, timestamp=1778599803635}
[kafka-producer-network-thread | producer-1] INFO is.project3.PurchaseEventProducer - Sent purchase event: PurchaseEvent{book_id=5, supplier_id=5, cost=2.375194804554008, quantity=9, timestamp=1778599803735}
[kafka-producer-network-thread | producer-1] INFO is.project3.PurchaseEventProducer - Sent purchase event: PurchaseEvent{book_id=5, supplier_id=4, cost=1.812141566460364, quantity=7, timestamp=1778599803835}
[kafka-producer-network-thread | producer-1] INFO is.project3.PurchaseEventProducer - Sent purchase event: PurchaseEvent{book_id=4, supplier_id=4, cost=177.63421341953324, quantity=12, timestamp=1778599803936}
[kafka-producer-network-thread | producer-1] INFO is.project3.PurchaseEventProducer - Sent purchase event: PurchaseEvent{book_id=3, supplier_id=2, cost=45.09794856876965, quantity=11, timestamp=1778599804036}
[kafka-producer-network-thread | producer-1] INFO is.project3.PurchaseEventProducer - Sent purchase event: PurchaseEvent{book_id=1, supplier_id=3, cost=552.6676715207401, quantity=8, timestamp=1778599804136}
[kafka-producer-network-thread | producer-1] INFO is.project3.PurchaseEventProducer - Sent purchase event: PurchaseEvent{book_id=1, supplier_id=3, cost=508.0100905669099, quantity=20, timestamp=1778599804237}
[kafka-producer-network-thread | producer-1] INFO is.project3.PurchaseEventProducer - Sent purchase event: PurchaseEvent{book_id=2, supplier_id=2, cost=14.473443619970237, quantity=12, timestamp=1778599804337}
[kafka-producer-network-thread | producer-1] INFO is.project3.PurchaseEventProducer - Sent purchase event: PurchaseEvent{book_id=4, supplier_id=1, cost=161.35219877032114, quantity=3, timestamp=1778599804437}
[kafka-producer-network-thread | producer-1] INFO is.project3.PurchaseEventProducer - Sent purchase event: PurchaseEvent{book_id=1, supplier_id=5, cost=565.8702684843296, quantity=19, timestamp=1778599804537}
[kafka-producer-network-thread | producer-1] INFO is.project3.PurchaseEventProducer - Sent purchase event: PurchaseEvent{book_id=3, supplier_id=3, cost=45.6054197458191, quantity=16, timestamp=1778599804638}
[kafka-producer-network-thread | producer-1] INFO is.project3.PurchaseEventProducer - Sent purchase event: PurchaseEvent{book_id=4, supplier_id=5, cost=176.72543162140883, quantity=11, timestamp=1778599804738}
[kafka-producer-network-thread | producer-1] INFO is.project3.PurchaseEventProducer - Sent purchase event: PurchaseEvent{book_id=5, supplier_id=5, cost=2.1151467292250343, quantity=2, timestamp=1778599804838}
[kafka-producer-network-thread | producer-1] INFO is.project3.PurchaseEventProducer - Sent purchase event: PurchaseEvent{book_id=3, supplier_id=2, cost=45.62983754921136, quantity=7, timestamp=1778599804938}
[kafka-producer-network-thread | producer-1] INFO is.project3.PurchaseEventProducer - Sent purchase event: PurchaseEvent{book_id=1, supplier_id=5, cost=545.1412732760494, quantity=15, timestamp=1778599805039}
[kafka-producer-network-thread | producer-1] INFO is.project3.PurchaseEventProducer - Sent purchase event: PurchaseEvent{book_id=5, supplier_id=5, cost=2.078815414549647, quantity=3, timestamp=1778599805139}
[kafka-producer-network-thread | producer-1] INFO is.project3.PurchaseEventProducer - Sent purchase event: PurchaseEvent{book_id=5, supplier_id=2, cost=1.6049581542831801, quantity=7, timestamp=1778599805239}
[kafka-producer-network-thread | producer-1] INFO is.project3.PurchaseEventProducer - Sent purchase event: PurchaseEvent{book_id=3, supplier_id=1, cost=34.420205109275, quantity=15, timestamp=1778599805340}
[kafka-producer-network-thread | producer-1] INFO is.project3.PurchaseEventProducer - Sent purchase event: PurchaseEvent{book_id=3, supplier_id=4, cost=43.913992285793185, quantity=19, timestamp=1778599805440}
[kafka-producer-network-thread | producer-1] INFO is.project3.PurchaseEventProducer - Sent purchase event: PurchaseEvent{book_id=5, supplier_id=5, cost=1.7441012634999735, quantity=18, timestamp=1778599805541}
[kafka-producer-network-thread | producer-1] INFO is.project3.PurchaseEventProducer - Sent purchase event: PurchaseEvent{book_id=5, supplier_id=3, cost=1.8761079698853846, quantity=18, timestamp=1778599805641}
[kafka-producer-network-thread | producer-1] INFO is.project3.PurchaseEventProducer - Sent purchase event: PurchaseEvent{book_id=1, supplier_id=2, cost=488.3693145187306, quantity=1, timestamp=1778599805741}
[kafka-producer-network-thread | producer-1] INFO is.project3.PurchaseEventProducer - Sent purchase event: PurchaseEvent{book_id=3, supplier_id=4, cost=33.78698768006939, quantity=13, timestamp=1778599805842}
[kafka-producer-network-thread | producer-1] INFO is.project3.PurchaseEventProducer - Sent purchase event: PurchaseEvent{book_id=5, supplier_id=3, cost=1.6579136541508406, quantity=15, timestamp=1778599805942}
[kafka-producer-network-thread | producer-1] INFO is.project3.PurchaseEventProducer - Sent purchase event: PurchaseEvent{book_id=4, supplier_id=1, cost=152.5043257605198, quantity=1, timestamp=1778599806042}
[kafka-producer-network-thread | producer-1] INFO is.project3.PurchaseEventProducer - Sent purchase event: PurchaseEvent{book_id=4, supplier_id=4, cost=173.749150618535, quantity=15, timestamp=1778599806143}
[kafka-producer-network-thread | producer-1] INFO is.project3.PurchaseEventProducer - Sent purchase event: PurchaseEvent{book_id=2, supplier_id=2, cost=16.49691277899991, quantity=3, timestamp=1778599806243}
[kafka-producer-network-thread | producer-1] INFO is.project3.PurchaseEventProducer - Sent purchase event: PurchaseEvent{book_id=1, supplier_id=5, cost=520.7909043919312, quantity=8, timestamp=1778599806343}
[kafka-producer-network-thread | producer-1] INFO is.project3.PurchaseEventProducer - Sent purchase event: PurchaseEvent{book_id=3, supplier_id=2, cost=42.65197237970264, quantity=8, timestamp=1778599806444}
[kafka-producer-network-thread | producer-1] INFO is.project3.PurchaseEventProducer - Sent purchase event: PurchaseEvent{book_id=2, supplier_id=3, cost=15.850392442682576, quantity=20, timestamp=1778599806544}
[kafka-producer-network-thread | producer-1] INFO is.project3.PurchaseEventProducer - Sent purchase event: PurchaseEvent{book_id=3, supplier_id=4, cost=39.16959065446969, quantity=8, timestamp=1778599806645}
[kafka-producer-network-thread | producer-1] INFO is.project3.PurchaseEventProducer - Sent purchase event: PurchaseEvent{book_id=5, supplier_id=1, cost=2.2542105919427415, quantity=7, timestamp=1778599806745}
[kafka-producer-network-thread | producer-1] INFO is.project3.PurchaseEventProducer - Sent purchase event: PurchaseEvent{book_id=3, supplier_id=5, cost=42.516077392440906, quantity=11, timestamp=1778599806845}
[kafka-producer-network-thread | producer-1] INFO is.project3.PurchaseEventProducer - Sent purchase event: PurchaseEvent{book_id=3, supplier_id=3, cost=33.91785486761243, quantity=5, timestamp=1778599806945}
[kafka-producer-network-thread | producer-1] INFO is.project3.PurchaseEventProducer - Sent purchase event: PurchaseEvent{book_id=2, supplier_id=4, cost=13.284550707713578, quantity=4, timestamp=1778599807046}
[kafka-producer-network-thread | producer-1] INFO is.project3.PurchaseEventProducer - Sent purchase event: PurchaseEvent{book_id=5, supplier_id=5, cost=2.3411239869513656, quantity=18, timestamp=1778599807146}
[kafka-producer-network-thread | producer-1] INFO is.project3.PurchaseEventProducer - Sent purchase event: PurchaseEvent{book_id=3, supplier_id=3, cost=40.05969979895133, quantity=6, timestamp=1778599807246}
[kafka-producer-network-thread | producer-1] INFO is.project3.PurchaseEventProducer - Sent purchase event: PurchaseEvent{book_id=3, supplier_id=4, cost=42.530702642570176, quantity=3, timestamp=1778599807347}
[kafka-producer-network-thread | producer-1] INFO is.project3.PurchaseEventProducer - Sent purchase event: PurchaseEvent{book_id=5, supplier_id=4, cost=1.64688851188055, quantity=3, timestamp=1778599807447}
[kafka-producer-network-thread | producer-1] INFO is.project3.PurchaseEventProducer - Sent purchase event: PurchaseEvent{book_id=1, supplier_id=5, cost=528.8405232401223, quantity=2, timestamp=1778599807548}
[kafka-producer-network-thread | producer-1] INFO is.project3.PurchaseEventProducer - Sent purchase event: PurchaseEvent{book_id=3, supplier_id=1, cost=39.75757086242836, quantity=5, timestamp=1778599807648}
[kafka-producer-network-thread | producer-1] INFO is.project3.PurchaseEventProducer - Sent purchase event: PurchaseEvent{book_id=4, supplier_id=1, cost=171.05583489911385, quantity=2, timestamp=1778599807748}
[kafka-producer-network-thread | producer-1] INFO is.project3.PurchaseEventProducer - Sent purchase event: PurchaseEvent{book_id=4, supplier_id=2, cost=149.01387067850052, quantity=13, timestamp=1778599807849}
[kafka-producer-network-thread | producer-1] INFO is.project3.PurchaseEventProducer - Sent purchase event: PurchaseEvent{book_id=3, supplier_id=1, cost=43.282863455587695, quantity=16, timestamp=1778599807949}
[kafka-producer-network-thread | producer-1] INFO is.project3.PurchaseEventProducer - Sent purchase event: PurchaseEvent{book_id=1, supplier_id=4, cost=510.9276285171625, quantity=15, timestamp=1778599808049}
[kafka-producer-network-thread | producer-1] INFO is.project3.PurchaseEventProducer - Sent purchase event: PurchaseEvent{book_id=3, supplier_id=3, cost=33.42140322077786, quantity=4, timestamp=1778599808150}
[kafka-producer-network-thread | producer-1] INFO is.project3.PurchaseEventProducer - Sent purchase event: PurchaseEvent{book_id=5, supplier_id=3, cost=1.8935181134604637, quantity=16, timestamp=1778599808250}
[kafka-producer-network-thread | producer-1] INFO is.project3.PurchaseEventProducer - Sent purchase event: PurchaseEvent{book_id=3, supplier_id=4, cost=44.457391692086944, quantity=19, timestamp=1778599808350}
[kafka-producer-network-thread | producer-1] INFO is.project3.PurchaseEventProducer - Sent purchase event: PurchaseEvent{book_id=2, supplier_id=1, cost=13.06254942497911, quantity=17, timestamp=1778599808451}
[kafka-producer-network-thread | producer-1] INFO is.project3.PurchaseEventProducer - Sent purchase event: PurchaseEvent{book_id=1, supplier_id=2, cost=412.91444149057486, quantity=11, timestamp=1778599808551}
[kafka-producer-network-thread | producer-1] INFO is.project3.PurchaseEventProducer - Sent purchase event: PurchaseEvent{book_id=2, supplier_id=4, cost=15.85085942192413, quantity=17, timestamp=1778599808651}
[kafka-producer-network-thread | producer-1] INFO is.project3.PurchaseEventProducer - Sent purchase event: PurchaseEvent{book_id=4, supplier_id=2, cost=135.25707066041042, quantity=3, timestamp=1778599808752}
[kafka-producer-network-thread | producer-1] INFO is.project3.PurchaseEventProducer - Sent purchase event: PurchaseEvent{book_id=2, supplier_id=2, cost=12.084229825653653, quantity=15, timestamp=1778599808852}
[kafka-producer-network-thread | producer-1] INFO is.project3.PurchaseEventProducer - Sent purchase event: PurchaseEvent{book_id=2, supplier_id=1, cost=15.386563825587436, quantity=1, timestamp=1778599808952}
[kafka-producer-network-thread | producer-1] INFO is.project3.PurchaseEventProducer - Sent purchase event: PurchaseEvent{book_id=2, supplier_id=4, cost=15.105508205597284, quantity=9, timestamp=1778599809053}
[kafka-producer-network-thread | producer-1] INFO is.project3.PurchaseEventProducer - Sent purchase event: PurchaseEvent{book_id=1, supplier_id=3, cost=565.9205108541074, quantity=1, timestamp=1778599809153}
[kafka-producer-network-thread | producer-1] INFO is.project3.PurchaseEventProducer - Sent purchase event: PurchaseEvent{book_id=1, supplier_id=2, cost=414.64311975680977, quantity=13, timestamp=1778599809253}
[kafka-producer-network-thread | producer-1] INFO is.project3.PurchaseEventProducer - Sent purchase event: PurchaseEvent{book_id=3, supplier_id=5, cost=32.73474526865456, quantity=4, timestamp=1778599809354}
[kafka-producer-network-thread | producer-1] INFO is.project3.PurchaseEventProducer - Sent purchase event: PurchaseEvent{book_id=2, supplier_id=3, cost=13.421115756898265, quantity=12, timestamp=1778599809454}
[kafka-producer-network-thread | producer-1] INFO is.project3.PurchaseEventProducer - Sent purchase event: PurchaseEvent{book_id=2, supplier_id=4, cost=17.063770977239816, quantity=12, timestamp=1778599809555}
[kafka-producer-network-thread | producer-1] INFO is.project3.PurchaseEventProducer - Sent purchase event: PurchaseEvent{book_id=2, supplier_id=3, cost=12.0175205572171, quantity=1, timestamp=1778599809655}
[kafka-producer-network-thread | producer-1] INFO is.project3.PurchaseEventProducer - Sent purchase event: PurchaseEvent{book_id=5, supplier_id=1, cost=2.1816691118415967, quantity=19, timestamp=1778599809755}
[kafka-producer-network-thread | producer-1] INFO is.project3.PurchaseEventProducer - Sent purchase event: PurchaseEvent{book_id=4, supplier_id=2, cost=169.1466116422124, quantity=13, timestamp=1778599809856}
[kafka-producer-network-thread | producer-1] INFO is.project3.PurchaseEventProducer - Sent purchase event: PurchaseEvent{book_id=5, supplier_id=2, cost=2.39952499940907, quantity=4, timestamp=1778599809956}
[kafka-producer-network-thread | producer-1] INFO is.project3.PurchaseEventProducer - Sent purchase event: PurchaseEvent{book_id=4, supplier_id=1, cost=156.83220299252218, quantity=6, timestamp=1778599810056}
[kafka-producer-network-thread | producer-1] INFO is.project3.PurchaseEventProducer - Sent purchase event: PurchaseEvent{book_id=1, supplier_id=2, cost=479.7251928907228, quantity=7, timestamp=1778599810157}
[kafka-producer-network-thread | producer-1] INFO is.project3.PurchaseEventProducer - Sent purchase event: PurchaseEvent{book_id=3, supplier_id=1, cost=40.715665836655, quantity=1, timestamp=1778599810257}
[kafka-producer-network-thread | producer-1] INFO is.project3.PurchaseEventProducer - Sent purchase event: PurchaseEvent{book_id=4, supplier_id=3, cost=156.7282754784764, quantity=19, timestamp=1778599810357}
[kafka-producer-network-thread | producer-1] INFO is.project3.PurchaseEventProducer - Sent purchase event: PurchaseEvent{book_id=5, supplier_id=2, cost=2.254626865799736, quantity=6, timestamp=1778599810458}
[kafka-producer-network-thread | producer-1] INFO is.project3.PurchaseEventProducer - Sent purchase event: PurchaseEvent{book_id=5, supplier_id=2, cost=1.8238053938757257, quantity=13, timestamp=1778599810558}
[kafka-producer-network-thread | producer-1] INFO is.project3.PurchaseEventProducer - Sent purchase event: PurchaseEvent{book_id=2, supplier_id=3, cost=13.843565313141546, quantity=18, timestamp=1778599810658}
[kafka-producer-network-thread | producer-1] INFO is.project3.PurchaseEventProducer - Sent purchase event: PurchaseEvent{book_id=3, supplier_id=3, cost=36.24603259745368, quantity=18, timestamp=1778599810759}
[kafka-producer-network-thread | producer-1] INFO is.project3.PurchaseEventProducer - Sent purchase event: PurchaseEvent{book_id=1, supplier_id=5, cost=520.6490266939911, quantity=5, timestamp=1778599810859}
[kafka-producer-network-thread | producer-1] INFO is.project3.PurchaseEventProducer - Sent purchase event: PurchaseEvent{book_id=2, supplier_id=3, cost=16.362647182123006, quantity=17, timestamp=1778599810959}
[kafka-producer-network-thread | producer-1] INFO is.project3.PurchaseEventProducer - Sent purchase event: PurchaseEvent{book_id=4, supplier_id=2, cost=147.14494090378412, quantity=20, timestamp=1778599811060}
[kafka-producer-network-thread | producer-1] INFO is.project3.PurchaseEventProducer - Sent purchase event: PurchaseEvent{book_id=4, supplier_id=2, cost=155.78262577424442, quantity=13, timestamp=1778599811160}
[kafka-producer-network-thread | producer-1] INFO is.project3.PurchaseEventProducer - Sent purchase event: PurchaseEvent{book_id=1, supplier_id=3, cost=491.17032871493905, quantity=17, timestamp=1778599811261}
[kafka-producer-network-thread | producer-1] INFO is.project3.PurchaseEventProducer - Sent purchase event: PurchaseEvent{book_id=5, supplier_id=4, cost=2.2952914637890967, quantity=17, timestamp=1778599811361}
[kafka-producer-network-thread | producer-1] INFO is.project3.PurchaseEventProducer - Sent purchase event: PurchaseEvent{book_id=3, supplier_id=2, cost=39.29039151974947, quantity=6, timestamp=1778599811462}
[kafka-producer-network-thread | producer-1] INFO is.project3.PurchaseEventProducer - Sent purchase event: PurchaseEvent{book_id=5, supplier_id=1, cost=2.107816643596702, quantity=15, timestamp=1778599811562}
[kafka-producer-network-thread | producer-1] INFO is.project3.PurchaseEventProducer - Sent purchase event: PurchaseEvent{book_id=1, supplier_id=5, cost=518.0378205133609, quantity=13, timestamp=1778599811662}
[kafka-producer-network-thread | producer-1] INFO is.project3.PurchaseEventProducer - Sent purchase event: PurchaseEvent{book_id=4, supplier_id=5, cost=153.7195745559304, quantity=17, timestamp=1778599811763}
[kafka-producer-network-thread | producer-1] INFO is.project3.PurchaseEventProducer - Sent purchase event: PurchaseEvent{book_id=3, supplier_id=2, cost=35.53488134845165, quantity=3, timestamp=1778599811863}
[kafka-producer-network-thread | producer-1] INFO is.project3.PurchaseEventProducer - Sent purchase event: PurchaseEvent{book_id=3, supplier_id=5, cost=37.05281883350773, quantity=20, timestamp=1778599811963}
[kafka-producer-network-thread | producer-1] INFO is.project3.PurchaseEventProducer - Sent purchase event: PurchaseEvent{book_id=3, supplier_id=4, cost=33.64490085819054, quantity=2, timestamp=1778599812064}
[kafka-producer-network-thread | producer-1] INFO is.project3.PurchaseEventProducer - Sent purchase event: PurchaseEvent{book_id=3, supplier_id=4, cost=45.990626734641125, quantity=3, timestamp=1778599812164}
[kafka-producer-network-thread | producer-1] INFO is.project3.PurchaseEventProducer - Sent purchase event: PurchaseEvent{book_id=2, supplier_id=2, cost=17.659199657959963, quantity=4, timestamp=1778599812264}
[kafka-producer-network-thread | producer-1] INFO is.project3.PurchaseEventProducer - Sent purchase event: PurchaseEvent{book_id=2, supplier_id=1, cost=14.91735267906688, quantity=12, timestamp=1778599812365}
[kafka-producer-network-thread | producer-1] INFO is.project3.PurchaseEventProducer - Sent purchase event: PurchaseEvent{book_id=5, supplier_id=1, cost=2.1752489352862274, quantity=10, timestamp=1778599812465}
[kafka-producer-network-thread | producer-1] INFO is.project3.PurchaseEventProducer - Sent purchase event: PurchaseEvent{book_id=1, supplier_id=2, cost=484.7512663946123, quantity=10, timestamp=1778599812565}
[kafka-producer-network-thread | producer-1] INFO is.project3.PurchaseEventProducer - Sent purchase event: PurchaseEvent{book_id=2, supplier_id=2, cost=13.359960354119512, quantity=18, timestamp=1778599812666}
[kafka-producer-network-thread | producer-1] INFO is.project3.PurchaseEventProducer - Sent purchase event: PurchaseEvent{book_id=1, supplier_id=2, cost=476.84220329538005, quantity=14, timestamp=1778599812766}
[kafka-producer-network-thread | producer-1] INFO is.project3.PurchaseEventProducer - Sent purchase event: PurchaseEvent{book_id=3, supplier_id=1, cost=39.29092869826259, quantity=8, timestamp=1778599812866}
[kafka-producer-network-thread | producer-1] INFO is.project3.PurchaseEventProducer - Sent purchase event: PurchaseEvent{book_id=4, supplier_id=1, cost=165.92132553164356, quantity=7, timestamp=1778599812967}
[kafka-producer-network-thread | producer-1] INFO is.project3.PurchaseEventProducer - Sent purchase event: PurchaseEvent{book_id=1, supplier_id=1, cost=485.74885732337646, quantity=5, timestamp=1778599813067}
[kafka-producer-network-thread | producer-1] INFO is.project3.PurchaseEventProducer - Sent purchase event: PurchaseEvent{book_id=1, supplier_id=4, cost=490.88909637495937, quantity=19, timestamp=1778599813168}
[kafka-producer-network-thread | producer-1] INFO is.project3.PurchaseEventProducer - Sent purchase event: PurchaseEvent{book_id=3, supplier_id=4, cost=38.182553865716415, quantity=10, timestamp=1778599813268}
[kafka-producer-network-thread | producer-1] INFO is.project3.PurchaseEventProducer - Sent purchase event: PurchaseEvent{book_id=4, supplier_id=1, cost=121.56502761540942, quantity=5, timestamp=1778599813368}
[kafka-producer-network-thread | producer-1] INFO is.project3.PurchaseEventProducer - Sent purchase event: PurchaseEvent{book_id=4, supplier_id=1, cost=136.3281233824674, quantity=4, timestamp=1778599813469}
[kafka-producer-network-thread | producer-1] INFO is.project3.PurchaseEventProducer - Sent purchase event: PurchaseEvent{book_id=5, supplier_id=2, cost=2.1749191009783337, quantity=6, timestamp=1778599813569}
[kafka-producer-network-thread | producer-1] INFO is.project3.PurchaseEventProducer - Sent purchase event: PurchaseEvent{book_id=3, supplier_id=3, cost=44.512527018011134, quantity=9, timestamp=1778599813669}
[kafka-producer-network-thread | producer-1] INFO is.project3.PurchaseEventProducer - Sent purchase event: PurchaseEvent{book_id=1, supplier_id=1, cost=512.830724806782, quantity=11, timestamp=1778599813770}
[kafka-producer-network-thread | producer-1] INFO is.project3.PurchaseEventProducer - Sent purchase event: PurchaseEvent{book_id=4, supplier_id=2, cost=148.74743020792283, quantity=9, timestamp=1778599813870}
[kafka-producer-network-thread | producer-1] INFO is.project3.PurchaseEventProducer - Sent purchase event: PurchaseEvent{book_id=4, supplier_id=5, cost=137.28170045584127, quantity=9, timestamp=1778599813971}
[kafka-producer-network-thread | producer-1] INFO is.project3.PurchaseEventProducer - Sent purchase event: PurchaseEvent{book_id=3, supplier_id=5, cost=38.89866907452313, quantity=19, timestamp=1778599814071}
[kafka-producer-network-thread | producer-1] INFO is.project3.PurchaseEventProducer - Sent purchase event: PurchaseEvent{book_id=4, supplier_id=1, cost=150.48823057714645, quantity=20, timestamp=1778599814171}
[kafka-producer-network-thread | producer-1] INFO is.project3.PurchaseEventProducer - Sent purchase event: PurchaseEvent{book_id=4, supplier_id=2, cost=132.41248040299485, quantity=13, timestamp=1778599814272}
[kafka-producer-network-thread | producer-1] INFO is.project3.PurchaseEventProducer - Sent purchase event: PurchaseEvent{book_id=4, supplier_id=2, cost=121.31394311187825, quantity=1, timestamp=1778599814372}
[kafka-producer-network-thread | producer-1] INFO is.project3.PurchaseEventProducer - Sent purchase event: PurchaseEvent{book_id=2, supplier_id=5, cost=15.685131847712903, quantity=19, timestamp=1778599814472}
[kafka-producer-network-thread | producer-1] INFO is.project3.PurchaseEventProducer - Sent purchase event: PurchaseEvent{book_id=5, supplier_id=4, cost=1.6802614603904926, quantity=18, timestamp=1778599814573}
[kafka-producer-network-thread | producer-1] INFO is.project3.PurchaseEventProducer - Sent purchase event: PurchaseEvent{book_id=1, supplier_id=5, cost=429.9453346778614, quantity=5, timestamp=1778599814673}
[kafka-producer-network-thread | producer-1] INFO is.project3.PurchaseEventProducer - Sent purchase event: PurchaseEvent{book_id=3, supplier_id=5, cost=41.84443458339945, quantity=10, timestamp=1778599814774}
[kafka-producer-network-thread | producer-1] INFO is.project3.PurchaseEventProducer - Sent purchase event: PurchaseEvent{book_id=4, supplier_id=4, cost=143.03425502966695, quantity=17, timestamp=1778599814874}
[kafka-producer-network-thread | producer-1] INFO is.project3.PurchaseEventProducer - Sent purchase event: PurchaseEvent{book_id=5, supplier_id=2, cost=1.8030889196799937, quantity=15, timestamp=1778599814974}
[kafka-producer-network-thread | producer-1] INFO is.project3.PurchaseEventProducer - Sent purchase event: PurchaseEvent{book_id=3, supplier_id=1, cost=38.473637984115015, quantity=4, timestamp=1778599815075}
[kafka-producer-network-thread | producer-1] INFO is.project3.PurchaseEventProducer - Sent purchase event: PurchaseEvent{book_id=4, supplier_id=4, cost=141.7759055940146, quantity=1, timestamp=1778599815175}
[kafka-producer-network-thread | producer-1] INFO is.project3.PurchaseEventProducer - Sent purchase event: PurchaseEvent{book_id=1, supplier_id=1, cost=567.8894267647892, quantity=6, timestamp=1778599815275}
[kafka-producer-network-thread | producer-1] INFO is.project3.PurchaseEventProducer - Sent purchase event: PurchaseEvent{book_id=1, supplier_id=5, cost=436.25471213339046, quantity=14, timestamp=1778599815376}
[kafka-producer-network-thread | producer-1] INFO is.project3.PurchaseEventProducer - Sent purchase event: PurchaseEvent{book_id=4, supplier_id=5, cost=133.51093351341186, quantity=4, timestamp=1778599815476}
[kafka-producer-network-thread | producer-1] INFO is.project3.PurchaseEventProducer - Sent purchase event: PurchaseEvent{book_id=4, supplier_id=5, cost=155.3386921118389, quantity=12, timestamp=1778599815577}
[kafka-producer-network-thread | producer-1] INFO is.project3.PurchaseEventProducer - Sent purchase event: PurchaseEvent{book_id=5, supplier_id=5, cost=2.003834079013973, quantity=10, timestamp=1778599815677}
[kafka-producer-network-thread | producer-1] INFO is.project3.PurchaseEventProducer - Sent purchase event: PurchaseEvent{book_id=1, supplier_id=4, cost=461.3324237294583, quantity=18, timestamp=1778599815777}
[kafka-producer-network-thread | producer-1] INFO is.project3.PurchaseEventProducer - Sent purchase event: PurchaseEvent{book_id=4, supplier_id=4, cost=126.30268709752757, quantity=16, timestamp=1778599815878}
[kafka-producer-network-thread | producer-1] INFO is.project3.PurchaseEventProducer - Sent purchase event: PurchaseEvent{book_id=2, supplier_id=3, cost=17.136319742076257, quantity=13, timestamp=1778599815978}
[kafka-producer-network-thread | producer-1] INFO is.project3.PurchaseEventProducer - Sent purchase event: PurchaseEvent{book_id=5, supplier_id=4, cost=2.1865666982219474, quantity=6, timestamp=1778599816079}
[kafka-producer-network-thread | producer-1] INFO is.project3.PurchaseEventProducer - Sent purchase event: PurchaseEvent{book_id=3, supplier_id=3, cost=40.28063536583895, quantity=18, timestamp=1778599816179}
[kafka-producer-network-thread | producer-1] INFO is.project3.PurchaseEventProducer - Sent purchase event: PurchaseEvent{book_id=1, supplier_id=3, cost=558.5946689980716, quantity=8, timestamp=1778599816279}
[kafka-producer-network-thread | producer-1] INFO is.project3.PurchaseEventProducer - Sent purchase event: PurchaseEvent{book_id=2, supplier_id=4, cost=17.691019406660523, quantity=16, timestamp=1778599816379}
[kafka-producer-network-thread | producer-1] INFO is.project3.PurchaseEventProducer - Sent purchase event: PurchaseEvent{book_id=2, supplier_id=2, cost=17.70157640414746, quantity=10, timestamp=1778599816480}
[kafka-producer-network-thread | producer-1] INFO is.project3.PurchaseEventProducer - Sent purchase event: PurchaseEvent{book_id=1, supplier_id=1, cost=523.8471560316959, quantity=17, timestamp=1778599816580}
[kafka-producer-network-thread | producer-1] INFO is.project3.PurchaseEventProducer - Sent purchase event: PurchaseEvent{book_id=1, supplier_id=5, cost=549.3357206394616, quantity=4, timestamp=1778599816681}
[kafka-producer-network-thread | producer-1] INFO is.project3.PurchaseEventProducer - Sent purchase event: PurchaseEvent{book_id=5, supplier_id=5, cost=2.118026388367058, quantity=11, timestamp=1778599816781}
[kafka-producer-network-thread | producer-1] INFO is.project3.PurchaseEventProducer - Sent purchase event: PurchaseEvent{book_id=3, supplier_id=3, cost=34.72137169588061, quantity=11, timestamp=1778599816882}
[kafka-producer-network-thread | producer-1] INFO is.project3.PurchaseEventProducer - Sent purchase event: PurchaseEvent{book_id=3, supplier_id=5, cost=35.819886184671454, quantity=9, timestamp=1778599816982}
[kafka-producer-network-thread | producer-1] INFO is.project3.PurchaseEventProducer - Sent purchase event: PurchaseEvent{book_id=4, supplier_id=4, cost=158.64085664247375, quantity=16, timestamp=1778599817082}
[kafka-producer-network-thread | producer-1] INFO is.project3.PurchaseEventProducer - Sent purchase event: PurchaseEvent{book_id=2, supplier_id=4, cost=12.817381032924594, quantity=2, timestamp=1778599817183}
[kafka-producer-network-thread | producer-1] INFO is.project3.PurchaseEventProducer - Sent purchase event: PurchaseEvent{book_id=5, supplier_id=3, cost=1.9399729277733646, quantity=11, timestamp=1778599817284}
[kafka-producer-network-thread | producer-1] INFO is.project3.PurchaseEventProducer - Sent purchase event: PurchaseEvent{book_id=3, supplier_id=4, cost=38.25624838563093, quantity=3, timestamp=1778599817384}
[kafka-producer-network-thread | producer-1] INFO is.project3.PurchaseEventProducer - Sent purchase event: PurchaseEvent{book_id=4, supplier_id=4, cost=131.47316145103318, quantity=13, timestamp=1778599817485}
[kafka-producer-network-thread | producer-1] INFO is.project3.PurchaseEventProducer - Sent purchase event: PurchaseEvent{book_id=4, supplier_id=2, cost=159.46417298447068, quantity=8, timestamp=1778599817585}
[kafka-producer-network-thread | producer-1] INFO is.project3.PurchaseEventProducer - Sent purchase event: PurchaseEvent{book_id=1, supplier_id=1, cost=568.5461803980351, quantity=9, timestamp=1778599817685}
[kafka-producer-network-thread | producer-1] INFO is.project3.PurchaseEventProducer - Sent purchase event: PurchaseEvent{book_id=4, supplier_id=2, cost=126.86652548392979, quantity=8, timestamp=1778599817786}
[kafka-producer-network-thread | producer-1] INFO is.project3.PurchaseEventProducer - Sent purchase event: PurchaseEvent{book_id=3, supplier_id=2, cost=47.548534050053206, quantity=17, timestamp=1778599817886}
[kafka-producer-network-thread | producer-1] INFO is.project3.PurchaseEventProducer - Sent purchase event: PurchaseEvent{book_id=3, supplier_id=4, cost=43.76253796378522, quantity=17, timestamp=1778599817987}
[kafka-producer-network-thread | producer-1] INFO is.project3.PurchaseEventProducer - Sent purchase event: PurchaseEvent{book_id=5, supplier_id=3, cost=1.6787870654757582, quantity=20, timestamp=1778599818087}
[kafka-producer-network-thread | producer-1] INFO is.project3.PurchaseEventProducer - Sent purchase event: PurchaseEvent{book_id=4, supplier_id=5, cost=152.37953155154537, quantity=3, timestamp=1778599818187}
[kafka-producer-network-thread | producer-1] INFO is.project3.PurchaseEventProducer - Sent purchase event: PurchaseEvent{book_id=2, supplier_id=1, cost=13.027806372143226, quantity=4, timestamp=1778599818288}
[kafka-producer-network-thread | producer-1] INFO is.project3.PurchaseEventProducer - Sent purchase event: PurchaseEvent{book_id=4, supplier_id=4, cost=167.83792395794234, quantity=19, timestamp=1778599818388}
[kafka-producer-network-thread | producer-1] INFO is.project3.PurchaseEventProducer - Sent purchase event: PurchaseEvent{book_id=1, supplier_id=3, cost=563.8183591367971, quantity=12, timestamp=1778599818488}
[kafka-producer-network-thread | producer-1] INFO is.project3.PurchaseEventProducer - Sent purchase event: PurchaseEvent{book_id=4, supplier_id=5, cost=129.22871111933966, quantity=19, timestamp=1778599818589}
[kafka-producer-network-thread | producer-1] INFO is.project3.PurchaseEventProducer - Sent purchase event: PurchaseEvent{book_id=4, supplier_id=2, cost=178.52323612027334, quantity=10, timestamp=1778599818689}
[kafka-producer-network-thread | producer-1] INFO is.project3.PurchaseEventProducer - Sent purchase event: PurchaseEvent{book_id=4, supplier_id=3, cost=159.34373901797215, quantity=8, timestamp=1778599818790}
[kafka-producer-network-thread | producer-1] INFO is.project3.PurchaseEventProducer - Sent purchase event: PurchaseEvent{book_id=1, supplier_id=3, cost=479.0669122434046, quantity=19, timestamp=1778599818890}
[kafka-producer-network-thread | producer-1] INFO is.project3.PurchaseEventProducer - Sent purchase event: PurchaseEvent{book_id=4, supplier_id=1, cost=175.69105420868627, quantity=5, timestamp=1778599818990}
[kafka-producer-network-thread | producer-1] INFO is.project3.PurchaseEventProducer - Sent purchase event: PurchaseEvent{book_id=2, supplier_id=5, cost=14.278275883637845, quantity=6, timestamp=1778599819091}
[kafka-producer-network-thread | producer-1] INFO is.project3.PurchaseEventProducer - Sent purchase event: PurchaseEvent{book_id=2, supplier_id=3, cost=16.065825710490184, quantity=14, timestamp=1778599819191}
[kafka-producer-network-thread | producer-1] INFO is.project3.PurchaseEventProducer - Sent purchase event: PurchaseEvent{book_id=4, supplier_id=2, cost=130.56296902933983, quantity=14, timestamp=1778599819292}
[kafka-producer-network-thread | producer-1] INFO is.project3.PurchaseEventProducer - Sent purchase event: PurchaseEvent{book_id=3, supplier_id=4, cost=33.58078950918417, quantity=20, timestamp=1778599819392}
[kafka-producer-network-thread | producer-1] INFO is.project3.PurchaseEventProducer - Sent purchase event: PurchaseEvent{book_id=4, supplier_id=4, cost=135.71837788687014, quantity=14, timestamp=1778599819492}
[kafka-producer-network-thread | producer-1] INFO is.project3.PurchaseEventProducer - Sent purchase event: PurchaseEvent{book_id=2, supplier_id=2, cost=13.153421790110947, quantity=14, timestamp=1778599819593}
[kafka-producer-network-thread | producer-1] INFO is.project3.PurchaseEventProducer - Sent purchase event: PurchaseEvent{book_id=4, supplier_id=2, cost=150.1311413139883, quantity=16, timestamp=1778599819693}
[kafka-producer-network-thread | producer-1] INFO is.project3.PurchaseEventProducer - Sent purchase event: PurchaseEvent{book_id=3, supplier_id=1, cost=37.21306093348625, quantity=9, timestamp=1778599819794}
[kafka-producer-network-thread | producer-1] INFO is.project3.PurchaseEventProducer - Sent purchase event: PurchaseEvent{book_id=4, supplier_id=2, cost=141.703236763612, quantity=17, timestamp=1778599819894}
[kafka-producer-network-thread | producer-1] INFO is.project3.PurchaseEventProducer - Sent purchase event: PurchaseEvent{book_id=3, supplier_id=2, cost=34.70560060870223, quantity=18, timestamp=1778599819994}
[kafka-producer-network-thread | producer-1] INFO is.project3.PurchaseEventProducer - Sent purchase event: PurchaseEvent{book_id=5, supplier_id=2, cost=2.2086847693791114, quantity=5, timestamp=1778599820095}
[kafka-producer-network-thread | producer-1] INFO is.project3.PurchaseEventProducer - Sent purchase event: PurchaseEvent{book_id=2, supplier_id=2, cost=14.685084095924163, quantity=9, timestamp=1778599820195}
[kafka-producer-network-thread | producer-1] INFO is.project3.PurchaseEventProducer - Sent purchase event: PurchaseEvent{book_id=4, supplier_id=3, cost=143.41158634619978, quantity=18, timestamp=1778599820296}
[kafka-producer-network-thread | producer-1] INFO is.project3.PurchaseEventProducer - Sent purchase event: PurchaseEvent{book_id=4, supplier_id=1, cost=137.572114006528, quantity=7, timestamp=1778599820396}
[kafka-producer-network-thread | producer-1] INFO is.project3.PurchaseEventProducer - Sent purchase event: PurchaseEvent{book_id=4, supplier_id=1, cost=124.66620507799645, quantity=17, timestamp=1778599820497}
[kafka-producer-network-thread | producer-1] INFO is.project3.PurchaseEventProducer - Sent purchase event: PurchaseEvent{book_id=1, supplier_id=2, cost=443.65855843913386, quantity=9, timestamp=1778599820597}
[kafka-producer-network-thread | producer-1] INFO is.project3.PurchaseEventProducer - Sent purchase event: PurchaseEvent{book_id=1, supplier_id=2, cost=554.28432316701, quantity=10, timestamp=1778599820698}
[kafka-producer-network-thread | producer-1] INFO is.project3.PurchaseEventProducer - Sent purchase event: PurchaseEvent{book_id=4, supplier_id=3, cost=151.45861271340954, quantity=14, timestamp=1778599820798}
[kafka-producer-network-thread | producer-1] INFO is.project3.PurchaseEventProducer - Sent purchase event: PurchaseEvent{book_id=3, supplier_id=5, cost=37.624346768526365, quantity=8, timestamp=1778599820899}
[kafka-producer-network-thread | producer-1] INFO is.project3.PurchaseEventProducer - Sent purchase event: PurchaseEvent{book_id=4, supplier_id=4, cost=122.87515336381782, quantity=6, timestamp=1778599820999}
[kafka-producer-network-thread | producer-1] INFO is.project3.PurchaseEventProducer - Sent purchase event: PurchaseEvent{book_id=4, supplier_id=2, cost=149.93813268015379, quantity=1, timestamp=1778599821099}
[kafka-producer-network-thread | producer-1] INFO is.project3.PurchaseEventProducer - Sent purchase event: PurchaseEvent{book_id=3, supplier_id=3, cost=34.27619872979851, quantity=7, timestamp=1778599821200}
[kafka-producer-network-thread | producer-1] INFO is.project3.PurchaseEventProducer - Sent purchase event: PurchaseEvent{book_id=4, supplier_id=4, cost=161.9319078174582, quantity=10, timestamp=1778599821301}
[kafka-producer-network-thread | producer-1] INFO is.project3.PurchaseEventProducer - Sent purchase event: PurchaseEvent{book_id=5, supplier_id=1, cost=2.001865028225293, quantity=3, timestamp=1778599821401}
[kafka-producer-network-thread | producer-1] INFO is.project3.PurchaseEventProducer - Sent purchase event: PurchaseEvent{book_id=1, supplier_id=4, cost=521.7465269979164, quantity=19, timestamp=1778599821501}
[kafka-producer-network-thread | producer-1] INFO is.project3.PurchaseEventProducer - Sent purchase event: PurchaseEvent{book_id=5, supplier_id=2, cost=1.7438253800262096, quantity=16, timestamp=1778599821602}
[kafka-producer-network-thread | producer-1] INFO is.project3.PurchaseEventProducer - Sent purchase event: PurchaseEvent{book_id=1, supplier_id=3, cost=522.655527923326, quantity=19, timestamp=1778599821702}
[kafka-producer-network-thread | producer-1] INFO is.project3.PurchaseEventProducer - Sent purchase event: PurchaseEvent{book_id=2, supplier_id=1, cost=17.91879389507603, quantity=5, timestamp=1778599821803}
[kafka-producer-network-thread | producer-1] INFO is.project3.PurchaseEventProducer - Sent purchase event: PurchaseEvent{book_id=2, supplier_id=4, cost=16.347503249912172, quantity=6, timestamp=1778599821903}
[kafka-producer-network-thread | producer-1] INFO is.project3.PurchaseEventProducer - Sent purchase event: PurchaseEvent{book_id=4, supplier_id=5, cost=146.4984182508264, quantity=9, timestamp=1778599822004}
[kafka-producer-network-thread | producer-1] INFO is.project3.PurchaseEventProducer - Sent purchase event: PurchaseEvent{book_id=2, supplier_id=4, cost=12.178746706590648, quantity=4, timestamp=1778599822104}
[kafka-producer-network-thread | producer-1] INFO is.project3.PurchaseEventProducer - Sent purchase event: PurchaseEvent{book_id=3, supplier_id=2, cost=44.78639890840617, quantity=9, timestamp=1778599822204}
[kafka-producer-network-thread | producer-1] INFO is.project3.PurchaseEventProducer - Sent purchase event: PurchaseEvent{book_id=4, supplier_id=3, cost=165.9324173019818, quantity=9, timestamp=1778599822305}
[kafka-producer-network-thread | producer-1] INFO is.project3.PurchaseEventProducer - Sent purchase event: PurchaseEvent{book_id=1, supplier_id=3, cost=555.1241923953845, quantity=11, timestamp=1778599822405}
[kafka-producer-network-thread | producer-1] INFO is.project3.PurchaseEventProducer - Sent purchase event: PurchaseEvent{book_id=5, supplier_id=3, cost=1.8243716559938843, quantity=13, timestamp=1778599822505}
[kafka-producer-network-thread | producer-1] INFO is.project3.PurchaseEventProducer - Sent purchase event: PurchaseEvent{book_id=3, supplier_id=3, cost=39.39403383142776, quantity=8, timestamp=1778599822606}
[kafka-producer-network-thread | producer-1] INFO is.project3.PurchaseEventProducer - Sent purchase event: PurchaseEvent{book_id=1, supplier_id=1, cost=404.83631496896516, quantity=6, timestamp=1778599822724}
[kafka-producer-network-thread | producer-1] INFO is.project3.PurchaseEventProducer - Sent purchase event: PurchaseEvent{book_id=1, supplier_id=3, cost=517.7857063047823, quantity=17, timestamp=1778599822825}
[kafka-producer-network-thread | producer-1] INFO is.project3.PurchaseEventProducer - Sent purchase event: PurchaseEvent{book_id=2, supplier_id=2, cost=15.379426516899667, quantity=15, timestamp=1778599822925}
[kafka-producer-network-thread | producer-1] INFO is.project3.PurchaseEventProducer - Sent purchase event: PurchaseEvent{book_id=5, supplier_id=3, cost=2.08270497508115, quantity=3, timestamp=1778599823025}
[kafka-producer-network-thread | producer-1] INFO is.project3.PurchaseEventProducer - Sent purchase event: PurchaseEvent{book_id=2, supplier_id=3, cost=15.466172368098107, quantity=12, timestamp=1778599823126}
[kafka-producer-network-thread | producer-1] INFO is.project3.PurchaseEventProducer - Sent purchase event: PurchaseEvent{book_id=5, supplier_id=4, cost=1.9129238543031337, quantity=11, timestamp=1778599823227}
[kafka-producer-network-thread | producer-1] INFO is.project3.PurchaseEventProducer - Sent purchase event: PurchaseEvent{book_id=2, supplier_id=1, cost=17.590060658487925, quantity=7, timestamp=1778599823328}
[kafka-producer-network-thread | producer-1] INFO is.project3.PurchaseEventProducer - Sent purchase event: PurchaseEvent{book_id=5, supplier_id=2, cost=2.0666949234500143, quantity=17, timestamp=1778599823429}
[kafka-producer-network-thread | producer-1] INFO is.project3.PurchaseEventProducer - Sent purchase event: PurchaseEvent{book_id=3, supplier_id=4, cost=33.520446390789694, quantity=12, timestamp=1778599823530}
[kafka-producer-network-thread | producer-1] INFO is.project3.PurchaseEventProducer - Sent purchase event: PurchaseEvent{book_id=2, supplier_id=2, cost=13.85955813070504, quantity=13, timestamp=1778599823631}
[kafka-producer-network-thread | producer-1] INFO is.project3.PurchaseEventProducer - Sent purchase event: PurchaseEvent{book_id=5, supplier_id=4, cost=1.6374633737729114, quantity=9, timestamp=1778599823731}
[kafka-producer-network-thread | producer-1] INFO is.project3.PurchaseEventProducer - Sent purchase event: PurchaseEvent{book_id=3, supplier_id=2, cost=43.942605485393855, quantity=20, timestamp=1778599823832}
[kafka-producer-network-thread | producer-1] INFO is.project3.PurchaseEventProducer - Sent purchase event: PurchaseEvent{book_id=2, supplier_id=5, cost=12.623713984552014, quantity=7, timestamp=1778599823932}
[kafka-producer-network-thread | producer-1] INFO is.project3.PurchaseEventProducer - Sent purchase event: PurchaseEvent{book_id=2, supplier_id=5, cost=14.901442058669124, quantity=8, timestamp=1778599824032}
[kafka-producer-network-thread | producer-1] INFO is.project3.PurchaseEventProducer - Sent purchase event: PurchaseEvent{book_id=5, supplier_id=3, cost=2.056573004399462, quantity=16, timestamp=1778599824133}
[kafka-producer-network-thread | producer-1] INFO is.project3.PurchaseEventProducer - Sent purchase event: PurchaseEvent{book_id=1, supplier_id=4, cost=510.77965540894076, quantity=1, timestamp=1778599824234}
[kafka-producer-network-thread | producer-1] INFO is.project3.PurchaseEventProducer - Sent purchase event: PurchaseEvent{book_id=1, supplier_id=3, cost=461.2878981067533, quantity=15, timestamp=1778599824335}
[kafka-producer-network-thread | producer-1] INFO is.project3.PurchaseEventProducer - Sent purchase event: PurchaseEvent{book_id=4, supplier_id=1, cost=130.28760390532244, quantity=13, timestamp=1778599824435}
[kafka-producer-network-thread | producer-1] INFO is.project3.PurchaseEventProducer - Sent purchase event: PurchaseEvent{book_id=5, supplier_id=3, cost=1.906151836850134, quantity=18, timestamp=1778599824536}
[kafka-producer-network-thread | producer-1] INFO is.project3.PurchaseEventProducer - Sent purchase event: PurchaseEvent{book_id=2, supplier_id=3, cost=16.182815337115652, quantity=4, timestamp=1778599824636}
[kafka-producer-network-thread | producer-1] INFO is.project3.PurchaseEventProducer - Sent purchase event: PurchaseEvent{book_id=2, supplier_id=4, cost=15.201703295457563, quantity=10, timestamp=1778599824736}
[kafka-producer-network-thread | producer-1] INFO is.project3.PurchaseEventProducer - Sent purchase event: PurchaseEvent{book_id=2, supplier_id=1, cost=15.22313201576772, quantity=14, timestamp=1778599824837}
[kafka-producer-network-thread | producer-1] INFO is.project3.PurchaseEventProducer - Sent purchase event: PurchaseEvent{book_id=1, supplier_id=4, cost=595.377610081785, quantity=20, timestamp=1778599824937}
[kafka-producer-network-thread | producer-1] INFO is.project3.PurchaseEventProducer - Sent purchase event: PurchaseEvent{book_id=4, supplier_id=1, cost=151.35740216521484, quantity=20, timestamp=1778599825038}
[kafka-producer-network-thread | producer-1] INFO is.project3.PurchaseEventProducer - Sent purchase event: PurchaseEvent{book_id=5, supplier_id=5, cost=2.3560539846822772, quantity=20, timestamp=1778599825138}
[kafka-producer-network-thread | producer-1] INFO is.project3.PurchaseEventProducer - Sent purchase event: PurchaseEvent{book_id=3, supplier_id=5, cost=45.097507422237314, quantity=15, timestamp=1778599825239}
[kafka-producer-network-thread | producer-1] INFO is.project3.PurchaseEventProducer - Sent purchase event: PurchaseEvent{book_id=2, supplier_id=3, cost=17.198241296469064, quantity=4, timestamp=1778599825339}
[kafka-producer-network-thread | producer-1] INFO is.project3.PurchaseEventProducer - Sent purchase event: PurchaseEvent{book_id=4, supplier_id=2, cost=122.89651236232773, quantity=15, timestamp=1778599825440}
[kafka-producer-network-thread | producer-1] INFO is.project3.PurchaseEventProducer - Sent purchase event: PurchaseEvent{book_id=3, supplier_id=4, cost=39.38532949684679, quantity=11, timestamp=1778599825540}
[kafka-producer-network-thread | producer-1] INFO is.project3.PurchaseEventProducer - Sent purchase event: PurchaseEvent{book_id=4, supplier_id=1, cost=178.9595826549624, quantity=9, timestamp=1778599825641}
[kafka-producer-network-thread | producer-1] INFO is.project3.PurchaseEventProducer - Sent purchase event: PurchaseEvent{book_id=1, supplier_id=5, cost=489.0790584864868, quantity=6, timestamp=1778599825741}
[kafka-producer-network-thread | producer-1] INFO is.project3.PurchaseEventProducer - Sent purchase event: PurchaseEvent{book_id=5, supplier_id=4, cost=1.9712422943376566, quantity=2, timestamp=1778599825842}
[kafka-producer-network-thread | producer-1] INFO is.project3.PurchaseEventProducer - Sent purchase event: PurchaseEvent{book_id=1, supplier_id=1, cost=522.8530941616316, quantity=9, timestamp=1778599825942}
[kafka-producer-network-thread | producer-1] INFO is.project3.PurchaseEventProducer - Sent purchase event: PurchaseEvent{book_id=4, supplier_id=2, cost=163.2212651444623, quantity=15, timestamp=1778599826042}
[kafka-producer-network-thread | producer-1] INFO is.project3.PurchaseEventProducer - Sent purchase event: PurchaseEvent{book_id=2, supplier_id=1, cost=12.701238367714875, quantity=19, timestamp=1778599826143}
[kafka-producer-network-thread | producer-1] INFO is.project3.PurchaseEventProducer - Sent purchase event: PurchaseEvent{book_id=2, supplier_id=1, cost=12.857533069121665, quantity=12, timestamp=1778599826243}
[kafka-producer-network-thread | producer-1] INFO is.project3.PurchaseEventProducer - Sent purchase event: PurchaseEvent{book_id=1, supplier_id=1, cost=552.5187456580834, quantity=4, timestamp=1778599826344}
[kafka-producer-network-thread | producer-1] INFO is.project3.PurchaseEventProducer - Sent purchase event: PurchaseEvent{book_id=3, supplier_id=3, cost=40.45694430205886, quantity=14, timestamp=1778599826444}
[kafka-producer-network-thread | producer-1] INFO is.project3.PurchaseEventProducer - Sent purchase event: PurchaseEvent{book_id=4, supplier_id=3, cost=126.12409710224686, quantity=20, timestamp=1778599826545}
[kafka-producer-network-thread | producer-1] INFO is.project3.PurchaseEventProducer - Sent purchase event: PurchaseEvent{book_id=1, supplier_id=3, cost=565.4915215747274, quantity=5, timestamp=1778599826645}
[kafka-producer-network-thread | producer-1] INFO is.project3.PurchaseEventProducer - Sent purchase event: PurchaseEvent{book_id=2, supplier_id=3, cost=13.9473567680003, quantity=2, timestamp=1778599826746}
[kafka-producer-network-thread | producer-1] INFO is.project3.PurchaseEventProducer - Sent purchase event: PurchaseEvent{book_id=5, supplier_id=5, cost=2.1456390778373877, quantity=3, timestamp=1778599826847}
[kafka-producer-network-thread | producer-1] INFO is.project3.PurchaseEventProducer - Sent purchase event: PurchaseEvent{book_id=5, supplier_id=3, cost=2.3528192643701296, quantity=19, timestamp=1778599826947}
[kafka-producer-network-thread | producer-1] INFO is.project3.PurchaseEventProducer - Sent purchase event: PurchaseEvent{book_id=4, supplier_id=1, cost=131.01514224265168, quantity=6, timestamp=1778599827048}
[kafka-producer-network-thread | producer-1] INFO is.project3.PurchaseEventProducer - Sent purchase event: PurchaseEvent{book_id=3, supplier_id=4, cost=39.13587965389464, quantity=5, timestamp=1778599827149}
[kafka-producer-network-thread | producer-1] INFO is.project3.PurchaseEventProducer - Sent purchase event: PurchaseEvent{book_id=4, supplier_id=5, cost=159.71354458948755, quantity=4, timestamp=1778599827250}
[kafka-producer-network-thread | producer-1] INFO is.project3.PurchaseEventProducer - Sent purchase event: PurchaseEvent{book_id=4, supplier_id=4, cost=146.78333723022098, quantity=4, timestamp=1778599827350}
[kafka-producer-network-thread | producer-1] INFO is.project3.PurchaseEventProducer - Sent purchase event: PurchaseEvent{book_id=1, supplier_id=3, cost=469.2840578979657, quantity=4, timestamp=1778599827451}
[kafka-producer-network-thread | producer-1] INFO is.project3.PurchaseEventProducer - Sent purchase event: PurchaseEvent{book_id=3, supplier_id=2, cost=42.63642927205822, quantity=17, timestamp=1778599827551}
[kafka-producer-network-thread | producer-1] INFO is.project3.PurchaseEventProducer - Sent purchase event: PurchaseEvent{book_id=1, supplier_id=2, cost=477.431691909504, quantity=19, timestamp=1778599827652}
[kafka-producer-network-thread | producer-1] INFO is.project3.PurchaseEventProducer - Sent purchase event: PurchaseEvent{book_id=4, supplier_id=4, cost=160.4084460954083, quantity=2, timestamp=1778599827752}
[kafka-producer-network-thread | producer-1] INFO is.project3.PurchaseEventProducer - Sent purchase event: PurchaseEvent{book_id=4, supplier_id=1, cost=140.10134886223145, quantity=10, timestamp=1778599827853}
[kafka-producer-network-thread | producer-1] INFO is.project3.PurchaseEventProducer - Sent purchase event: PurchaseEvent{book_id=1, supplier_id=1, cost=435.57528409244406, quantity=4, timestamp=1778599827953}
[kafka-producer-network-thread | producer-1] INFO is.project3.PurchaseEventProducer - Sent purchase event: PurchaseEvent{book_id=5, supplier_id=1, cost=2.175766598925261, quantity=20, timestamp=1778599828054}
[kafka-producer-network-thread | producer-1] INFO is.project3.PurchaseEventProducer - Sent purchase event: PurchaseEvent{book_id=5, supplier_id=2, cost=1.7221987371816438, quantity=14, timestamp=1778599828155}
[kafka-producer-network-thread | producer-1] INFO is.project3.PurchaseEventProducer - Sent purchase event: PurchaseEvent{book_id=2, supplier_id=2, cost=14.009867434402555, quantity=1, timestamp=1778599828255}
[kafka-producer-network-thread | producer-1] INFO is.project3.PurchaseEventProducer - Sent purchase event: PurchaseEvent{book_id=4, supplier_id=1, cost=147.1307998031713, quantity=11, timestamp=1778599828356}
[kafka-producer-network-thread | producer-1] INFO is.project3.PurchaseEventProducer - Sent purchase event: PurchaseEvent{book_id=3, supplier_id=5, cost=44.286376587049965, quantity=17, timestamp=1778599828456}
[kafka-producer-network-thread | producer-1] INFO is.project3.PurchaseEventProducer - Sent purchase event: PurchaseEvent{book_id=1, supplier_id=5, cost=447.49693901766346, quantity=1, timestamp=1778599828557}
[kafka-producer-network-thread | producer-1] INFO is.project3.PurchaseEventProducer - Sent purchase event: PurchaseEvent{book_id=1, supplier_id=1, cost=456.4605269441069, quantity=7, timestamp=1778599828657}
[kafka-producer-network-thread | producer-1] INFO is.project3.PurchaseEventProducer - Sent purchase event: PurchaseEvent{book_id=3, supplier_id=3, cost=33.91183286712924, quantity=6, timestamp=1778599828758}
[kafka-producer-network-thread | producer-1] INFO is.project3.PurchaseEventProducer - Sent purchase event: PurchaseEvent{book_id=4, supplier_id=2, cost=156.64093866334017, quantity=5, timestamp=1778599828858}
[kafka-producer-network-thread | producer-1] INFO is.project3.PurchaseEventProducer - Sent purchase event: PurchaseEvent{book_id=3, supplier_id=3, cost=39.07362966481102, quantity=18, timestamp=1778599828959}
[kafka-producer-network-thread | producer-1] INFO is.project3.PurchaseEventProducer - Sent purchase event: PurchaseEvent{book_id=5, supplier_id=1, cost=1.6099032595677485, quantity=7, timestamp=1778599829059}
[kafka-producer-network-thread | producer-1] INFO is.project3.PurchaseEventProducer - Sent purchase event: PurchaseEvent{book_id=5, supplier_id=3, cost=1.939992119725686, quantity=3, timestamp=1778599829159}
[kafka-producer-network-thread | producer-1] INFO is.project3.PurchaseEventProducer - Sent purchase event: PurchaseEvent{book_id=1, supplier_id=5, cost=414.1874910609308, quantity=18, timestamp=1778599829260}
[kafka-producer-network-thread | producer-1] INFO is.project3.PurchaseEventProducer - Sent purchase event: PurchaseEvent{book_id=5, supplier_id=2, cost=1.825751243253457, quantity=3, timestamp=1778599829361}
[kafka-producer-network-thread | producer-1] INFO is.project3.PurchaseEventProducer - Sent purchase event: PurchaseEvent{book_id=2, supplier_id=2, cost=14.622074793685888, quantity=20, timestamp=1778599829461}
[kafka-producer-network-thread | producer-1] INFO is.project3.PurchaseEventProducer - Sent purchase event: PurchaseEvent{book_id=5, supplier_id=2, cost=1.8790831783151505, quantity=9, timestamp=1778599829561}
[kafka-producer-network-thread | producer-1] INFO is.project3.PurchaseEventProducer - Sent purchase event: PurchaseEvent{book_id=3, supplier_id=5, cost=47.5771868809783, quantity=20, timestamp=1778599829662}
[kafka-producer-network-thread | producer-1] INFO is.project3.PurchaseEventProducer - Sent purchase event: PurchaseEvent{book_id=3, supplier_id=5, cost=40.39458610443975, quantity=1, timestamp=1778599829762}
[kafka-producer-network-thread | producer-1] INFO is.project3.PurchaseEventProducer - Sent purchase event: PurchaseEvent{book_id=2, supplier_id=5, cost=17.373296564370413, quantity=20, timestamp=1778599829863}
[kafka-producer-network-thread | producer-1] INFO is.project3.PurchaseEventProducer - Sent purchase event: PurchaseEvent{book_id=5, supplier_id=2, cost=2.289579807202304, quantity=4, timestamp=1778599829963}
[kafka-producer-network-thread | producer-1] INFO is.project3.PurchaseEventProducer - Sent purchase event: PurchaseEvent{book_id=4, supplier_id=4, cost=125.003446641882, quantity=15, timestamp=1778599830064}
[kafka-producer-network-thread | producer-1] INFO is.project3.PurchaseEventProducer - Sent purchase event: PurchaseEvent{book_id=2, supplier_id=2, cost=13.61116474996996, quantity=20, timestamp=1778599830164}
[kafka-producer-network-thread | producer-1] INFO is.project3.PurchaseEventProducer - Sent purchase event: PurchaseEvent{book_id=5, supplier_id=4, cost=1.9977530673131212, quantity=17, timestamp=1778599830265}
[kafka-producer-network-thread | producer-1] INFO is.project3.PurchaseEventProducer - Sent purchase event: PurchaseEvent{book_id=2, supplier_id=4, cost=14.442304045179705, quantity=10, timestamp=1778599830365}
[kafka-producer-network-thread | producer-1] INFO is.project3.PurchaseEventProducer - Sent purchase event: PurchaseEvent{book_id=4, supplier_id=3, cost=137.92251577258472, quantity=4, timestamp=1778599830466}
[kafka-producer-network-thread | producer-1] INFO is.project3.PurchaseEventProducer - Sent purchase event: PurchaseEvent{book_id=1, supplier_id=2, cost=541.7992283312619, quantity=12, timestamp=1778599830566}
[kafka-producer-network-thread | producer-1] INFO is.project3.PurchaseEventProducer - Sent purchase event: PurchaseEvent{book_id=4, supplier_id=4, cost=124.60070262141824, quantity=15, timestamp=1778599830667}
[kafka-producer-network-thread | producer-1] INFO is.project3.PurchaseEventProducer - Sent purchase event: PurchaseEvent{book_id=5, supplier_id=2, cost=1.9930497627621595, quantity=11, timestamp=1778599830767}
[kafka-producer-network-thread | producer-1] INFO is.project3.PurchaseEventProducer - Sent purchase event: PurchaseEvent{book_id=5, supplier_id=1, cost=1.691273648907594, quantity=16, timestamp=1778599830868}
[kafka-producer-network-thread | producer-1] INFO is.project3.PurchaseEventProducer - Sent purchase event: PurchaseEvent{book_id=1, supplier_id=2, cost=459.78705242149687, quantity=9, timestamp=1778599830968}
[kafka-producer-network-thread | producer-1] INFO is.project3.PurchaseEventProducer - Sent purchase event: PurchaseEvent{book_id=3, supplier_id=4, cost=37.76871418920884, quantity=5, timestamp=1778599831068}
[kafka-producer-network-thread | producer-1] INFO is.project3.PurchaseEventProducer - Sent purchase event: PurchaseEvent{book_id=3, supplier_id=3, cost=39.05963529773163, quantity=14, timestamp=1778599831169}
[kafka-producer-network-thread | producer-1] INFO is.project3.PurchaseEventProducer - Sent purchase event: PurchaseEvent{book_id=3, supplier_id=3, cost=36.946295398567386, quantity=6, timestamp=1778599831269}
[kafka-producer-network-thread | producer-1] INFO is.project3.PurchaseEventProducer - Sent purchase event: PurchaseEvent{book_id=2, supplier_id=2, cost=16.643269661721526, quantity=6, timestamp=1778599831369}
[kafka-producer-network-thread | producer-1] INFO is.project3.PurchaseEventProducer - Sent purchase event: PurchaseEvent{book_id=2, supplier_id=5, cost=13.577464743127868, quantity=7, timestamp=1778599831470}
[kafka-producer-network-thread | producer-1] INFO is.project3.PurchaseEventProducer - Sent purchase event: PurchaseEvent{book_id=4, supplier_id=1, cost=161.08414461185967, quantity=12, timestamp=1778599831570}
[kafka-producer-network-thread | producer-1] INFO is.project3.PurchaseEventProducer - Sent purchase event: PurchaseEvent{book_id=3, supplier_id=3, cost=47.78039084512737, quantity=8, timestamp=1778599831671}
[kafka-producer-network-thread | producer-1] INFO is.project3.PurchaseEventProducer - Sent purchase event: PurchaseEvent{book_id=3, supplier_id=3, cost=45.03935042280068, quantity=10, timestamp=1778599831771}
[kafka-producer-network-thread | producer-1] INFO is.project3.PurchaseEventProducer - Sent purchase event: PurchaseEvent{book_id=3, supplier_id=1, cost=39.45073002598473, quantity=12, timestamp=1778599831872}
[kafka-producer-network-thread | producer-1] INFO is.project3.PurchaseEventProducer - Sent purchase event: PurchaseEvent{book_id=3, supplier_id=4, cost=32.05314910725078, quantity=6, timestamp=1778599831972}
[kafka-producer-network-thread | producer-1] INFO is.project3.PurchaseEventProducer - Sent purchase event: PurchaseEvent{book_id=1, supplier_id=3, cost=539.9886809325214, quantity=10, timestamp=1778599832072}
[kafka-producer-network-thread | producer-1] INFO is.project3.PurchaseEventProducer - Sent purchase event: PurchaseEvent{book_id=2, supplier_id=1, cost=12.638725338366973, quantity=5, timestamp=1778599832173}
[kafka-producer-network-thread | producer-1] INFO is.project3.PurchaseEventProducer - Sent purchase event: PurchaseEvent{book_id=3, supplier_id=5, cost=44.73516232946048, quantity=18, timestamp=1778599832273}
[kafka-producer-network-thread | producer-1] INFO is.project3.PurchaseEventProducer - Sent purchase event: PurchaseEvent{book_id=1, supplier_id=3, cost=544.5995905646452, quantity=8, timestamp=1778599832374}
[kafka-producer-network-thread | producer-1] INFO is.project3.PurchaseEventProducer - Sent purchase event: PurchaseEvent{book_id=2, supplier_id=1, cost=14.941077891789627, quantity=19, timestamp=1778599832474}
[kafka-producer-network-thread | producer-1] INFO is.project3.PurchaseEventProducer - Sent purchase event: PurchaseEvent{book_id=1, supplier_id=5, cost=404.4661859135111, quantity=9, timestamp=1778599832575}
[kafka-producer-network-thread | producer-1] INFO is.project3.PurchaseEventProducer - Sent purchase event: PurchaseEvent{book_id=4, supplier_id=4, cost=149.54904038764556, quantity=7, timestamp=1778599832675}
[kafka-producer-network-thread | producer-1] INFO is.project3.PurchaseEventProducer - Sent purchase event: PurchaseEvent{book_id=3, supplier_id=5, cost=44.90654885891882, quantity=4, timestamp=1778599832776}
[kafka-producer-network-thread | producer-1] INFO is.project3.PurchaseEventProducer - Sent purchase event: PurchaseEvent{book_id=2, supplier_id=2, cost=13.001915964570955, quantity=4, timestamp=1778599832876}
[kafka-producer-network-thread | producer-1] INFO is.project3.PurchaseEventProducer - Sent purchase event: PurchaseEvent{book_id=4, supplier_id=4, cost=175.42676362513473, quantity=17, timestamp=1778599832976}
[kafka-producer-network-thread | producer-1] INFO is.project3.PurchaseEventProducer - Sent purchase event: PurchaseEvent{book_id=5, supplier_id=3, cost=1.9931439407910707, quantity=10, timestamp=1778599833077}
[kafka-producer-network-thread | producer-1] INFO is.project3.PurchaseEventProducer - Sent purchase event: PurchaseEvent{book_id=3, supplier_id=3, cost=45.83977687287064, quantity=10, timestamp=1778599833177}
[kafka-producer-network-thread | producer-1] INFO is.project3.PurchaseEventProducer - Sent purchase event: PurchaseEvent{book_id=5, supplier_id=5, cost=1.974195539518885, quantity=10, timestamp=1778599833278}
[kafka-producer-network-thread | producer-1] INFO is.project3.PurchaseEventProducer - Sent purchase event: PurchaseEvent{book_id=3, supplier_id=2, cost=32.71396670318387, quantity=18, timestamp=1778599833378}
[kafka-producer-network-thread | producer-1] INFO is.project3.PurchaseEventProducer - Sent purchase event: PurchaseEvent{book_id=3, supplier_id=4, cost=47.85142759571552, quantity=15, timestamp=1778599833478}
[kafka-producer-network-thread | producer-1] INFO is.project3.PurchaseEventProducer - Sent purchase event: PurchaseEvent{book_id=2, supplier_id=2, cost=15.851920751371557, quantity=5, timestamp=1778599833579}
[kafka-producer-network-thread | producer-1] INFO is.project3.PurchaseEventProducer - Sent purchase event: PurchaseEvent{book_id=5, supplier_id=4, cost=2.016788375512022, quantity=15, timestamp=1778599833679}
[kafka-producer-network-thread | producer-1] INFO is.project3.PurchaseEventProducer - Sent purchase event: PurchaseEvent{book_id=4, supplier_id=4, cost=156.86974226892997, quantity=14, timestamp=1778599833779}
[kafka-producer-network-thread | producer-1] INFO is.project3.PurchaseEventProducer - Sent purchase event: PurchaseEvent{book_id=3, supplier_id=3, cost=32.66080498492621, quantity=3, timestamp=1778599833880}
[kafka-producer-network-thread | producer-1] INFO is.project3.PurchaseEventProducer - Sent purchase event: PurchaseEvent{book_id=3, supplier_id=2, cost=32.88571841454288, quantity=7, timestamp=1778599833980}
[kafka-producer-network-thread | producer-1] INFO is.project3.PurchaseEventProducer - Sent purchase event: PurchaseEvent{book_id=5, supplier_id=3, cost=2.3651171130516615, quantity=14, timestamp=1778599834080}
[kafka-producer-network-thread | producer-1] INFO is.project3.PurchaseEventProducer - Sent purchase event: PurchaseEvent{book_id=3, supplier_id=1, cost=37.67158674224813, quantity=15, timestamp=1778599834181}
[kafka-producer-network-thread | producer-1] INFO is.project3.PurchaseEventProducer - Sent purchase event: PurchaseEvent{book_id=1, supplier_id=2, cost=584.8604297304117, quantity=13, timestamp=1778599834281}
[kafka-producer-network-thread | producer-1] INFO is.project3.PurchaseEventProducer - Sent purchase event: PurchaseEvent{book_id=4, supplier_id=2, cost=132.61093547237894, quantity=2, timestamp=1778599834382}
[kafka-producer-network-thread | producer-1] INFO is.project3.PurchaseEventProducer - Sent purchase event: PurchaseEvent{book_id=2, supplier_id=2, cost=15.467559319149963, quantity=5, timestamp=1778599834482}
[kafka-producer-network-thread | producer-1] INFO is.project3.PurchaseEventProducer - Sent purchase event: PurchaseEvent{book_id=3, supplier_id=3, cost=45.81439683824959, quantity=12, timestamp=1778599834583}
[kafka-producer-network-thread | producer-1] INFO is.project3.PurchaseEventProducer - Sent purchase event: PurchaseEvent{book_id=3, supplier_id=3, cost=46.51051872164946, quantity=14, timestamp=1778599834683}
[kafka-producer-network-thread | producer-1] INFO is.project3.PurchaseEventProducer - Sent purchase event: PurchaseEvent{book_id=1, supplier_id=4, cost=472.8707556131774, quantity=3, timestamp=1778599834783}
[kafka-producer-network-thread | producer-1] INFO is.project3.PurchaseEventProducer - Sent purchase event: PurchaseEvent{book_id=1, supplier_id=3, cost=521.0250343732056, quantity=8, timestamp=1778599834884}
[kafka-producer-network-thread | producer-1] INFO is.project3.PurchaseEventProducer - Sent purchase event: PurchaseEvent{book_id=3, supplier_id=1, cost=47.7673793711617, quantity=6, timestamp=1778599834984}
[kafka-producer-network-thread | producer-1] INFO is.project3.PurchaseEventProducer - Sent purchase event: PurchaseEvent{book_id=3, supplier_id=2, cost=37.115421445856434, quantity=12, timestamp=1778599835084}
[kafka-producer-network-thread | producer-1] INFO is.project3.PurchaseEventProducer - Sent purchase event: PurchaseEvent{book_id=3, supplier_id=2, cost=45.45251907737829, quantity=17, timestamp=1778599835185}
[kafka-producer-network-thread | producer-1] INFO is.project3.PurchaseEventProducer - Sent purchase event: PurchaseEvent{book_id=5, supplier_id=1, cost=1.9550870568054866, quantity=20, timestamp=1778599835285}
[kafka-producer-network-thread | producer-1] INFO is.project3.PurchaseEventProducer - Sent purchase event: PurchaseEvent{book_id=2, supplier_id=1, cost=16.52327735033284, quantity=6, timestamp=1778599835386}
[kafka-producer-network-thread | producer-1] INFO is.project3.PurchaseEventProducer - Sent purchase event: PurchaseEvent{book_id=1, supplier_id=2, cost=419.28762738934967, quantity=3, timestamp=1778599835486}
[kafka-producer-network-thread | producer-1] INFO is.project3.PurchaseEventProducer - Sent purchase event: PurchaseEvent{book_id=5, supplier_id=1, cost=2.1347934890453364, quantity=3, timestamp=1778599835587}
[kafka-producer-network-thread | producer-1] INFO is.project3.PurchaseEventProducer - Sent purchase event: PurchaseEvent{book_id=2, supplier_id=4, cost=17.360257299024056, quantity=5, timestamp=1778599835687}
[kafka-producer-network-thread | producer-1] INFO is.project3.PurchaseEventProducer - Sent purchase event: PurchaseEvent{book_id=2, supplier_id=3, cost=14.328314917814742, quantity=12, timestamp=1778599835788}
[kafka-producer-network-thread | producer-1] INFO is.project3.PurchaseEventProducer - Sent purchase event: PurchaseEvent{book_id=1, supplier_id=2, cost=437.5271199189744, quantity=13, timestamp=1778599835888}
[kafka-producer-network-thread | producer-1] INFO is.project3.PurchaseEventProducer - Sent purchase event: PurchaseEvent{book_id=1, supplier_id=3, cost=586.728205174893, quantity=12, timestamp=1778599835988}
[kafka-producer-network-thread | producer-1] INFO is.project3.PurchaseEventProducer - Sent purchase event: PurchaseEvent{book_id=5, supplier_id=5, cost=2.21600785435458, quantity=14, timestamp=1778599836089}
[kafka-producer-network-thread | producer-1] INFO is.project3.PurchaseEventProducer - Sent purchase event: PurchaseEvent{book_id=2, supplier_id=2, cost=14.89003213975971, quantity=13, timestamp=1778599836189}
[kafka-producer-network-thread | producer-1] INFO is.project3.PurchaseEventProducer - Sent purchase event: PurchaseEvent{book_id=5, supplier_id=5, cost=2.373866579068147, quantity=12, timestamp=1778599836290}
[kafka-producer-network-thread | producer-1] INFO is.project3.PurchaseEventProducer - Sent purchase event: PurchaseEvent{book_id=4, supplier_id=5, cost=159.1269811585777, quantity=15, timestamp=1778599836390}
[kafka-producer-network-thread | producer-1] INFO is.project3.PurchaseEventProducer - Sent purchase event: PurchaseEvent{book_id=2, supplier_id=1, cost=15.191694402021056, quantity=7, timestamp=1778599836491}
[kafka-producer-network-thread | producer-1] INFO is.project3.PurchaseEventProducer - Sent purchase event: PurchaseEvent{book_id=2, supplier_id=3, cost=15.358078640924207, quantity=10, timestamp=1778599836591}
[kafka-producer-network-thread | producer-1] INFO is.project3.PurchaseEventProducer - Sent purchase event: PurchaseEvent{book_id=4, supplier_id=2, cost=159.01257746376768, quantity=5, timestamp=1778599836692}
[kafka-producer-network-thread | producer-1] INFO is.project3.PurchaseEventProducer - Sent purchase event: PurchaseEvent{book_id=5, supplier_id=4, cost=1.988353520517516, quantity=14, timestamp=1778599836792}
[kafka-producer-network-thread | producer-1] INFO is.project3.PurchaseEventProducer - Sent purchase event: PurchaseEvent{book_id=4, supplier_id=1, cost=152.60599046743772, quantity=9, timestamp=1778599836892}
[kafka-producer-network-thread | producer-1] INFO is.project3.PurchaseEventProducer - Sent purchase event: PurchaseEvent{book_id=4, supplier_id=1, cost=159.48735949747314, quantity=19, timestamp=1778599836993}
[kafka-producer-network-thread | producer-1] INFO is.project3.PurchaseEventProducer - Sent purchase event: PurchaseEvent{book_id=4, supplier_id=3, cost=133.35973092246837, quantity=11, timestamp=1778599837093}
[kafka-producer-network-thread | producer-1] INFO is.project3.PurchaseEventProducer - Sent purchase event: PurchaseEvent{book_id=2, supplier_id=5, cost=17.62404960945541, quantity=19, timestamp=1778599837194}
[kafka-producer-network-thread | producer-1] INFO is.project3.PurchaseEventProducer - Sent purchase event: PurchaseEvent{book_id=3, supplier_id=2, cost=44.879405034347684, quantity=2, timestamp=1778599837294}
[kafka-producer-network-thread | producer-1] INFO is.project3.PurchaseEventProducer - Sent purchase event: PurchaseEvent{book_id=5, supplier_id=5, cost=1.8014513977247861, quantity=4, timestamp=1778599837394}
[kafka-producer-network-thread | producer-1] INFO is.project3.PurchaseEventProducer - Sent purchase event: PurchaseEvent{book_id=1, supplier_id=2, cost=549.9830319246952, quantity=18, timestamp=1778599837495}
[kafka-producer-network-thread | producer-1] INFO is.project3.PurchaseEventProducer - Sent purchase event: PurchaseEvent{book_id=3, supplier_id=1, cost=35.89530234738033, quantity=2, timestamp=1778599837595}
[kafka-producer-network-thread | producer-1] INFO is.project3.PurchaseEventProducer - Sent purchase event: PurchaseEvent{book_id=2, supplier_id=5, cost=17.993491108760022, quantity=7, timestamp=1778599837695}
[kafka-producer-network-thread | producer-1] INFO is.project3.PurchaseEventProducer - Sent purchase event: PurchaseEvent{book_id=4, supplier_id=5, cost=145.92614782222253, quantity=19, timestamp=1778599837796}
[kafka-producer-network-thread | producer-1] INFO is.project3.PurchaseEventProducer - Sent purchase event: PurchaseEvent{book_id=3, supplier_id=1, cost=41.280056901183286, quantity=3, timestamp=1778599837896}
[kafka-producer-network-thread | producer-1] INFO is.project3.PurchaseEventProducer - Sent purchase event: PurchaseEvent{book_id=3, supplier_id=3, cost=32.5391432063894, quantity=8, timestamp=1778599837997}
[kafka-producer-network-thread | producer-1] INFO is.project3.PurchaseEventProducer - Sent purchase event: PurchaseEvent{book_id=4, supplier_id=5, cost=151.38517281796413, quantity=4, timestamp=1778599838097}
[kafka-producer-network-thread | producer-1] INFO is.project3.PurchaseEventProducer - Sent purchase event: PurchaseEvent{book_id=2, supplier_id=1, cost=15.816212481726193, quantity=19, timestamp=1778599838197}
[kafka-producer-network-thread | producer-1] INFO is.project3.PurchaseEventProducer - Sent purchase event: PurchaseEvent{book_id=3, supplier_id=1, cost=43.86231835407118, quantity=10, timestamp=1778599838298}
[kafka-producer-network-thread | producer-1] INFO is.project3.PurchaseEventProducer - Sent purchase event: PurchaseEvent{book_id=4, supplier_id=2, cost=171.95085158918894, quantity=5, timestamp=1778599838398}
[kafka-producer-network-thread | producer-1] INFO is.project3.PurchaseEventProducer - Sent purchase event: PurchaseEvent{book_id=1, supplier_id=2, cost=457.9244368772609, quantity=3, timestamp=1778599838498}
[kafka-producer-network-thread | producer-1] INFO is.project3.PurchaseEventProducer - Sent purchase event: PurchaseEvent{book_id=4, supplier_id=4, cost=169.01797033277182, quantity=17, timestamp=1778599838598}
[kafka-producer-network-thread | producer-1] INFO is.project3.PurchaseEventProducer - Sent purchase event: PurchaseEvent{book_id=4, supplier_id=2, cost=130.9318163395142, quantity=7, timestamp=1778599838699}
[kafka-producer-network-thread | producer-1] INFO is.project3.PurchaseEventProducer - Sent purchase event: PurchaseEvent{book_id=2, supplier_id=2, cost=17.03295341697353, quantity=2, timestamp=1778599838799}
[kafka-producer-network-thread | producer-1] INFO is.project3.PurchaseEventProducer - Sent purchase event: PurchaseEvent{book_id=1, supplier_id=5, cost=540.1222218228361, quantity=5, timestamp=1778599838899}
[kafka-producer-network-thread | producer-1] INFO is.project3.PurchaseEventProducer - Sent purchase event: PurchaseEvent{book_id=5, supplier_id=4, cost=2.2371464743772997, quantity=20, timestamp=1778599839000}
[kafka-producer-network-thread | producer-1] INFO is.project3.PurchaseEventProducer - Sent purchase event: PurchaseEvent{book_id=3, supplier_id=1, cost=44.38355825981798, quantity=5, timestamp=1778599839100}
[kafka-producer-network-thread | producer-1] INFO is.project3.PurchaseEventProducer - Sent purchase event: PurchaseEvent{book_id=2, supplier_id=4, cost=17.76592892178413, quantity=13, timestamp=1778599839201}
[kafka-producer-network-thread | producer-1] INFO is.project3.PurchaseEventProducer - Sent purchase event: PurchaseEvent{book_id=1, supplier_id=3, cost=527.3954905309164, quantity=6, timestamp=1778599839301}
[kafka-producer-network-thread | producer-1] INFO is.project3.PurchaseEventProducer - Sent purchase event: PurchaseEvent{book_id=3, supplier_id=2, cost=42.758572472409426, quantity=4, timestamp=1778599839401}
[kafka-producer-network-thread | producer-1] INFO is.project3.PurchaseEventProducer - Sent purchase event: PurchaseEvent{book_id=2, supplier_id=3, cost=16.148422296162433, quantity=17, timestamp=1778599839502}
[kafka-producer-network-thread | producer-1] INFO is.project3.PurchaseEventProducer - Sent purchase event: PurchaseEvent{book_id=2, supplier_id=3, cost=15.707345879531651, quantity=16, timestamp=1778599839602}
[kafka-producer-network-thread | producer-1] INFO is.project3.PurchaseEventProducer - Sent purchase event: PurchaseEvent{book_id=5, supplier_id=3, cost=1.634065351415766, quantity=19, timestamp=1778599839702}
[kafka-producer-network-thread | producer-1] INFO is.project3.PurchaseEventProducer - Sent purchase event: PurchaseEvent{book_id=2, supplier_id=3, cost=16.843704364930776, quantity=12, timestamp=1778599839802}
[kafka-producer-network-thread | producer-1] INFO is.project3.PurchaseEventProducer - Sent purchase event: PurchaseEvent{book_id=4, supplier_id=4, cost=165.61804588272048, quantity=7, timestamp=1778599839903}
[kafka-producer-network-thread | producer-1] INFO is.project3.PurchaseEventProducer - Sent purchase event: PurchaseEvent{book_id=3, supplier_id=5, cost=32.442790552961604, quantity=5, timestamp=1778599840003}
[kafka-producer-network-thread | producer-1] INFO is.project3.PurchaseEventProducer - Sent purchase event: PurchaseEvent{book_id=5, supplier_id=1, cost=2.235612571395035, quantity=18, timestamp=1778599840103}
[kafka-producer-network-thread | producer-1] INFO is.project3.PurchaseEventProducer - Sent purchase event: PurchaseEvent{book_id=1, supplier_id=1, cost=552.1641991976248, quantity=2, timestamp=1778599840204}
[kafka-producer-network-thread | producer-1] INFO is.project3.PurchaseEventProducer - Sent purchase event: PurchaseEvent{book_id=4, supplier_id=1, cost=129.67400526915858, quantity=20, timestamp=1778599840304}
[kafka-producer-network-thread | producer-1] INFO is.project3.PurchaseEventProducer - Sent purchase event: PurchaseEvent{book_id=4, supplier_id=4, cost=164.5112795609721, quantity=9, timestamp=1778599840404}
[kafka-producer-network-thread | producer-1] INFO is.project3.PurchaseEventProducer - Sent purchase event: PurchaseEvent{book_id=2, supplier_id=4, cost=16.998446486485513, quantity=15, timestamp=1778599840505}
[kafka-producer-network-thread | producer-1] INFO is.project3.PurchaseEventProducer - Sent purchase event: PurchaseEvent{book_id=1, supplier_id=3, cost=590.5593383192121, quantity=16, timestamp=1778599840605}
[kafka-producer-network-thread | producer-1] INFO is.project3.PurchaseEventProducer - Sent purchase event: PurchaseEvent{book_id=5, supplier_id=1, cost=2.3164232830164653, quantity=12, timestamp=1778599840706}
[kafka-producer-network-thread | producer-1] INFO is.project3.PurchaseEventProducer - Sent purchase event: PurchaseEvent{book_id=5, supplier_id=1, cost=1.699023464663795, quantity=17, timestamp=1778599840806}
[kafka-producer-network-thread | producer-1] INFO is.project3.PurchaseEventProducer - Sent purchase event: PurchaseEvent{book_id=5, supplier_id=1, cost=2.2447758189175806, quantity=6, timestamp=1778599840906}
[kafka-producer-network-thread | producer-1] INFO is.project3.PurchaseEventProducer - Sent purchase event: PurchaseEvent{book_id=5, supplier_id=2, cost=1.738931227785589, quantity=19, timestamp=1778599841007}
[kafka-producer-network-thread | producer-1] INFO is.project3.PurchaseEventProducer - Sent purchase event: PurchaseEvent{book_id=3, supplier_id=3, cost=35.460211233335194, quantity=2, timestamp=1778599841107}
[kafka-producer-network-thread | producer-1] INFO is.project3.PurchaseEventProducer - Sent purchase event: PurchaseEvent{book_id=4, supplier_id=1, cost=178.4168440102126, quantity=6, timestamp=1778599841207}
[kafka-producer-network-thread | producer-1] INFO is.project3.PurchaseEventProducer - Sent purchase event: PurchaseEvent{book_id=4, supplier_id=4, cost=171.11139112204242, quantity=9, timestamp=1778599841308}
[kafka-producer-network-thread | producer-1] INFO is.project3.PurchaseEventProducer - Sent purchase event: PurchaseEvent{book_id=4, supplier_id=4, cost=170.98909416107102, quantity=12, timestamp=1778599841408}
[kafka-producer-network-thread | producer-1] INFO is.project3.PurchaseEventProducer - Sent purchase event: PurchaseEvent{book_id=3, supplier_id=3, cost=43.865077167770814, quantity=9, timestamp=1778599841509}
[kafka-producer-network-thread | producer-1] INFO is.project3.PurchaseEventProducer - Sent purchase event: PurchaseEvent{book_id=4, supplier_id=3, cost=153.16835846156667, quantity=13, timestamp=1778599841609}
[kafka-producer-network-thread | producer-1] INFO is.project3.PurchaseEventProducer - Sent purchase event: PurchaseEvent{book_id=2, supplier_id=2, cost=13.28761512730886, quantity=15, timestamp=1778599841709}
[kafka-producer-network-thread | producer-1] INFO is.project3.PurchaseEventProducer - Sent purchase event: PurchaseEvent{book_id=2, supplier_id=3, cost=13.234340020467869, quantity=3, timestamp=1778599841810}
[kafka-producer-network-thread | producer-1] INFO is.project3.PurchaseEventProducer - Sent purchase event: PurchaseEvent{book_id=1, supplier_id=2, cost=556.8195999995303, quantity=14, timestamp=1778599841910}
[kafka-producer-network-thread | producer-1] INFO is.project3.PurchaseEventProducer - Sent purchase event: PurchaseEvent{book_id=5, supplier_id=1, cost=2.204799899947815, quantity=3, timestamp=1778599842010}
[kafka-producer-network-thread | producer-1] INFO is.project3.PurchaseEventProducer - Sent purchase event: PurchaseEvent{book_id=2, supplier_id=2, cost=15.084200550445274, quantity=3, timestamp=1778599842111}
[kafka-producer-network-thread | producer-1] INFO is.project3.PurchaseEventProducer - Sent purchase event: PurchaseEvent{book_id=2, supplier_id=5, cost=17.06850646440219, quantity=9, timestamp=1778599842211}
[kafka-producer-network-thread | producer-1] INFO is.project3.PurchaseEventProducer - Sent purchase event: PurchaseEvent{book_id=2, supplier_id=4, cost=12.13486006241197, quantity=1, timestamp=1778599842311}
[kafka-producer-network-thread | producer-1] INFO is.project3.PurchaseEventProducer - Sent purchase event: PurchaseEvent{book_id=2, supplier_id=5, cost=17.85578010330106, quantity=7, timestamp=1778599842411}
[kafka-producer-network-thread | producer-1] INFO is.project3.PurchaseEventProducer - Sent purchase event: PurchaseEvent{book_id=4, supplier_id=3, cost=125.32830483299533, quantity=8, timestamp=1778599842512}
[kafka-producer-network-thread | producer-1] INFO is.project3.PurchaseEventProducer - Sent purchase event: PurchaseEvent{book_id=3, supplier_id=1, cost=39.094987732982304, quantity=19, timestamp=1778599842612}
[kafka-producer-network-thread | producer-1] INFO is.project3.PurchaseEventProducer - Sent purchase event: PurchaseEvent{book_id=3, supplier_id=3, cost=41.95503450372321, quantity=13, timestamp=1778599842712}
[kafka-producer-network-thread | producer-1] INFO is.project3.PurchaseEventProducer - Sent purchase event: PurchaseEvent{book_id=1, supplier_id=4, cost=555.3871083849679, quantity=9, timestamp=1778599842813}
[kafka-producer-network-thread | producer-1] INFO is.project3.PurchaseEventProducer - Sent purchase event: PurchaseEvent{book_id=2, supplier_id=1, cost=15.155572958559667, quantity=10, timestamp=1778599842913}
[kafka-producer-network-thread | producer-1] INFO is.project3.PurchaseEventProducer - Sent purchase event: PurchaseEvent{book_id=1, supplier_id=3, cost=414.5052025125485, quantity=1, timestamp=1778599843013}
[kafka-producer-network-thread | producer-1] INFO is.project3.PurchaseEventProducer - Sent purchase event: PurchaseEvent{book_id=1, supplier_id=2, cost=457.9414907372822, quantity=1, timestamp=1778599843114}
[kafka-producer-network-thread | producer-1] INFO is.project3.PurchaseEventProducer - Sent purchase event: PurchaseEvent{book_id=5, supplier_id=4, cost=1.7054420842511842, quantity=19, timestamp=1778599843214}
[kafka-producer-network-thread | producer-1] INFO is.project3.PurchaseEventProducer - Sent purchase event: PurchaseEvent{book_id=2, supplier_id=1, cost=14.809436520565852, quantity=3, timestamp=1778599843314}
[kafka-producer-network-thread | producer-1] INFO is.project3.PurchaseEventProducer - Sent purchase event: PurchaseEvent{book_id=4, supplier_id=3, cost=145.699913308865, quantity=8, timestamp=1778599843415}
[kafka-producer-network-thread | producer-1] INFO is.project3.PurchaseEventProducer - Sent purchase event: PurchaseEvent{book_id=4, supplier_id=3, cost=129.59717615020799, quantity=9, timestamp=1778599843515}
[kafka-producer-network-thread | producer-1] INFO is.project3.PurchaseEventProducer - Sent purchase event: PurchaseEvent{book_id=2, supplier_id=1, cost=12.387578620731153, quantity=3, timestamp=1778599843615}
[kafka-producer-network-thread | producer-1] INFO is.project3.PurchaseEventProducer - Sent purchase event: PurchaseEvent{book_id=5, supplier_id=4, cost=2.3842586760723075, quantity=19, timestamp=1778599843716}
[main] INFO is.project3.PurchaseEventProducer - Purchase Event Producer finished
[main] INFO org.apache.kafka.clients.producer.KafkaProducer - [Producer clientId=producer-1] Closing the Kafka producer with timeoutMillis = 9223372036854775807 ms.
[main] INFO org.apache.kafka.common.metrics.Metrics - Metrics scheduler closed
[main] INFO org.apache.kafka.common.metrics.Metrics - Closing reporter org.apache.kafka.common.metrics.JmxReporter
[main] INFO org.apache.kafka.common.metrics.Metrics - Metrics reporters closed
[main] INFO org.apache.kafka.common.utils.AppInfoParser - App info kafka.producer for producer-1 unregistered
